iid1	iid2	max_ibd	sum_ibd_8	n_ibd_8	sum_ibd_12	n_ibd_12	sum_ibd_16	n_ibd_16	sum_ibd_20	n_ibd_20	frac_gp1	frac_gp2
RKC029	RKC013	283.7959	3399.336610631211	23	3399.336610631211	23	3399.336610631211	23	3399.336610631211	23	0.8196183774103641	0.8838485112178881
RKF238	RKC031	268.781	3393.5143692713937	22	3393.5143692713937	22	3393.5143692713937	22	3393.5143692713937	22	0.8913144918214723	0.913119695307278
RKF196	RKF195	283.6522	3390.161188355484	22	3390.161188355484	22	3390.161188355484	22	3390.161188355484	22	0.8742133605740734	0.8762816389845257
RKF142	RKC020	283.6522	3388.9591635589445	23	3388.9591635589445	23	3388.9591635589445	23	3388.9591635589445	23	0.8843655808205012	0.9128674662328328
KFJ017	KFJ018	283.6065	3387.165170402546	22	3387.165170402546	22	3387.165170402546	22	3387.165170402546	22	0.8991462045830023	0.9185804547690212
RKF148	RKF182	268.781	3382.774786915787	23	3382.774786915787	23	3382.774786915787	23	3382.774786915787	23	0.8562924848347269	0.8842899120981675
RKF002	RKF142	279.9365	3382.286278200608	21	3382.286278200608	21	3382.286278200608	21	3382.286278200608	21	0.8210308602272584	0.8843655808205012
RKF118	RKF162	283.6522	3375.669994146721	22	3375.669994146721	22	3375.669994146721	22	3375.669994146721	22	0.8588652213940701	0.8697615174101119
RKC029	RKC011	281.96099000000004	3370.393182288742	27	3370.393182288742	27	3370.393182288742	27	3370.393182288742	27	0.8196183774103641	0.8776562874402533
RKF172	RKF052	268.79148000000004	3368.8302488527684	23	3368.8302488527684	23	3368.8302488527684	23	3368.8302488527684	23	0.7945972532253793	0.8246377359918278
KFJ009	KFJ012	283.0235	3361.3078882317195	26	3361.3078882317195	26	3361.3078882317195	26	3361.3078882317195	26	0.722384069211658	0.871350560579118
RKF034	RKF143	268.45309999999995	3352.7545961576843	25	3352.7545961576843	25	3352.7545961576843	25	3352.7545961576843	25	0.8514370751516527	0.8982886257298879
RKF136	RKF237	283.6522	3349.75727581585	22	3349.75727581585	22	3349.75727581585	22	3349.75727581585	22	0.846745614366968	0.8981751226463874
KFJ009	KFJ022	283.3468	3346.2272869117905	25	3346.2272869117905	25	3346.2272869117905	25	3346.2272869117905	25	0.722384069211658	0.9113036459712712
RKF140	RKF142	283.3546	3339.657226901493	26	3339.657226901493	26	3339.657226901493	26	3339.657226901493	26	0.7660953678130478	0.8843655808205012
RKF047	RKF160	283.56571	3337.8929	20	3337.8929	20	3337.8929	20	3337.8929	20	0.8884012460116277	0.8971157605337167
RKF164	RKF185	268.0523	3337.6474822771256	27	3337.6474822771256	27	3324.010682277126	26	3324.010682277126	26	0.7855926752676781	0.8066664144375922
RKF172	RKF175	268.781	3336.9813260511555	28	3336.9813260511555	28	3323.0547246412434	27	3323.0547246412434	27	0.7945972532253793	0.810197621479828
RKC011	RKC028	280.96040000000005	3336.6347000000005	20	3336.6347000000005	20	3336.6347000000005	20	3336.6347000000005	20	0.8776562874402533	0.9073184265950336
RKF199	RKF142	283.6442	3333.056881821136	24	3333.056881821136	24	3333.056881821136	24	3333.056881821136	24	0.8234396478882121	0.8843655808205012
RKC021	RKC018	223.235	3332.8299599108886	22	3332.8299599108886	22	3332.8299599108886	22	3332.8299599108886	22	0.8912388230991386	0.9011262028173987
HNJ012	HNJ010	268.78788	3332.0811857194067	26	3332.0811857194067	26	3332.0811857194067	26	3332.0811857194067	26	0.7849116567666755	0.8756258433909677
RKF047	RKF037	283.60560000000004	3330.276086622971	22	3330.276086622971	22	3330.276086622971	22	3330.276086622971	22	0.8884012460116277	0.8975193270528293
RKF210	RKF213	283.5924	3330.2242952763977	22	3330.2242952763977	22	3316.0418945729675	21	3316.0418945729675	21	0.8723720883306219	0.8949970363083752
RKF155	RKF031	283.56571	3330.1191172525328	21	3330.1191172525328	21	3330.1191172525328	21	3330.1191172525328	21	0.8712748918567843	0.8852357711273379
KFJ041	KFJ045	283.6522	3329.941799226639	21	3329.941799226639	21	3329.941799226639	21	3329.941799226639	21	0.8680841940650499	0.8985156318968888
RKF120	RKF015	283.6522	3329.7482971358336	24	3329.7482971358336	24	3329.7482971358336	24	3329.7482971358336	24	0.8093778769878804	0.8858663438134514
RKF088	RKC021	283.7003	3329.079896627349	21	3329.079896627349	21	3329.079896627349	21	3329.079896627349	21	0.8226829606648759	0.8912388230991386
RKC009	RKC018	268.781	3328.7674803005984	22	3328.7674803005984	22	3328.7674803005984	22	3328.7674803005984	22	0.8899776777269116	0.9011262028173987
RKC028	RKC038	283.6109	3326.9803200000006	20	3326.9803200000006	20	3326.9803200000006	20	3326.9803200000006	20	0.9073184265950336	0.914607846846506
RKC007	RKC009	283.3339	3326.810266124878	21	3326.810266124878	21	3326.810266124878	21	3326.810266124878	21	0.8689669958256088	0.8899776777269116
RKF196	RKF121	283.6109	3321.6851052314382	21	3321.6851052314382	21	3321.6851052314382	21	3321.6851052314382	21	0.8742133605740734	0.8931431526112015
KFJ007	KFJ006	283.2824	3321.587580000001	20	3321.587580000001	20	3321.587580000001	20	3321.587580000001	20	0.8694336196133329	0.9008865851966756
RKC047	RKC039	268.781	3319.621689229088	26	3319.621689229088	26	3319.621689229088	26	3319.621689229088	26	0.8680463597038831	0.9075075984008676
HNJ003	HNJ025	223.2484	3319.4697201295853	24	3319.4697201295853	24	3319.4697201295853	24	3319.4697201295853	24	0.8767987085871388	0.9005460759461743
RKF142	RKC023	279.841	3317.048167557526	21	3317.048167557526	21	3317.048167557526	21	3317.048167557526	21	0.8843655808205012	0.918340837148298
RKF148	RKF147	268.781	3315.9757097725683	22	3315.9757097725683	22	3315.9757097725683	22	3315.9757097725683	22	0.8562924848347269	0.8881237940297378
RKF196	RKF194	283.6442	3313.333912330628	22	3313.333912330628	22	3313.333912330628	22	3313.333912330628	22	0.8742133605740734	0.903333207218796
RKF043	RKF046	268.7948	3311.407861171874	21	3311.407861171874	21	3311.407861171874	21	3311.407861171874	21	0.873683679517738	0.911997275925996
KFJ007	KFJ011	283.6522	3311.2406944248205	20	3311.2406944248205	20	3311.2406944248205	20	3311.2406944248205	20	0.8694336196133329	0.9180633851664082
RKF042	RKF209	283.58910000000003	3307.9190945962523	26	3296.1848950723265	25	3296.1848950723265	25	3296.1848950723265	25	0.8349412936829228	0.8416758099706153
RKC024	RKC012	283.56571	3306.809004975403	22	3306.809004975403	22	3306.809004975403	22	3306.809004975403	22	0.820501179170923	0.8967500283757709
RKF148	RKF237	283.5924	3305.5167033175508	24	3305.5167033175508	24	3305.5167033175508	24	3305.5167033175508	24	0.8562924848347269	0.8981751226463874
RKF010	RKF042	280.8464	3303.4361005687715	26	3303.4361005687715	26	3288.442200568771	25	3288.442200568771	25	0.821850604719206	0.8349412936829228
RKC035	RKC032	268.781	3303.426270664596	21	3303.426270664596	21	3303.426270664596	21	3303.426270664596	21	0.8932692671484243	0.9009748653727316
RKF018	RKF020	268.781	3302.0137879666145	21	3302.0137879666145	21	3302.0137879666145	21	3302.0137879666145	21	0.8558636954081696	0.8534044619323269
RKF120	RKF023	283.6442	3301.964177430294	23	3301.964177430294	23	3301.964177430294	23	3301.964177430294	23	0.8093778769878804	0.8495075227321454
RKF139	RKF157	283.3851	3300.352368964692	21	3300.352368964692	21	3300.352368964692	21	3300.352368964692	21	0.8723973112380664	0.921228860050698
RKF113	RKF116	283.31602	3300.3255862412566	26	3300.3255862412566	26	3300.3255862412566	26	3283.971478384506	25	0.8159484443771834	0.8661294187380979
RKF014	RKC028	280.8649	3300.2627896160966	21	3300.2627896160966	21	3300.2627896160966	21	3300.2627896160966	21	0.8685255949453293	0.9073184265950336
RKF034	RKF213	268.781	3299.3986088959737	21	3299.3986088959737	21	3299.3986088959737	21	3299.3986088959737	21	0.8514370751516527	0.8949970363083752
RKF218	RKF020	283.6522	3297.864411613205	28	3297.864411613205	28	3282.984421989182	27	3282.984421989182	27	0.7906750911177531	0.8534044619323269
RKF042	RKF016	283.6109	3296.2341844230277	21	3296.2341844230277	21	3296.2341844230277	21	3296.2341844230277	21	0.8349412936829228	0.8520802592914886
RKF140	RKF014	283.6442	3296.035382790535	26	3296.035382790535	26	3296.035382790535	26	3296.035382790535	26	0.7660953678130478	0.8685255949453293
RKF010	RKF028	268.81170000000003	3294.732300044373	27	3294.732300044373	27	3294.732300044373	27	3294.732300044373	27	0.821850604719206	0.8328225694575814
RKF153	RKF155	268.781	3291.9992900852967	22	3291.9992900852967	22	3291.9992900852967	22	3291.9992900852967	22	0.8666212654332665	0.8712748918567843
KUP009	KUP018	277.2125	3291.5016727871707	21	3291.5016727871707	21	3291.5016727871707	21	3291.5016727871707	21	0.8417767016003935	0.8882372971132383
RKC024	RKC028	283.3851	3282.107380721741	24	3282.107380721741	24	3282.107380721741	24	3282.107380721741	24	0.820501179170923	0.9073184265950336
RKF140	RKF238	248.3336	3280.2688064883805	29	3280.2688064883805	29	3280.2688064883805	29	3262.43410648838	28	0.7660953678130478	0.8913144918214723
RKF042	RKF142	279.9181	3279.465792690414	25	3279.465792690414	25	3279.465792690414	25	3279.465792690414	25	0.8349412936829228	0.8843655808205012
KFJ039	KFJ029	283.56571	3277.750814965809	29	3277.750814965809	29	3277.750814965809	29	3259.8424149658085	28	0.7446432850314656	0.8771392178376402
RKF140	RKF209	278.9815	3274.7237560936787	30	3256.541064902035	28	3241.4148604113725	27	3241.4148604113725	27	0.7660953678130478	0.8416758099706153
RKF207	RKF147	223.2408	3272.76258581868	24	3272.76258581868	24	3272.76258581868	24	3272.76258581868	24	0.7671925642868853	0.8881237940297378
RKF158	RKF151	268.781	3271.8042694554138	25	3271.8042694554138	25	3259.026666782837	24	3259.026666782837	24	0.7125345238545647	0.8511974575309296
RKF164	RKF181	223.2484	3269.6865853175814	27	3250.864184450501	25	3250.864184450501	25	3232.0373898261723	24	0.7855926752676781	0.834298109543087
RKF172	RKF173	267.9642	3268.9403194961164	22	3268.9403194961164	22	3268.9403194961164	22	3268.9403194961164	22	0.7945972532253793	0.8339071544776967
RKF163	RKF164	283.6109	3262.881364479633	34	3262.881364479633	34	3262.881364479633	34	3262.881364479633	34	0.6917886824814297	0.7855926752676781
RKC035	RKC031	280.8464	3260.1699314665148	20	3260.1699314665148	20	3260.1699314665148	20	3260.1699314665148	20	0.8932692671484243	0.913119695307278
RKF050	RKF175	257.8423023223877	3253.0725719301645	27	3253.0725719301645	27	3253.0725719301645	27	3253.0725719301645	27	0.6935038401876584	0.810197621479828
RKF011	RKF099	223.2374	3250.1904739101983	25	3250.1904739101983	25	3235.358275290356	24	3235.358275290356	24	0.707653891264046	0.7340622753584806
RKF218	RKF042	268.78788	3250.029383388214	26	3250.029383388214	26	3235.643885818176	25	3235.643885818176	25	0.7906750911177531	0.8349412936829228
RKF036	RKF031	283.6109	3249.457285567947	31	3230.212888881393	29	3217.8064800946195	28	3199.755177661606	27	0.7646450506349867	0.8852357711273379
KFJ009	KFJ040	283.3851	3248.672180709831	28	3248.672180709831	28	3248.672180709831	28	3248.672180709831	28	0.722384069211658	0.8897002257450216
RKF207	RKF237	268.781	3248.0387630399773	29	3248.0387630399773	29	3248.0387630399773	29	3210.355466836365	27	0.7671925642868853	0.8981751226463874
RKF067	RKF129	267.8305	3244.965586324798	24	3244.965586324798	24	3244.965586324798	24	3244.965586324798	24	0.7936766171036536	0.8947195843264854
RKF036	RKF153	268.781	3243.014998971188	28	3243.014998971188	28	3243.014998971188	28	3243.014998971188	28	0.7646450506349867	0.8666212654332665
RKC019	RKC020	214.19399	3241.3195858382837	26	3241.3195858382837	26	3225.648885838284	25	3225.648885838284	25	0.751188629513324	0.9128674662328328
RKF105	RKF109	214.237	3240.52926400869	26	3240.52926400869	26	3240.52926400869	26	3221.2302640086905	25	0.7379844374661068	0.862081142093249
RKF185	RKF148	256.55600130558014	3235.174690681953	23	3235.174690681953	23	3235.174690681953	23	3235.174690681953	23	0.8066664144375922	0.8562924848347269
RKF218	RKF198	255.76780140399933	3227.9006259511184	21	3217.3811214039997	20	3217.3811214039997	20	3217.3811214039997	20	0.7906750911177531	0.872283808154566
RKF140	RKF016	222.9065	3223.3586066438447	26	3223.3586066438447	26	3223.3586066438447	26	3223.3586066438447	26	0.7660953678130478	0.8520802592914886
RKF218	RKF028	283.5614	3222.542374508381	23	3222.542374508381	23	3222.542374508381	23	3222.542374508381	23	0.7906750911177531	0.8328225694575814
RKF148	RKF226	283.56571	3219.6305199966737	26	3219.6305199966737	26	3219.6305199966737	26	3219.6305199966737	26	0.8562924848347269	0.8836341165046094
RKF105	RKF117	214.16981	3212.10370592864	28	3202.585404441671	27	3202.585404441671	27	3202.585404441671	27	0.7379844374661068	0.9103325640346562
RKF231	RKF120	283.6442	3209.897580552582	32	3209.897580552582	32	3209.897580552582	32	3191.313686776642	31	0.7193447088645908	0.8093778769878804
RKF201	RKF179	226.0668903589249	3201.8948946897467	31	3201.8948946897467	31	3201.8948946897467	31	3184.167594165036	30	0.7008815406151867	0.8119758364546681
RKF207	RKF226	268.7948	3199.270887916793	26	3199.270887916793	26	3187.011587916794	25	3187.011587916794	25	0.7671925642868853	0.8836341165046094
KFJ009	KFJ017	195.8170890808105	3183.033465582096	34	3183.033465582096	34	3170.2154628812905	33	3170.2154628812905	33	0.722384069211658	0.8991462045830023
RKC019	RKC023	219.118	3182.741582233737	27	3182.741582233737	27	3182.741582233737	27	3182.741582233737	27	0.751188629513324	0.918340837148298
HNJ011	HNJ012	272.18678	3175.4643443196983	41	3166.968047913906	40	3166.968047913906	40	3090.0767493142584	36	0.678660159156546	0.7849116567666755
RKF011	RKF191	177.98509001731873	3173.8285163300743	30	3173.8285163300743	30	3161.4669153300742	29	3161.4669153300742	29	0.707653891264046	0.8717793500056752
RKF013	RKF017	260.5873	3171.3493776497576	32	3159.4811771497566	31	3159.4811771497566	31	3142.5161753282387	30	0.7564223828080663	0.7524245519781065
KFJ005	KFJ006	280.0739	3169.44473647564	23	3169.44473647564	23	3169.44473647564	23	3151.821237439804	22	0.7998562294275661	0.9008865851966756
KFJ009	KFJ010	268.781	3150.4168958221817	26	3139.794096425667	25	3139.794096425667	25	3139.794096425667	25	0.722384069211658	0.8489778416758099
KFJ020	KFJ012	283.4682	3143.272693055115	32	3134.6989940576173	31	3134.6989940576173	31	3134.6989940576173	31	0.6489601856405988	0.871350560579118
RKF201	RKF129	223.2374	3132.447201465874	33	3132.447201465874	33	3105.9542014658737	31	3105.9542014658737	31	0.7008815406151867	0.8947195843264854
RKC027	RKC011	212.0523	3102.108776257453	39	3079.694473431526	37	3066.858172104774	36	2995.2724751691208	32	0.6432219741969657	0.8776562874402533
KFJ028	KFJ024	221.65719270706177	3098.3587605889206	39	3075.409360044754	37	3061.7741597826844	36	3061.7741597826844	36	0.6515833680148311	0.8118118875562786
RKF211	RKF037	268.781	3073.33649346287	35	3073.33649346287	35	3058.174085110972	34	3038.184886664698	33	0.6366892411688295	0.8975193270528293
KFJ020	KFJ043	174.44789999999998	3063.3991107315924	32	3044.8167189927008	30	3029.4550284714605	29	3012.4106273026373	28	0.6489601856405988	0.8834575561524977
RKF064	RKF147	180.88039	3061.520402819004	47	3028.3506087363626	44	3015.496712118473	43	2996.1875132621194	42	0.6012006103943601	0.8881237940297378
RKC033	RKC036	174.4863	3057.030519230791	42	3045.705219490954	41	3045.705219490954	41	3029.677113278338	40	0.5941381963098886	0.7723002030444049
RKC027	RKC010	182.6212	3052.5657979776493	42	3036.2319914629097	40	3009.503292025196	38	2973.246087611782	36	0.6432219741969657	0.901882890040735
RKF081	RKF061	180.90069	3049.2058700113143	39	3049.2058700113143	39	3035.4703670530166	38	3001.793966333733	36	0.6682304869282282	0.7619840338995876
KFJ020	KFJ045	199.41599	3042.8833635092737	39	3031.350163509273	38	3000.355662456989	36	2980.788661591053	35	0.6489601856405988	0.8985156318968888
KFJ020	KFJ022	283.19101	3033.396496386673	43	3003.114100308563	40	2974.6865013286133	38	2935.327503983643	36	0.6489601856405988	0.9113036459712712
KFJ020	KFJ007	234.41541	3027.7698744369504	34	3027.7698744369504	34	3027.7698744369504	34	3009.484671456909	33	0.6489601856405988	0.8694336196133329
RKF190	RKF198	283.36291	3024.2215267878955	32	3012.927826450485	31	2986.703725860733	29	2986.703725860733	29	0.6623535494936501	0.872283808154566
KFJ020	KFJ017	179.5617	3019.6440299051624	45	3011.5865190523486	44	2954.120716946636	40	2936.741713183437	39	0.6489601856405988	0.8991462045830023
RKF040	RKF032	168.2101130485535	2992.6728853352506	48	2982.9036840565645	47	2937.569482005402	44	2881.488699591919	41	0.6047065945291513	0.8903181869774129
RKF211	RKF160	268.781	2990.225673040001	46	2990.225673040001	46	2950.160077532379	43	2930.383673628418	42	0.6366892411688295	0.8971157605337167
RKC033	RKC038	193.1147	2964.1821481731417	48	2945.309159949112	46	2877.431871786404	41	2809.3509696867945	37	0.5941381963098886	0.914607846846506
HNJ016	HNJ015	203.63512	2953.637958986088	50	2944.3020596330607	49	2900.1543655221903	46	2862.0046627926067	44	0.5541598880102909	0.8581715914393452
HNJ016	HNJ026	197.7959	2940.05349272554	55	2930.338591278244	54	2869.8428870803377	50	2852.088588631775	49	0.5541598880102909	0.8908730909411928
KFJ020	KFJ040	166.0872	2936.4779272798155	34	2925.605825496063	33	2925.605825496063	33	2925.605825496063	33	0.6489601856405988	0.8897002257450216
RKC033	RKC030	180.79649	2932.723047053207	53	2923.760850941528	52	2881.6164516607896	49	2828.590851346649	46	0.5941381963098886	0.7986707527776726
HNJ016	HNJ011	186.01069450378412	2914.6124057715265	43	2894.266998047146	41	2850.21179435223	38	2850.21179435223	38	0.5541598880102909	0.678660159156546
RKC033	RKC031	151.6595959663391	2905.1333123586887	59	2881.97741450293	57	2781.643909813523	50	2745.50450503981	48	0.5941381963098886	0.913119695307278
HNJ016	HNJ014	178.6857008934021	2902.807109320312	46	2841.7862051374973	40	2829.076004887348	39	2810.0840100295604	38	0.5541598880102909	0.7933991651217636
RKF040	RKF046	194.7745	2865.60856416637	50	2835.322263984028	47	2793.286562113109	44	2714.982953814808	40	0.6047065945291513	0.911997275925996
RKC033	RKC042	173.97	2858.67535724284	59	2829.146953960674	56	2761.593855760544	51	2655.6104613761595	45	0.5941381963098886	0.9127161287881654
RKC033	RKC002	146.6990977525711	2817.856706522518	59	2786.9393055009423	56	2705.439913706737	50	2601.535102582222	44	0.5941381963098886	0.9120729446483296
RKF147	RKF237	191.57281	2769.6613405892167	37	2760.7867401892167	36	2748.131839638374	35	2731.971539638374	34	0.8881237940297378	0.8981751226463874
KFJ049	KFJ051	183.38369	2717.6176030926817	33	2708.4836055331343	32	2708.4836055331343	32	2708.4836055331343	32	0.7891238823099138	0.8838611226716103
RKF226	RKF147	177.6313	2691.6896934876177	37	2662.920293405982	34	2637.022590336296	32	2637.022590336296	32	0.8836341165046094	0.8881237940297378
KFJ013	KFJ015	268.8072	2658.2867859531552	30	2658.2867859531552	30	2615.106682176056	27	2595.9693831152345	26	0.907621101484368	0.9219603243665896
RKF031	RKF141	283.6522	2595.388999489319	33	2586.275890377533	32	2558.58608823024	30	2539.455190708268	29	0.8852357711273379	0.8961572900508241
RKF053	RKF124	186.9553	2591.6014953737717	35	2551.544496055458	31	2535.654595132682	30	2535.654595132682	30	0.8665203738034883	0.880720870694765
KFJ050	KFJ049	222.2639	2576.138964362999	34	2576.138964362999	34	2560.784855552574	33	2543.9901561221086	32	0.7974600532203348	0.7891238823099138
RKF029	RKF157	231.0575	2571.547142492112	31	2571.547142492112	31	2571.547142492112	31	2517.6524275696106	28	0.88162889536276845	0.921228860050698
RKF031	RKF157	268.781	2558.506665610169	31	2548.4830657471166	30	2548.4830657471166	30	2548.4830657471166	30	0.8852357711273379	0.921228860050698
RKF031	RKF213	223.2357	2551.977723998833	29	2543.411323998833	28	2543.411323998833	28	2505.738422845268	26	0.8852357711273379	0.8949970363083752
RKF016	RKF142	264.40600603818893	2531.138785168362	33	2520.3008845297813	32	2520.3008845297813	32	2501.2447908370023	31	0.8520802592914886	0.8843655808205012
RKF031	RKF029	227.2950917482376	2504.588417434502	31	2482.12470831852	29	2482.12470831852	29	2464.093701267052	28	0.8852357711273379	0.88162889536276845
RKF226	RKF237	172.3668098449707	2487.7283242443004	41	2467.297127554695	39	2437.8168252208634	37	2365.9361122999344	33	0.8836341165046094	0.8981751226463874
RKF156	RKF118	167.9938	2486.820919914898	38	2466.813622518238	36	2454.019127889332	35	2399.4390208962286	32	0.6884592586987502	0.8588652213940701
RKF141	RKF157	204.0167	2485.320201111496	31	2485.320201111496	31	2471.560001111496	30	2471.560001111496	30	0.8961572900508241	0.921228860050698
RKF053	RKF196	196.7307	2478.2513029606857	38	2478.2513029606857	38	2424.1632038292464	34	2352.0735911003644	30	0.8665203738034883	0.8742133605740734
RKF199	RKF002	268.781	2466.1240891993025	37	2446.363292771576	35	2419.0810905277717	33	2382.4696967724303	31	0.8234396478882121	0.8210308602272584
KFJ012	KFJ040	256.8179	2461.536479105484	35	2461.536479105484	35	2432.6921821732635	33	2396.6852811646577	31	0.871350560579118	0.8897002257450216
RKF109	RKF117	232.5525	2458.0575900320077	33	2446.4409904320064	32	2446.4409904320064	32	2429.192979796632	31	0.862081142093249	0.9103325640346562
KFJ030	KFJ053	186.8662	2447.7370836907653	38	2437.528387563827	37	2397.134999292496	34	2397.134999292496	34	0.821383980931482	0.8915036636273063
HNJ011	HNJ026	201.94478	2442.0317761560896	43	2415.761577334068	40	2387.876773419639	38	2336.403966489098	35	0.678660159156546	0.8908730909411928
RKF038	RKF118	157.35549926757812	2417.105634075592	40	2396.2354312958223	38	2382.84913406987	37	2345.03833406987	35	0.7456143669680804	0.8588652213940701
RKC050	RKC046	185.4946	2414.9884785241698	32	2397.855780375633	30	2383.974585784111	29	2383.974585784111	29	0.8533792390248824	0.8943034063536504
KFJ051	KFJ047	169.41310167312622	2402.042080280876	40	2381.296075699425	38	2336.7714850170364	35	2319.9562875492325	34	0.8838611226716103	0.906032058315362
KFJ048	KFJ025	190.9013	2402.0307212137373	35	2392.3390182137373	34	2349.467524341667	31	2330.130704692924	30	0.8704929817260035	0.9016054380588452
RKF029	RKF213	222.174	2395.6453406970218	28	2395.6453406970218	28	2382.4649417559817	27	2364.433934704514	26	0.88162889536276845	0.8949970363083752
RKF099	RKF191	166.63799	2381.213947983467	38	2339.936554404533	34	2310.6977480548017	32	2291.164144054802	31	0.7340622753584806	0.8717793500056752
RKC030	RKC002	170.5935	2377.174600841942	39	2345.4930006288914	36	2332.968000628891	35	2277.198605259361	32	0.7986707527776726	0.9120729446483296
RKF104	RKF192	180.8885	2372.5288999046934	39	2331.415392157044	35	2303.870390349472	33	2247.2249910225983	30	0.8757141235670236	0.8982507913687211
RKF213	RKF157	268.781	2371.9762867156987	28	2371.9762867156987	28	2371.9762867156987	28	2353.795487231446	27	0.8949970363083752	0.921228860050698
KFJ050	KFJ051	214.187	2370.032999974594	35	2341.9373105586624	32	2329.5060108722305	31	2273.813505035744	28	0.7974600532203348	0.8838611226716103
KFJ030	KFJ025	158.3121	2367.7564841406784	40	2338.29428969793	37	2310.6536893950424	35	2291.1469965086903	34	0.821383980931482	0.9016054380588452
KFJ050	KFJ047	176.7349123954773	2358.773401410501	38	2328.049198352524	35	2301.244097352524	33	2282.165497352524	32	0.7974600532203348	0.906032058315362
RKF141	RKF213	200.84429	2351.754998759048	37	2351.754998759048	37	2338.0013987590487	36	2319.820599274796	35	0.8961572900508241	0.8949970363083752
KFJ040	KFJ022	229.8214942216873	2339.3584470676724	35	2320.9032499828418	33	2305.6094491520007	32	2305.6094491520007	32	0.8897002257450216	0.9113036459712712
KFJ040	KFJ017	191.6659	2336.694299118873	24	2326.1927981547087	23	2326.1927981547087	23	2326.1927981547087	23	0.8897002257450216	0.8991462045830023
KFJ049	KFJ047	160.89441776275638	2332.2347482532814	37	2320.925351032669	36	2254.1464509296725	31	2235.3021504211733	30	0.7891238823099138	0.906032058315362
KUP010	KUP011	176.684	2313.0429214934657	35	2303.9000204901045	34	2274.390124450142	32	2274.390124450142	32	0.7572673502074584	0.890557804598136
RKF196	RKF124	267.9724	2312.448321745743	32	2291.0313119152684	30	2291.0313119152684	30	2239.9218014019625	27	0.8742133605740734	0.880720870694765
KFJ048	KFJ053	154.0857017040253	2306.0501161006587	41	2278.553620055523	38	2209.091618606319	33	2155.7938183125875	30	0.8704929817260035	0.8915036636273063
KFJ043	KFJ017	219.6956	2300.3561001682738	19	2300.3561001682738	19	2300.3561001682738	19	2300.3561001682738	19	0.8834575561524977	0.8991462045830023
RKF218	RKF010	223.2374	2295.2280206396717	34	2275.731317491783	32	2261.654217491783	31	2245.479626904167	30	0.7906750911177531	0.821850604719206
RKF121	RKF194	220.8839	2294.359703024208	38	2263.729204583466	35	2235.0181001904607	33	2181.7466957875367	30	0.8931431526112015	0.903333207218796
KFJ012	KFJ022	268.7795	2291.770490251541	30	2280.9629939422607	29	2236.8474831964413	26	2218.1709876443783	25	0.871350560579118	0.9113036459712712
KFJ007	KFJ043	204.0474	2282.468480564972	22	2272.1241779107054	21	2259.616776910705	20	2259.616776910705	20	0.8694336196133329	0.8834575561524977
RKF042	RKF047	180.1861	2274.1962943894027	38	2253.4660939779587	36	2195.741885135872	32	2178.794389198524	31	0.8349412936829228	0.8884012460116277
HNJ015	HNJ026	174.8044	2262.907704099472	33	2262.907704099472	33	2236.992202858932	31	2219.243894677169	30	0.8581715914393452	0.8908730909411928
RKF163	RKF181	177.6817038655281	2242.5789875896394	40	2211.2399835863343	37	2180.50878241446	35	2127.67568722155	32	0.6917886824814297	0.834298109543087
RKC020	RKC023	167.9938	2239.602141338913	29	2229.2372393194123	28	2200.6995486799165	26	2200.6995486799165	26	0.9128674662328328	0.918340837148298
HNJ013	HNJ010	149.0565	2232.5513479950564	45	2222.615946995056	44	2168.66304443959	40	2150.8561448920136	39	0.574439105595702	0.8756258433909677
RKF231	RKF015	176.97989344596866	2230.9721962794342	39	2230.9721962794342	39	2204.571898399261	37	2169.103593955017	35	0.7193447088645908	0.8858663438134514
KFJ023	KFJ013	186.7296	2230.1412614618	30	2230.1412614618	30	2215.2743614618	29	2161.5489635999834	26	0.8580328654484002	0.907621101484368
RKF036	RKF155	184.86309	2224.389783519039	31	2185.393887264584	27	2172.088390095089	26	2155.679195625637	25	0.7646450506349867	0.8712748918567843
RKF156	RKF038	198.4305	2212.1896662807653	35	2169.663567634006	31	2155.870564074893	30	2120.0785672769507	28	0.6884592586987502	0.7456143669680804
RKF052	RKF173	181.64101	2209.3239877920664	43	2158.674994604353	38	2113.6628933421152	35	2096.153695153333	34	0.8246377359918278	0.8339071544776967
RKF029	RKF141	186.0635	2199.605924162941	32	2188.1805243826675	31	2188.1805243826675	31	2171.619421515541	30	0.88162889536276845	0.8961572900508241
RKC051	RKC052	187.43049502372745	2190.209794449768	41	2153.804600623154	37	2096.5653036216736	33	2078.215417681122	32	0.8862951332400085	0.8967121940146041
RKF040	RKF213	165.2246	2170.933727382576	43	2159.9882224787825	42	2129.474724513542	40	2002.73330925132	33	0.6047065945291513	0.8949970363083752
RKF209	RKF142	167.9938	2165.276205451866	36	2143.5647039727173	34	2115.106602573868	32	2039.3869062905276	28	0.8416758099706153	0.8843655808205012
RKC007	RKC017	202.713394165039	2157.2293914219435	42	2106.727692810516	37	2079.37050196312	35	2030.687180487137	32	0.8689669958256088	0.8847565358858915
RKC033	RKC047	130.14320135116574	2155.480457695908	40	2155.480457695908	40	2155.480457695908	40	2136.4517582978665	39	0.5941381963098886	0.8680463597038831
KFJ023	KFJ015	208.9398980140686	2140.0166046941526	34	2117.931295665527	32	2093.191088090393	30	2093.191088090393	30	0.8580328654484002	0.9219603243665896
RKF040	RKF141	115.924	2131.374729633167	52	2059.8963366728094	45	1981.7534384294772	39	1908.6568427249224	35	0.6047065945291513	0.8961572900508241
RKF195	RKF194	203.9627	2127.933100946083	30	2109.937505014076	28	2094.124500043526	27	2094.124500043526	27	0.8762816389845257	0.903333207218796
RKC036	RKC038	195.84590792655945	2122.835412875206	31	2112.47291292289	30	2071.4658167074517	27	2052.1658208082504	26	0.7723002030444049	0.914607846846506
RKF040	RKF031	127.3981	2119.911514003315	40	2098.4491212415355	38	2053.9642272159463	35	2019.2706284686928	33	0.6047065945291513	0.8852357711273379
RKC038	RKC043	218.8606	2117.363991902374	18	2117.363991902374	18	2117.363991902374	18	2097.970291902374	17	0.914607846846506	0.9098785517006546
KFJ012	KFJ017	238.22908	2115.1672111047897	30	2104.2356119646224	29	2076.487104373253	27	2038.927505643669	25	0.871350560579118	0.8991462045830023
RKC031	RKC002	183.7839961051941	2104.40943852108	32	2084.442746788673	30	2071.0109467886737	29	2052.71915153492	28	0.913119695307278	0.9120729446483296
RKF062	RKF176	160.87021	2093.1507011067088	34	2051.594705292576	30	1991.559120544499	26	1973.3849133339572	25	0.6632363512542091	0.7850377713038982
RKF209	RKF016	177.61619	2092.790274533126	36	2051.636581333969	32	2037.235479267929	31	2037.235479267929	31	0.8416758099706153	0.8520802592914886
KFJ053	KFJ025	135.9307885169983	2089.740311513267	36	2089.740311513267	36	2044.9546222745284	33	2044.9546222745284	33	0.8915036636273063	0.9016054380588452
RKF040	RKF029	127.4332	2084.117917263176	40	2065.76331361499	38	2010.9268973704832	34	1974.8695954257507	32	0.6047065945291513	0.88162889536276845
KFJ010	KFJ022	180.90069	2056.828730394905	32	2038.199929758041	30	2022.6185297580407	29	2003.0566250892327	28	0.8489778416758099	0.9113036459712712
KFJ017	KFJ022	158.2029	2048.0670235776083	32	2031.460320176996	30	2016.1539189242496	29	1997.6341179242493	28	0.8991462045830023	0.9113036459712712
KFJ030	KFJ048	157.53390192985538	2036.7578979585	45	1994.5829983804051	41	1868.6281054395488	32	1851.16370610178	31	0.821383980931482	0.8704929817260035
HNJ011	HNJ015	131.82300329208374	2035.199792706276	35	2014.3981918924103	33	1985.559088469864	31	1946.1347886689912	29	0.678660159156546	0.8581715914393452
RKC030	RKC031	211.5515	2034.659253144531	29	2012.3043644711609	27	2012.3043644711609	27	2012.3043644711609	27	0.7986707527776726	0.913119695307278
KUP005	KUP027	173.37970435619354	2031.7556416217003	41	2031.7556416217003	41	2003.217348975292	39	1933.7030570395616	35	0.8391030734112721	0.8822216336877152
RKF195	RKF121	158.9597	2029.7616645110857	39	2029.7616645110857	39	1958.6778622795105	34	1902.8565716672904	31	0.8762816389845257	0.8931431526112015
RKF002	RKF016	151.8185	2028.9410210034675	37	1997.315630732136	34	1981.97693568285	33	1947.3658314395489	31	0.8210308602272584	0.8520802592914886
RKF140	RKC023	191.6474	2024.4876866723555	26	2024.4876866723555	26	2024.4876866723555	26	1967.898187672356	23	0.7660953678130478	0.918340837148298
RKF002	RKF042	210.9086	1996.906490028992	19	1985.550183952942	18	1985.550183952942	18	1985.550183952942	18	0.8210308602272584	0.8349412936829228
RKF158	RKF031	268.781	1983.9349212241743	22	1973.0277212241745	21	1973.0277212241745	21	1973.0277212241745	21	0.7125345238545647	0.8852357711273379
RKF010	RKF142	168.5858	1974.2763118701937	24	1974.2763118701937	24	1974.2763118701937	24	1974.2763118701937	24	0.821850604719206	0.8843655808205012
RKF199	RKF016	141.028	1960.863925984476	37	1926.9767246815952	34	1926.9767246815952	34	1889.24222808812	32	0.8234396478882121	0.8520802592914886
KFJ043	KFJ040	185.2003	1950.482568064453	23	1950.482568064453	23	1950.482568064453	23	1932.215269064453	22	0.8834575561524977	0.8897002257450216
KFJ043	KFJ015	283.60560000000004	1950.3874035414424	18	1938.46471028888	17	1923.4016102888795	16	1905.157415304443	15	0.8834575561524977	0.9219603243665896
RKF028	RKF020	223.2374	1947.8333047157212	22	1939.4457987075727	21	1939.4457987075727	21	1939.4457987075727	21	0.8328225694575814	0.8534044619323269
RKF136	RKF147	135.09540557861328	1932.3155285669784	41	1921.9536285669783	40	1880.8620285065156	37	1846.48142702565	35	0.846745614366968	0.8881237940297378
KFJ010	KFJ040	164.30621000000002	1912.318710573196	34	1885.1979060689928	31	1870.4610093156816	30	1799.311005060127	26	0.8489778416758099	0.8897002257450216
KFJ010	KFJ012	186.0899	1908.4190064316867	31	1856.197396513901	26	1856.197396513901	26	1839.2591035337064	25	0.8489778416758099	0.871350560579118
RKF207	RKF136	245.85981	1906.7228330407104	26	1887.0810383995968	24	1874.901137399597	23	1858.4923363208009	22	0.7671925642868853	0.846745614366968
HNJ016	HNJ012	121.54459953308104	1905.0182678929211	42	1828.7147746182327	34	1801.0747716523056	32	1766.8876693344955	30	0.5541598880102909	0.7849116567666755
KFJ009	KFJ030	223.22261	1898.2093825501631	22	1888.2336869401165	21	1888.2336869401165	21	1870.9055869401168	20	0.722384069211658	0.821383980931482
RKF037	RKF160	128.1336	1881.6988730594787	39	1872.9625730594785	38	1801.743674903122	33	1752.6690964930726	30	0.8975193270528293	0.8971157605337167
RKF040	RKF157	137.6452	1869.1013715392764	38	1818.544163463684	33	1778.7925682042542	30	1759.8839721654358	29	0.6047065945291513	0.921228860050698
RKC036	RKC030	200.7838	1847.5053943053208	29	1819.4723968169176	26	1807.2960917612995	25	1772.381490912148	23	0.7723002030444049	0.7986707527776726
RKF034	RKF157	145.96720000000002	1845.584963957947	31	1833.7766639396364	30	1833.7766639396364	30	1814.702963939636	29	0.8514370751516527	0.921228860050698
KFJ030	KFJ051	138.55800032615662	1839.4657075652865	39	1790.6393209918824	34	1762.227219991882	32	1705.2635014333805	29	0.821383980931482	0.8838611226716103
RKF124	RKF110	189.95609283447263	1833.1539270858648	35	1813.2172224470708	33	1798.1105205961796	32	1798.1105205961796	32	0.880720870694765	0.9016306609662896
RKC050	RKC032	277.5064	1832.200188559753	17	1832.200188559753	17	1818.3618020241088	16	1818.3618020241088	16	0.8533792390248824	0.9009748653727316
KFJ006	KFJ011	212.0184	1829.3437999588928	19	1829.3437999588928	19	1829.3437999588928	19	1791.139897958893	17	0.9008865851966756	0.9180633851664082
KFJ045	KFJ022	164.6974	1828.3838084254376	23	1817.2577074084395	22	1804.16380840844	21	1804.16380840844	21	0.8985156318968888	0.9113036459712712
RKC040	RKC045	202.0586	1823.488129	19	1823.488129	19	1823.488129	19	1823.488129	19	0.8808469852319877	0.9039511684511874
KFJ050	KFJ053	153.07299999999998	1819.194306667709	34	1784.6573066677097	31	1756.953106519127	29	1703.9039035882492	26	0.7974600532203348	0.8915036636273063
RKF064	RKF136	98.89971017837524	1816.229316957218	48	1787.819807154209	45	1731.2855108800238	41	1620.0837064164923	35	0.6012006103943601	0.846745614366968
RKC038	RKC002	162.2044	1813.6844822785035	26	1794.2966887375487	24	1767.2595897375486	22	1767.2595897375486	22	0.914607846846506	0.9120729446483296
RKF016	RKC020	145.9306	1807.9122044650585	37	1786.1335024437026	35	1770.882807691963	34	1702.056408455284	30	0.8520802592914886	0.9128674662328328
RKF032	RKF046	188.8684	1803.5249903035656	27	1785.457791303566	25	1757.5971972099385	23	1719.998199687965	21	0.8903181869774129	0.911997275925996
RKF156	RKF042	210.5297	1801.5089722365492	28	1793.1808801383131	27	1766.0827847212906	25	1709.459993387764	22	0.6884592586987502	0.8349412936829228
RKC046	RKC031	242.3867	1797.9890838036654	19	1797.9890838036654	19	1785.7057828036652	18	1769.1949862567292	17	0.8943034063536504	0.913119695307278
RKF140	RKF199	203.9627	1797.162248063179	25	1797.162248063179	25	1797.162248063179	25	1777.2466553927384	24	0.7660953678130478	0.8234396478882121
KFJ050	KFJ030	163.9439	1784.1723082260285	33	1732.1940121379089	28	1704.5285106780243	26	1684.7102047087865	25	0.7974600532203348	0.821383980931482
KFJ040	KFJ018	186.4346	1783.5088246175233	27	1775.399320617523	26	1775.399320617523	26	1722.0119173641358	23	0.8897002257450216	0.9185804547690212
KFJ010	KFJ017	186.09309196472168	1782.4184900279238	33	1762.8449803347785	31	1750.4320803347782	30	1713.061177755829	28	0.8489778416758099	0.8991462045830023
RKF140	RKC020	174.69539999999998	1772.3137623733862	18	1772.3137623733862	18	1772.3137623733862	18	1754.479062373386	17	0.7660953678130478	0.9128674662328328
RKF050	RKF172	178.99790406227112	1769.686507041035	22	1760.3904116697884	21	1760.3904116697884	21	1760.3904116697884	21	0.6935038401876584	0.7945972532253793
RKF175	RKF052	160.8814	1765.5089779622035	30	1745.5054922825773	28	1729.598490787216	27	1693.117187787216	25	0.810197621479828	0.8246377359918278
KFJ053	KFJ047	240.2788	1762.7638855209582	29	1728.576191621422	26	1728.576191621422	26	1694.1048900242308	24	0.8915036636273063	0.906032058315362
RKF038	RKF042	180.8767	1759.636686154846	24	1759.636686154846	24	1719.3263934111635	21	1700.6541893935246	20	0.7456143669680804	0.8349412936829228
KFJ007	KFJ040	155.3153	1758.5090650992054	27	1758.5090650992054	27	1746.2407650992052	26	1689.88136077372	23	0.8694336196133329	0.8897002257450216
RKC031	RKC042	151.52789	1758.4582774768523	23	1735.9816816966706	21	1696.9246836966704	18	1696.9246836966704	18	0.913119695307278	0.9127161287881654
RKF016	RKF047	144.07479999999998	1756.8847582291717	41	1747.971157784378	40	1675.8474620643312	35	1582.3658617797544	30	0.8520802592914886	0.8884012460116277
KFJ051	KFJ053	115.8681	1755.278185204544	32	1722.0027893572233	29	1722.0027893572233	29	1647.710083040512	25	0.8838611226716103	0.8915036636273063
RKF185	RKF226	208.8781	1746.7404743353577	17	1746.7404743353577	17	1733.8195823353576	16	1733.8195823353576	16	0.8066664144375922	0.8836341165046094
RKF155	RKF029	191.88789	1740.2598390706328	35	1719.171033275917	33	1678.358123672798	30	1625.7534212616956	27	0.8712748918567843	0.88162889536276845
RKF016	RKC023	172.3006010055542	1738.5636061390917	33	1727.375206347374	32	1684.991115240745	29	1667.2754172407456	28	0.8520802592914886	0.918340837148298
RKF013	RKF042	151.23069	1738.0532800202943	24	1738.0532800202943	24	1708.998881011734	22	1708.998881011734	22	0.7564223828080663	0.8349412936829228
RKF062	RKF129	147.6066	1736.6498020893223	45	1679.9208109677622	39	1626.1440226501502	35	1592.477221595646	33	0.6632363512542091	0.8947195843264854
RKF218	RKF016	173.13191	1734.3823164473874	27	1734.3823164473874	27	1719.6549144473877	26	1701.4479124473876	25	0.7906750911177531	0.8520802592914886
RKF113	RKF195	103.67659330368042	1725.2709180741804	42	1702.5867197565076	40	1676.655709656715	38	1620.8410111602554	35	0.8159484443771834	0.8762816389845257
KFJ007	KFJ017	199.46381	1719.315304354813	23	1711.1500044623874	22	1683.972604462387	20	1644.4853023785856	18	0.8694336196133329	0.8991462045830023
RKC035	RKC046	156.7225	1713.2050848351214	35	1704.733488594124	34	1691.856588594124	33	1639.4144940477372	30	0.8932692671484243	0.8943034063536504
RKC029	RKC028	179.80809	1710.5213945109251	19	1700.8735005109252	18	1700.8735005109252	18	1700.8735005109252	18	0.8196183774103641	0.9073184265950336
KFJ007	KFJ022	165.2295	1709.6296897778932	24	1700.473989777893	23	1688.2053897778928	22	1670.8220885198057	21	0.8694336196133329	0.9113036459712712
KFJ034	KFJ029	248.4347	1709.3521443104248	20	1699.4528499340515	19	1684.4092574810486	18	1684.4092574810486	18	0.7307580744832457	0.8771392178376402
RKF133	RKF117	245.6223	1707.4957043177644	16	1695.8289043177642	15	1682.1015016306917	14	1682.1015016306917	14	0.8617406328427478	0.9103325640346562
KFJ007	KFJ045	144.2624	1704.9054749694633	25	1695.7497749694633	24	1666.810470360546	22	1666.810470360546	22	0.8694336196133329	0.8985156318968888
RKC050	RKC035	158.1735	1701.953703234743	35	1690.8708036347427	34	1623.3450041833191	29	1605.2048014226227	28	0.8533792390248824	0.8932692671484243
RKF185	RKF237	214.5122	1700.3749023094329	19	1700.3749023094329	19	1700.3749023094329	19	1700.3749023094329	19	0.8066664144375922	0.8981751226463874
RKF010	RKF016	161.5447	1695.2135090079346	23	1687.002212211136	22	1687.002212211136	22	1647.376406594757	20	0.821850604719206	0.8520802592914886
RKF016	RKF014	127.58020162582396	1692.3121114563216	38	1682.6931109022369	37	1618.54489942305	32	1548.7604906152956	28	0.8520802592914886	0.8685255949453293
RKF064	RKF226	98.628896	1687.89554787133	51	1633.7952355454104	46	1556.30233416642	40	1432.08083490094	33	0.6012006103943601	0.8836341165046094
RKF164	RKF148	199.9206900596619	1687.5856114944306	37	1656.5577073415604	34	1597.7041111550675	30	1564.2574100724562	28	0.7855926752676781	0.8562924848347269
RKF064	RKF148	144.0496	1686.746761122917	37	1624.8931529146578	31	1612.8612579146577	30	1561.2829590929946	27	0.6012006103943601	0.8562924848347269
RKF210	RKF157	259.0817	1680.350695422699	31	1680.350695422699	31	1650.7801993403934	29	1556.5834102976378	24	0.8723720883306219	0.921228860050698
RKF106	RKF183	87.588906	1679.5479336150208	56	1568.194583619766	45	1469.4635812219162	38	1342.912093656807	31	0.6425283442422408	0.912136001916941
KFJ043	KFJ013	199.39309	1678.6618105989376	14	1678.6618105989376	14	1678.6618105989376	14	1678.6618105989376	14	0.8834575561524977	0.907621101484368
KFJ043	KFJ045	210.2046	1676.5422813924256	17	1676.5422813924256	17	1660.8782761128846	16	1623.296380706543	14	0.8834575561524977	0.8985156318968888
RKF014	RKF142	134.2651009559631	1675.1515940246734	32	1652.8941825447237	30	1626.2575891063843	28	1608.3328869388731	27	0.8685255949453293	0.8843655808205012
RKF139	RKF213	122.65000343322754	1674.7889875635642	32	1663.9816879496111	31	1610.5567976262355	27	1591.450099590042	26	0.8723973112380664	0.8949970363083752
RKF014	RKF238	108.1467	1671.685310557198	40	1650.3087067154163	38	1604.6776169088596	35	1551.0547159366838	32	0.8685255949453293	0.8913144918214723
RKF036	RKF213	175.2722	1666.5000025906347	30	1658.432197990635	29	1631.1255101587562	27	1594.4571106745034	25	0.7646450506349867	0.8949970363083752
KFJ049	KFJ053	163.68409	1665.9864523945391	37	1600.721152102882	31	1572.7411523222274	29	1572.7411523222274	29	0.7891238823099138	0.8915036636273063
RKF013	RKF015	113.0633	1665.9642636489257	40	1648.980766482422	38	1537.6933852068637	30	1464.1726713653716	26	0.7564223828080663	0.8858663438134514
RKF053	RKF195	127.53199338912964	1664.4619989028931	40	1633.8656032634738	37	1551.4281984208833	31	1496.3970006891022	28	0.8665203738034883	0.8762816389845257
HNJ014	HNJ015	188.8853	1664.271000181662	28	1643.8674004200286	26	1631.5966004200288	25	1631.5966004200288	25	0.7933991651217636	0.8581715914393452
RKF176	RKF129	142.95960366725922	1663.7462432918812	36	1632.132440282421	33	1617.2580296531485	32	1527.9155152474175	27	0.7850377713038982	0.8947195843264854
RKC035	RKF238	124.5358	1662.9212188188326	26	1642.778812593628	24	1642.778812593628	24	1642.778812593628	24	0.8932692671484243	0.8913144918214723
RKF185	RKF147	170.5528	1662.1327119152834	18	1662.1327119152834	18	1635.346410895996	16	1635.346410895996	16	0.8066664144375922	0.8881237940297378
RKF017	RKF015	150.95769	1660.1286005597306	23	1652.029400559731	22	1636.6899068082048	21	1636.6899068082048	21	0.7524245519781065	0.8858663438134514
RKF016	RKF238	125.2875	1655.708231088234	43	1625.4764363733063	40	1516.9963384408952	32	1482.586237265587	30	0.8520802592914886	0.8913144918214723
RKF098	RKF104	171.36539	1653.7986032440656	34	1632.159208644066	32	1562.8569090722883	27	1543.5959065317	26	0.8645529870228141	0.8757141235670236
KFJ048	KFJ047	159.9213033914566	1649.86663905349	31	1617.5575467139818	28	1577.0200380830613	25	1558.7771380830611	24	0.8704929817260035	0.906032058315362
RKF042	RKF198	259.8099	1645.2862127321548	20	1636.1645086305923	19	1621.1633096305925	18	1585.066497904976	16	0.8349412936829228	0.872283808154566
RKC024	RKF014	278.2074	1644.868326375009	21	1634.265224775009	20	1634.265224775009	20	1601.5734237750091	18	0.820501179170923	0.8685255949453293
RKF136	RKF226	114.37650918960573	1644.3299097329102	39	1625.4630131035767	37	1610.3306097298585	36	1557.7320115930786	33	0.846745614366968	0.8836341165046094
RKC011	RKC043	81.10040426254272	1640.8678100868517	40	1629.9728096868514	39	1617.602414026451	38	1545.8502116964112	34	0.8776562874402533	0.9098785517006546
RKF155	RKF157	166.87341	1637.464125376892	28	1627.424624376892	27	1613.862123900055	26	1578.5399107271423	24	0.8712748918567843	0.921228860050698
KFJ009	KFJ025	161.5769	1636.6085966570888	23	1636.6085966570888	23	1597.8997975197601	20	1597.8997975197601	20	0.722384069211658	0.9016054380588452
RKC047	RKC012	186.96151	1629.4071058230895	17	1621.0159058230893	16	1621.0159058230893	16	1621.0159058230893	16	0.8680463597038831	0.8967500283757709
KFJ050	KFJ048	160.59101	1625.3331369749908	34	1614.6514362685089	33	1586.868835150421	31	1515.6158305066222	27	0.7974600532203348	0.8704929817260035
RKC038	RKC042	142.36019849777222	1623.874596783104	23	1615.3920988525772	22	1615.3920988525772	22	1615.3920988525772	22	0.914607846846506	0.9127161287881654
KFJ012	KFJ045	152.97930240631104	1623.81101076329	25	1613.8076107632903	24	1600.8767109048154	23	1562.772117151001	21	0.871350560579118	0.8985156318968888
RKF042	RKF037	133.62329	1618.0477368409804	42	1580.0375288415603	38	1535.376626818245	35	1444.7895238193437	30	0.8349412936829228	0.8975193270528293
RKF053	RKF121	183.10131	1612.980853200203	31	1604.5295463802872	30	1551.5930238967971	26	1516.8752316242294	24	0.8665203738034883	0.8931431526112015
RKC011	RKC038	203.5146	1610.6579115981597	21	1610.6579115981597	21	1610.6579115981597	21	1594.43491159816	20	0.8776562874402533	0.914607846846506
KFJ020	KFJ018	148.1264	1608.67666232473	30	1600.171270250145	29	1570.243870495621	27	1533.1266808448029	25	0.6489601856405988	0.9185804547690212
KFJ043	KFJ022	166.1348	1607.1003196544552	18	1584.1102122544555	16	1584.1102122544555	16	1584.1102122544555	16	0.8834575561524977	0.9113036459712712
RKC036	RKC031	160.4552000761032	1604.3369296122758	27	1571.8401137951123	24	1556.7440137951128	23	1556.7440137951128	23	0.7723002030444049	0.913119695307278
RKF062	RKF067	157.1909	1602.096585419769	27	1574.9008929026795	24	1574.9008929026795	24	1556.013396908112	23	0.6632363512542091	0.7936766171036536
RKF210	RKF031	175.14780000000002	1601.9129028092498	34	1576.1867935345765	31	1551.459085433304	29	1479.0251848795012	25	0.8723720883306219	0.8852357711273379
KFJ049	KFJ030	154.79059	1600.6749146514817	34	1549.0113981582567	29	1521.0184999324722	27	1483.9437020367814	25	0.7891238823099138	0.821383980931482
KFJ010	KFJ048	128.16590070724487	1600.0946029431916	28	1600.0946029431916	28	1571.0458976269072	26	1533.43748869899	24	0.8489778416758099	0.8704929817260035
RKF156	RKF162	123.73071	1596.210012382145	40	1535.8335345329017	34	1480.1841295114475	30	1443.8538290791969	28	0.6884592586987502	0.8697615174101119
RKF034	RKF031	145.9065	1593.33177109162	27	1584.57337069162	26	1571.4113657439575	25	1554.422778364502	24	0.8514370751516527	0.8852357711273379
RKF210	RKF029	217.60058	1590.6272720179063	24	1572.6163720179063	22	1544.2011748838884	20	1544.2011748838884	20	0.8723720883306219	0.88162889536276845
RKF029	RKF046	108.72669	1589.9327799615248	36	1580.63677995771	35	1565.18747995771	34	1548.4266776887284	33	0.88162889536276845	0.911997275925996
RKF156	RKF191	150.36281	1589.8920126676562	29	1559.8223104413985	26	1533.7270065483092	24	1494.977103107834	22	0.6884592586987502	0.8717793500056752
RKF118	RKF191	164.7787	1586.4259080772645	26	1549.4409108225402	22	1549.4409108225402	22	1549.4409108225402	22	0.8588652213940701	0.8717793500056752
RKF199	RKC020	235.4836	1585.697314121872	21	1573.866814121872	20	1573.866814121872	20	1573.866814121872	20	0.8234396478882121	0.9128674662328328
RKF099	RKF118	150.58348999999998	1579.9067100051343	27	1569.619609928459	26	1532.871011468071	23	1499.535307704109	21	0.7340622753584806	0.8588652213940701
RKF139	RKF029	155.10870218276978	1578.5839047166744	29	1578.5839047166744	29	1534.8831973452452	26	1518.005993345245	25	0.8723973112380664	0.88162889536276845
HNJ012	HNJ026	171.0447	1576.391309429245	30	1576.391309429245	30	1564.163309429245	29	1564.163309429245	29	0.7849116567666755	0.8908730909411928
RKC038	RKC031	184.3734979629517	1574.189104698572	24	1574.189104698572	24	1521.4539167850592	20	1521.4539167850592	20	0.914607846846506	0.913119695307278
RKF031	RKF046	146.24630063772202	1572.7002794456291	36	1562.2010881614497	35	1518.847897292553	32	1445.6663855444301	28	0.8852357711273379	0.911997275925996
RKF042	RKF160	128.7402	1572.6260093890917	38	1501.4340073920366	31	1485.7251078940508	30	1467.507997260201	29	0.8349412936829228	0.8971157605337167
RKF231	RKF017	167.8686	1572.5514835537415	25	1572.5514835537415	25	1557.4013835537414	24	1538.5595805537414	23	0.7193447088645908	0.7524245519781065
RKF036	RKF157	175.2722	1570.4869906166305	30	1561.0778906166306	29	1531.1282881319275	27	1492.7831861319276	25	0.7646450506349867	0.921228860050698
KFJ049	KFJ025	148.3166	1563.1009197976302	31	1554.6648121621326	30	1509.6901031621323	27	1490.6523051150664	26	0.7891238823099138	0.9016054380588452
RKF155	RKF213	164.4004	1563.0308981523744	32	1551.384400902771	31	1521.3638021778336	29	1466.4510057952652	26	0.8712748918567843	0.8949970363083752
RKF028	RKF198	176.2036	1562.563767825876	18	1541.8704682258758	16	1541.8704682258758	16	1541.8704682258758	16	0.8328225694575814	0.872283808154566
RKF182	RKF147	198.45461	1560.968381144165	17	1552.754581144165	16	1537.4024869707337	15	1537.4024869707337	15	0.8842899120981675	0.8881237940297378
RKF139	RKF031	165.054190158844	1559.8777757852554	30	1540.9911738603591	28	1498.4129773347854	25	1443.3856793672562	22	0.8723973112380664	0.8852357711273379
HNJ014	HNJ026	142.853	1558.1960649059602	26	1558.1960649059602	26	1545.518872217972	25	1509.584969007187	23	0.7933991651217636	0.8908730909411928
KFJ051	KFJ025	169.0079	1554.9450334452015	31	1554.9450334452015	31	1528.901242445202	29	1453.5097345833244	25	0.8838611226716103	0.9016054380588452
RKF014	RKC038	173.22030365467072	1552.2939993822097	19	1540.7623963822098	18	1540.7623963822098	18	1540.7623963822098	18	0.8685255949453293	0.914607846846506
RKF032	RKF141	117.44270000000002	1552.2795614770205	33	1552.2795614770205	33	1524.2074614770202	31	1507.6434618241576	30	0.8903181869774129	0.8961572900508241
RKC042	RKC002	186.7834	1550.7229353307496	20	1550.7229353307496	20	1535.0123353307497	19	1535.0123353307497	19	0.9127161287881654	0.9120729446483296
RKF042	RKF191	193.1882	1550.3403939238203	18	1550.3403939238203	18	1550.3403939238203	18	1550.3403939238203	18	0.8349412936829228	0.8717793500056752
RKC030	RKC038	156.4271	1549.3426015677414	28	1527.1704009440384	26	1457.5434942555617	21	1441.0568942141722	20	0.7986707527776726	0.914607846846506
RKC012	RKC028	165.22759	1547.819109554497	35	1528.312214012352	33	1500.043314012352	31	1464.422606801811	29	0.8967500283757709	0.9073184265950336
KFJ049	KFJ048	151.63909494876862	1544.408909476097	33	1523.6317104145123	31	1523.6317104145123	31	1505.8213104145127	30	0.7891238823099138	0.8704929817260035
RKF031	RKF032	102.8515	1543.891816599186	36	1511.0505156348304	33	1482.5741104910926	31	1412.974908802326	27	0.8852357711273379	0.8903181869774129
RKF113	RKF196	214.187	1543.5674028232115	20	1543.5674028232115	20	1527.8216078232117	19	1527.8216078232117	19	0.8159484443771834	0.8742133605740734
RKF061	RKF088	167.9938	1542.849720600952	23	1542.849720600952	23	1542.849720600952	23	1542.849720600952	23	0.7619840338995876	0.8226829606648759
RKC021	RKC039	147.91799	1541.3033015565566	37	1541.3033015565566	37	1500.6016976670917	34	1443.2556006670914	31	0.8912388230991386	0.9075075984008676
RKF175	RKF173	140.9911	1540.2606794850783	24	1509.9523753425367	21	1509.9523753425367	21	1509.9523753425367	21	0.810197621479828	0.8339071544776967
RKF142	RKF047	143.79070000000002	1539.3346792375733	35	1519.8983839171142	33	1453.4354767220232	28	1416.2833830731124	26	0.8843655808205012	0.8884012460116277
RKC012	RKC039	149.8502030968666	1538.686165523901	29	1538.686165523901	29	1493.892065523901	26	1476.1240639675043	25	0.8967500283757709	0.9075075984008676
RKF088	RKC018	132.24111	1538.016113157074	16	1538.016113157074	16	1538.016113157074	16	1538.016113157074	16	0.8226829606648759	0.9011262028173987
RKF139	RKF141	177.01639	1537.330258900009	35	1519.2827711642608	33	1465.4825747561797	29	1445.673275048767	28	0.8723973112380664	0.8961572900508241
RKF034	RKF029	128.16909551620483	1534.88137269252	29	1506.4725745693966	26	1492.7653775693968	25	1456.4801674978023	23	0.8514370751516527	0.88162889536276845
RKF036	RKF141	221.3861048221588	1530.8118761364517	29	1530.8118761364517	29	1502.0455778423843	27	1427.31609227079	23	0.7646450506349867	0.8961572900508241
RKF196	RKF110	182.4944	1530.3177165706636	33	1498.939913777542	30	1469.6465192957914	28	1391.929922421318	24	0.8742133605740734	0.9016306609662896
KFJ030	KFJ047	134.6435010433197	1529.7507599543228	32	1496.3364598481066	29	1450.4636647617722	26	1414.9056645548249	24	0.821383980931482	0.906032058315362
KFJ024	KFJ029	159.2592	1528.829201184395	28	1518.039401184395	27	1491.6758036088258	25	1436.8127977322847	22	0.8118118875562786	0.8771392178376402
RKF081	RKF098	89.94609	1524.18141421537	37	1502.7880197451552	35	1488.1263197451551	34	1472.1006096392591	33	0.6682304869282282	0.8645529870228141
RKF002	RKF209	119.2708	1521.5577828519592	34	1492.8737957042235	31	1450.1649970107574	28	1430.1969999366304	27	0.8210308602272584	0.8416758099706153
RKF040	RKF036	113.4559	1521.293411964479	42	1489.8576123657851	39	1452.4166268916092	36	1356.764031555313	31	0.6047065945291513	0.7646450506349867
RKC047	RKC002	124.60620999336246	1519.3799280485534	37	1471.7353307566073	32	1440.3685265144732	30	1423.727026514473	29	0.8680463597038831	0.9120729446483296
RKF023	RKF015	138.9604091644287	1518.819129235939	34	1483.7185142738572	31	1429.776616485069	27	1394.1477174850693	25	0.8495075227321454	0.8858663438134514
KFJ020	KFJ010	183.5691	1518.8119799549638	24	1510.5802804882585	23	1497.8117794449386	22	1440.3831886309204	19	0.6489601856405988	0.8489778416758099
RKF064	RKF237	93.89739632606506	1516.8995079975891	45	1430.1833099056778	36	1404.6243911911547	34	1255.9068797381478	26	0.6012006103943601	0.8981751226463874
RKF209	RKC023	119.734	1515.350120175354	35	1504.386519175354	34	1446.693616152588	30	1393.3581104286347	27	0.8416758099706153	0.918340837148298
KFJ040	KFJ045	175.3944	1510.341730245884	22	1510.341730245884	22	1495.0888302458843	21	1457.2621371878704	19	0.8897002257450216	0.8985156318968888
RKF141	RKF046	117.44270000000002	1508.6895666902767	38	1489.6186731641997	36	1460.415776506973	34	1350.700380976867	28	0.8961572900508241	0.911997275925996
HNJ013	HNJ012	94.36309337615968	1508.4680081289673	44	1431.6872023846436	36	1389.091309240036	33	1319.352897336655	29	0.574439105595702	0.7849116567666755
RKF199	RKF209	148.7584	1507.7623740803847	34	1465.2817771707	30	1438.6981771264495	28	1402.4230854529574	26	0.8234396478882121	0.8416758099706153
RKF213	RKF046	138.50839	1507.3997083577958	32	1496.4165035161818	31	1467.7864017402724	29	1412.8625970371322	26	0.8949970363083752	0.911997275925996
RKF029	RKF032	127.2699	1507.300658166267	33	1497.1136640904922	32	1467.986960351326	30	1433.134163433601	28	0.88162889536276845	0.8903181869774129
RKF182	RKF237	178.8898	1500.364810464676	18	1491.4873104646758	17	1476.233210464676	16	1476.233210464676	16	0.8842899120981675	0.8981751226463874
RKF209	RKF014	124.3633	1498.3464024488524	37	1467.5060053549803	34	1414.8508032046357	30	1398.5596020899811	29	0.8416758099706153	0.8685255949453293
RKF158	RKF036	98.2548	1495.9295823388138	32	1476.9232813576737	30	1462.1923867920914	29	1443.6390877920912	28	0.7125345238545647	0.7646450506349867
RKF124	RKF194	131.51509761810306	1490.2650072657684	31	1470.9168016316223	29	1455.9140976316223	28	1419.967200539734	26	0.880720870694765	0.903333207218796
RKF036	RKF029	168.08719336986542	1485.903319739998	23	1474.759224080742	22	1474.759224080742	22	1474.759224080742	22	0.7646450506349867	0.88162889536276845
KFJ050	KFJ025	116.55629873275755	1484.119526661484	30	1464.9341238926313	28	1451.9913209865954	27	1416.2195216812515	25	0.7974600532203348	0.9016054380588452
RKC036	RKC042	166.85190200805664	1483.1192947598574	22	1471.3721967908025	21	1471.3721967908025	21	1471.3721967908025	21	0.7723002030444049	0.9127161287881654
RKF231	RKF013	148.35240000000002	1481.371548097353	41	1406.056258779049	33	1325.6276741635097	27	1290.69927440295	25	0.7193447088645908	0.7564223828080663
RKF034	RKF141	97.11480140686037	1475.018001891205	35	1434.2547042668914	31	1418.9473016561126	30	1402.7077062429048	29	0.8514370751516527	0.8961572900508241
RKC021	RKC009	186.0635	1473.817286366272	16	1473.817286366272	16	1459.962282055664	15	1459.962282055664	15	0.8912388230991386	0.8899776777269116
RKF218	RKF142	192.8383	1471.4180958982697	23	1460.5016958982694	22	1445.25100114653	21	1445.25100114653	21	0.7906750911177531	0.8843655808205012
RKF163	RKF185	142.3021	1470.8424982984047	25	1450.3534955341795	23	1450.3534955341795	23	1431.0764965341798	22	0.6917886824814297	0.8066664144375922
KFJ010	KFJ025	100.5982	1470.449184309372	30	1459.2896808494413	29	1404.028777975235	25	1404.028777975235	25	0.8489778416758099	0.9016054380588452
RKC046	RKC032	187.0389	1467.8562081927948	14	1467.8562081927948	14	1467.8562081927948	14	1467.8562081927948	14	0.8943034063536504	0.9009748653727316
RKF210	RKF141	118.10909999999998	1467.1805572506105	36	1439.9859558091584	33	1408.8562558637084	31	1390.8798645482482	30	0.8723720883306219	0.8961572900508241
RKF124	RKF195	139.96611	1465.537983504242	35	1444.9816796383438	33	1444.9816796383438	33	1357.5836863906936	28	0.880720870694765	0.8762816389845257
RKF010	RKF198	104.96819615364078	1461.686487208954	39	1420.5157970193177	35	1365.0013938390043	31	1256.0068923653869	25	0.821850604719206	0.872283808154566
RKC017	RKC009	127.23510265350342	1460.6515180506226	41	1424.0894164506226	37	1309.8587104908754	29	1276.9850894078063	27	0.8847565358858915	0.8899776777269116
KFJ048	KFJ051	179.1296	1460.0587361408614	28	1426.9624459057236	25	1383.9623429057235	22	1345.4841429057235	20	0.8704929817260035	0.8838611226716103
KFJ022	KFJ018	119.12720203399658	1457.9390001194154	26	1446.812899102417	25	1446.812899102417	25	1427.6934039489895	24	0.9113036459712712	0.9185804547690212
RKF040	RKF210	139.2213	1455.5470981283645	38	1426.6820022359848	35	1374.8967946742785	31	1285.1399959300768	26	0.6047065945291513	0.8723720883306219
RKF209	RKF047	143.79070000000002	1455.475691755653	34	1426.7662973430402	31	1413.8524980571517	30	1377.8110952403792	28	0.8416758099706153	0.8884012460116277
KFJ010	KFJ053	100.5982	1452.466372734459	32	1433.1818791729052	30	1404.6929838758545	28	1385.599684963806	27	0.8489778416758099	0.8915036636273063
RKC033	RKF238	155.4958015680313	1450.843050745239	30	1431.077441105301	28	1356.9428378092346	23	1356.9428378092346	23	0.5941381963098886	0.8913144918214723
KFJ034	KFJ024	217.1672	1445.353274202118	18	1434.2515753266907	17	1434.2515753266907	17	1434.2515753266907	17	0.7307580744832457	0.8118118875562786
KFJ009	KFJ018	180.5675	1443.036503788849	19	1433.5396003693545	18	1433.5396003693545	18	1397.617001530548	16	0.722384069211658	0.9185804547690212
RKF038	RKF162	86.68550252914429	1442.5972056204148	37	1412.084610813698	34	1367.1262201686477	31	1292.60672604216	27	0.7456143669680804	0.8697615174101119
RKF034	RKF210	145.55479	1441.231942861595	25	1431.4407428615953	24	1419.1056450718306	23	1401.6982450718308	22	0.8514370751516527	0.8723720883306219
KFJ023	KFJ043	165.25570000000002	1438.9542887007449	16	1408.6080817007446	13	1408.6080817007446	13	1408.6080817007446	13	0.8580328654484002	0.8834575561524977
RKC047	RKC042	102.97640562057497	1437.74615612377	34	1417.4577721630462	32	1405.4108717630463	31	1387.5443707630463	30	0.8680463597038831	0.9127161287881654
RKF155	RKF141	104.0244	1437.207076691452	42	1417.7421815622483	40	1329.060991098564	34	1220.316995223854	28	0.8712748918567843	0.8961572900508241
RKC030	RKC035	173.6578	1436.1102780758652	31	1394.3432918082733	27	1352.2406832761308	24	1332.5685994214557	23	0.7986707527776726	0.8932692671484243
RKC033	RKC039	118.8179	1435.9058016026993	47	1384.469802196434	42	1328.3121089295655	38	1224.6328100144883	32	0.5941381963098886	0.9075075984008676
RKF124	RKF121	165.52501	1432.3875134160307	29	1395.2797164425049	25	1395.2797164425049	25	1378.9091100200806	24	0.880720870694765	0.8931431526112015
RKC033	RKC035	121.326	1430.2536304235955	39	1370.102130913784	33	1302.3624266323586	28	1224.8288303178904	24	0.5941381963098886	0.8932692671484243
RKF113	RKF121	147.4504	1430.207765667877	38	1358.93908437059	31	1317.2313823837735	28	1211.6013986576995	22	0.8159484443771834	0.8931431526112015
RKF010	RKF020	105.27241230010986	1427.0378191148757	36	1405.6589207056045	34	1324.2370111872938	28	1305.3560120990064	27	0.821850604719206	0.8534044619323269
RKF200	RKF115	118.81149411201476	1426.359853317559	36	1389.1461527103882	32	1317.3150603008958	27	1261.2962603008957	24	0.664863228784382	0.7747846594276923
RKC050	RKC031	169.40839	1424.5803698146362	15	1412.650977	14	1400.207976	13	1400.207976	13	0.8533792390248824	0.913119695307278
KFJ025	KFJ047	141.34360551834106	1422.923150633074	31	1400.4873543276535	29	1374.8746543276536	27	1321.2211543215506	24	0.9016054380588452	0.906032058315362
RKC024	RKC011	204.0167	1422.7310232373352	14	1422.7310232373352	14	1422.7310232373352	14	1422.7310232373352	14	0.820501179170923	0.8776562874402533
RKF020	RKF198	142.67610311508182	1422.6143895931853	23	1402.2569975931854	21	1387.218297593185	20	1387.218297593185	20	0.8534044619323269	0.872283808154566
RKF099	RKF042	120.3066	1422.4593487153509	22	1393.3827480172613	19	1364.9781473045805	17	1346.8692429428556	16	0.7340622753584806	0.8349412936829228
RKC030	RKC047	123.4582	1421.368893680267	36	1362.9747924181747	30	1316.2592825266647	27	1259.1184844803618	24	0.7986707527776726	0.8680463597038831
RKC045	RKC038	208.7914	1419.7522985070038	17	1407.9154985070038	16	1407.9154985070038	16	1407.9154985070038	16	0.9039511684511874	0.914607846846506
RKF231	RKF023	115.24089574813846	1415.0061916525726	34	1383.5086896736298	31	1340.1379897911222	28	1304.028494539566	26	0.7193447088645908	0.8495075227321454
RKF010	RKF023	202.5477	1414.6331822786024	15	1414.6331822786024	15	1414.6331822786024	15	1381.4740931901624	13	0.821850604719206	0.8495075227321454
RKF182	RKF226	157.79909999999998	1413.1233558814697	19	1413.1233558814697	19	1413.1233558814697	19	1413.1233558814697	19	0.8842899120981675	0.8836341165046094
RKF053	RKF110	128.17950248718262	1411.4708170050658	35	1362.9318102950135	30	1318.6645072488557	27	1282.3154073743592	25	0.8665203738034883	0.9016306609662896
KFJ030	KFJ022	109.91519689559937	1410.68979128846	31	1382.097094502533	28	1339.7922010133668	25	1305.4218940606995	23	0.821383980931482	0.9113036459712712
RKC047	RKC031	129.98149	1410.1638059735474	30	1392.4759074439453	28	1335.0945038611756	24	1280.1164073760376	21	0.8680463597038831	0.913119695307278
KFJ012	KFJ053	127.05361	1409.110591032974	26	1377.645394150772	23	1377.645394150772	23	1358.4831922693634	22	0.871350560579118	0.8915036636273063
KFJ012	KFJ043	200.3031	1408.4092361275482	18	1408.4092361275482	18	1408.4092361275482	18	1372.4535311275483	16	0.871350560579118	0.8834575561524977
RKF201	RKF067	164.1846	1408.285379246567	24	1375.9618818054198	21	1363.3885798054198	20	1363.3885798054198	20	0.7008815406151867	0.7936766171036536
RKF185	RKF181	138.33599999999998	1406.3383966393624	22	1396.0870966393622	21	1382.0036966393625	20	1362.3039919922985	19	0.8066664144375922	0.834298109543087
RKF061	RKF098	204.3691	1406.2851890079269	18	1397.3561897031557	17	1382.6254977933654	16	1365.7817977933655	15	0.7619840338995876	0.8645529870228141
RKF067	RKF176	150.1438021659851	1404.019809200394	20	1404.019809200394	20	1388.4060092003938	19	1352.1303102003938	17	0.7936766171036536	0.7850377713038982
RKC047	RKC038	118.8205	1402.1975856093215	32	1375.354592111473	29	1347.075293567543	27	1330.9832911757278	26	0.8680463597038831	0.914607846846506
RKF199	RKC023	158.6077	1401.6585416581113	26	1391.28874013681	25	1339.9342384087524	21	1302.2600354087524	19	0.8234396478882121	0.918340837148298
RKF199	RKF167	103.47520112991332	1398.4757957970369	35	1375.4697037968904	33	1288.0659169358978	27	1288.0659169358978	27	0.8234396478882121	0.8551952883608893
KFJ053	KFJ022	143.98619532585144	1397.5150066110157	29	1386.088507125046	28	1373.1661071250458	27	1338.3802061250458	25	0.8915036636273063	0.9113036459712712
RKF053	RKF194	108.56919	1396.5340705310423	33	1367.2698678477327	30	1327.048391292862	27	1276.443100441391	24	0.8665203738034883	0.903333207218796
RKC036	RKC047	124.29550886154178	1396.5164556900177	37	1343.467374126068	32	1330.519671718231	31	1274.3914765609893	28	0.7723002030444049	0.8680463597038831
RKC030	RKF238	131.19999	1394.7791316854157	28	1374.696727968918	26	1317.935442139374	22	1301.1567461393738	21	0.7986707527776726	0.8913144918214723
KFJ009	KFJ053	185.7978	1394.68240184523	18	1394.68240184523	18	1381.7505018452302	17	1381.7505018452302	17	0.722384069211658	0.8915036636273063
RKF144	RKF013	162.3496	1393.4330615103302	24	1393.4330615103302	24	1393.4330615103302	24	1358.6718635063933	22	0.5732410174920863	0.7564223828080663
RKF218	RKF047	84.75799560546875	1391.1883461954408	41	1338.535544680191	36	1280.934326693344	32	1205.0630259960176	28	0.7906750911177531	0.8884012460116277
RKF113	RKF194	106.12681	1381.8431955391925	33	1373.8111954743424	32	1357.8725914743427	31	1264.121789800934	26	0.8159484443771834	0.903333207218796
RKF010	RKF047	136.878502368927	1379.680923341302	35	1330.0347228914566	30	1286.5185278778151	27	1191.9212144658889	22	0.821850604719206	0.8884012460116277
RKF142	RKF238	98.8010048866272	1373.0873841059492	41	1354.972382189064	39	1257.2053948916473	32	1152.3648957186738	26	0.8843655808205012	0.8913144918214723
KFJ043	KFJ018	147.726	1365.692116401062	18	1365.692116401062	18	1353.153114401062	17	1353.153114401062	17	0.8834575561524977	0.9185804547690212
RKF158	RKF155	104.82710003852844	1364.7357961007142	31	1355.5275967007142	30	1311.5033914928897	27	1256.14709157901	24	0.7125345238545647	0.8712748918567843
RKF002	RKC023	132.3048	1363.560400878418	26	1352.86120024823	25	1340.723703776825	24	1303.457603776825	22	0.8210308602272584	0.918340837148298
RKF002	RKF167	102.15509533882138	1359.942762023361	36	1350.392059451492	35	1281.566468840988	30	1226.9741577728576	27	0.8210308602272584	0.8551952883608893
RKF156	RKF099	102.9765	1359.1711864005204	28	1314.979479964363	24	1314.979479964363	24	1298.482982964363	23	0.6884592586987502	0.7340622753584806
KFJ020	KFJ015	113.00379633903503	1357.1400697804145	45	1278.4213970413398	37	1165.13270470998	29	1089.7037079480629	25	0.6489601856405988	0.9219603243665896
RKC036	RKC028	114.8886	1352.956971819969	29	1342.425072819969	28	1328.7942748199691	27	1274.0783791376114	24	0.7723002030444049	0.9073184265950336
RKC035	RKC002	105.5897057056427	1351.250084181141	36	1302.9998799301338	31	1259.456178897663	28	1243.21117883329	27	0.8932692671484243	0.9120729446483296
RKC027	RKC029	128.3363	1349.963096946144	31	1309.1985982355118	27	1296.4085982355118	26	1259.799800923729	24	0.6432219741969657	0.8196183774103641
RKF081	RKF088	119.8748	1348.2899456995558	39	1310.1504346151198	35	1250.723127175171	31	1140.608221452408	25	0.6682304869282282	0.8226829606648759
KFJ012	KFJ025	99.53129291534424	1346.9729102813262	28	1338.9045036994476	27	1296.3745084200896	24	1221.0577153152772	20	0.871350560579118	0.9016054380588452
RKF042	RKC020	189.3733	1335.061732104271	16	1317.0054276042708	14	1317.0054276042708	14	1297.9197346042708	13	0.8349412936829228	0.9128674662328328
RKF014	RKC011	148.172	1332.986289756134	23	1332.986289756134	23	1305.0532896777192	21	1266.9142909411469	19	0.8685255949453293	0.8776562874402533
KFJ030	KFJ010	150.6536900997162	1329.8572777089844	25	1329.8572777089844	25	1284.8316824193726	22	1284.8316824193726	22	0.821383980931482	0.8489778416758099
RKF199	RKF042	217.3376	1329.5575919867783	16	1319.0424981833726	15	1319.0424981833726	15	1299.1240981833726	14	0.8234396478882121	0.8349412936829228
RKC045	RKC043	155.4936	1327.312279722992	20	1327.312279722992	20	1327.312279722992	20	1309.915478012863	19	0.9039511684511874	0.9098785517006546
RKF010	RKF209	143.196	1319.0502757116622	21	1319.0502757116622	21	1277.939583388359	18	1258.0934833883591	17	0.821850604719206	0.8416758099706153
KFJ012	KFJ018	117.34339594841003	1318.2794789466705	26	1307.2932789466704	25	1281.217271588852	23	1261.5129714236757	22	0.871350560579118	0.9185804547690212
RKF042	RKF020	180.8767	1313.0570162019349	17	1313.0570162019349	17	1313.0570162019349	17	1296.9813097200013	16	0.8349412936829228	0.8534044619323269
RKF038	RKF191	121.32260203361513	1312.403541572754	29	1285.9969483365935	26	1257.7475473365937	24	1238.8351425609742	23	0.7456143669680804	0.8717793500056752
KFJ012	KFJ007	140.5933	1310.3360934448854	25	1300.0021944448852	24	1284.7334990904235	23	1212.3030807066343	19	0.871350560579118	0.8694336196133329
RKF042	RKF118	184.9867	1304.683996546158	21	1295.5757988571015	20	1280.148400175461	19	1261.4972001754609	18	0.8349412936829228	0.8588652213940701
KFJ017	KFJ045	209.89861	1301.537203608387	18	1301.537203608387	18	1301.537203608387	18	1267.6183941128425	16	0.8991462045830023	0.8985156318968888
RKF238	RKC002	183.7441086769104	1297.5336844225542	30	1276.591288641304	28	1233.7491884517135	25	1215.653993158287	24	0.8913144918214723	0.9120729446483296
RKF032	RKF213	146.04089	1294.9053718348237	28	1286.3951718348237	27	1272.1659698348235	26	1215.3006658457948	23	0.8903181869774129	0.8949970363083752
KFJ030	KFJ012	99.76639747619627	1289.195210267456	32	1233.5165029116592	27	1233.5165029116592	27	1144.220401036659	22	0.821383980931482	0.871350560579118
KFJ020	KFJ006	150.7860004901886	1288.178912685257	20	1277.854012685257	19	1233.4489068022308	16	1233.4489068022308	16	0.6489601856405988	0.9008865851966756
RKF209	RKC020	109.9772	1288.1015022828915	33	1270.1284960031371	31	1245.1960846746824	29	1151.9480870708314	24	0.8416758099706153	0.9128674662328328
RKF158	RKF153	186.0252	1282.9579912978363	18	1274.7726882978363	17	1274.7726882978363	17	1274.7726882978363	17	0.7125345238545647	0.8666212654332665
KFJ038	KFJ036	172.6962	1282.6891530659066	22	1254.2204540164223	19	1254.2204540164223	19	1254.2204540164223	19	0.8908226451263037	0.8957537235317115
RKF040	RKF034	104.3862	1282.157920365448	37	1229.9562136506045	32	1186.670402703186	29	1151.6967992161713	27	0.6047065945291513	0.8514370751516527
RKF040	RKF155	105.2837	1278.410140897972	44	1203.9961292471007	37	1117.574416050598	31	1026.021125550888	26	0.6047065945291513	0.8712748918567843
KFJ012	KFJ048	99.76639747619627	1272.8813734925536	31	1239.9496761239318	28	1226.3130870736388	27	1152.5449748794097	23	0.871350560579118	0.8704929817260035
RKF046	RKF157	94.31880712509157	1264.1330922868196	32	1230.798980119461	29	1148.9956802303006	23	1129.498595612686	22	0.911997275925996	0.921228860050698
KFJ009	KFJ048	145.2894	1257.936416259918	19	1257.936416259918	19	1230.147416259918	17	1211.7978162599184	16	0.722384069211658	0.8704929817260035
RKF038	RKF099	112.9268	1252.0407093040924	30	1222.2456991943818	27	1194.2640991943815	25	1174.5292993324738	24	0.7456143669680804	0.7340622753584806
RKF098	RKF192	99.063104	1249.67800253311	32	1228.8318001331102	30	1146.010291814209	24	1129.290497814209	23	0.8645529870228141	0.8982507913687211
RKF034	RKF139	89.304197	1248.5302217884748	25	1240.033520071098	24	1215.5930172417377	22	1215.5930172417377	22	0.8514370751516527	0.8723973112380664
KFJ025	KFJ022	94.17389631271362	1247.508880897383	29	1237.211778897383	28	1225.121079497383	27	1170.7366749230118	24	0.9016054380588452	0.9113036459712712
RKC033	RKC028	133.3178	1246.2313430307313	26	1237.7969400880738	25	1209.2129426000515	23	1191.853638600052	22	0.5941381963098886	0.9073184265950336
KFJ020	KFJ013	167.794	1244.6849768475265	32	1224.0560804918975	30	1179.3644880369873	27	1141.9427883234712	25	0.6489601856405988	0.907621101484368
RKF136	RKF148	203.9627	1239.1892994808654	16	1239.1892994808654	16	1239.1892994808654	16	1239.1892994808654	16	0.846745614366968	0.8562924848347269
HNJ012	HNJ015	107.30249881744383	1226.265511718445	29	1206.9791149031678	27	1178.6733160107422	25	1143.197817572861	23	0.7849116567666755	0.8581715914393452
RKF209	RKF238	78.23781	1221.485003468361	33	1203.9029087990189	31	1188.2201161354444	30	1113.8279181497496	26	0.8416758099706153	0.8913144918214723
RKF218	RKF209	166.8773055076599	1210.4429367561795	24	1188.5329369743806	22	1149.161735737869	19	1092.8288369211882	16	0.7906750911177531	0.8416758099706153
RKF002	RKC020	164.3635	1194.0945774474335	20	1186.0322744474336	19	1155.791080417648	17	1155.791080417648	17	0.8210308602272584	0.9128674662328328
RKF029	RKF047	69.2671000957489	1193.800402162796	40	1153.5292987806856	36	1093.5778130214994	32	1021.720518133072	28	0.88162889536276845	0.8884012460116277
RKF032	RKF157	105.5576	1191.514203311836	30	1161.8747092613296	27	1090.8614144393996	22	1090.8614144393996	22	0.8903181869774129	0.921228860050698
RKF064	RKF207	123.814	1190.2362011852497	27	1181.3390993061296	26	1138.3962983061292	23	1069.2000924561005	19	0.6012006103943601	0.7671925642868853
KFJ020	KFJ023	138.7431	1184.286578540512	38	1084.0986020335158	28	1041.5346987017597	25	932.0993923654062	19	0.6489601856405988	0.8580328654484002
RKF140	RKF002	235.8323	1184.1087992007294	17	1184.1087992007294	17	1168.2238992007294	16	1151.5675962007294	15	0.7660953678130478	0.8210308602272584
RKF042	RKC023	165.3333	1162.6234036366272	20	1162.6234036366272	20	1135.5205040241774	18	1083.712503538948	15	0.8349412936829228	0.918340837148298
KFJ048	KFJ022	96.41679525375366	1160.4740367612917	30	1143.102140942749	28	1100.5759384979094	25	1047.9635399408417	22	0.8704929817260035	0.9113036459712712
KFJ043	KFJ006	140.97660000000002	1160.127685692154	15	1140.625986	13	1140.625986	13	1140.625986	13	0.8834575561524977	0.9008865851966756
RKC027	RKC028	131.27290606498718	1152.982921205452	21	1122.984228750595	18	1107.576727750595	17	1107.576727750595	17	0.6432219741969657	0.9073184265950336
RKF036	RKF210	175.2722	1150.071066692711	24	1138.145059692711	23	1124.9990646927106	22	1089.0282733772506	20	0.7646450506349867	0.8723720883306219
RKF081	RKF164	169.81740000000002	1133.1083768588255	24	1112.2508758288575	22	1112.2508758288575	22	1092.858576176758	21	0.6682304869282282	0.7855926752676781
KFJ030	KFJ040	103.7441	1124.316674513481	31	1124.316674513481	31	1098.210483832023	29	1025.873187180397	25	0.821383980931482	0.8897002257450216
RKC040	RKC043	191.6491	1119.2357079208225	11	1119.2357079208225	11	1119.2357079208225	11	1119.2357079208225	11	0.8808469852319877	0.9098785517006546
RKF109	RKF133	191.9204	1118.681391058716	12	1118.681391058716	12	1118.681391058716	12	1118.681391058716	12	0.862081142093249	0.8617406328427478
RKF010	RKF002	116.6606	1106.547097591905	21	1087.802592991905	19	1074.2193949919051	18	1074.2193949919051	18	0.821850604719206	0.8210308602272584
RKF158	RKF213	122.54460453987122	1105.4208998032643	28	1088.5909051858025	26	1061.5690041858024	24	932.9945104370652	17	0.7125345238545647	0.8949970363083752
RKF014	RKC023	119.2524	1101.3463272880097	23	1081.684224084427	21	1067.983518317749	20	1048.4346164021988	19	0.8685255949453293	0.918340837148298
RKF040	RKF139	71.352404	1099.9577937875915	37	1030.4954900803834	30	1017.0227899613648	29	907.258988890152	23	0.6047065945291513	0.8723973112380664
KFJ030	KFJ017	116.7448878288269	1099.1278030088426	28	1078.6478083670884	26	1064.504901701286	25	1009.2111008198776	22	0.821383980931482	0.8991462045830023
RKF158	RKF157	160.45548915863037	1070.0056754093475	22	1041.0329739093474	19	1027.3065666198424	18	990.8025668536836	16	0.7125345238545647	0.921228860050698
KFJ007	KFJ018	148.2118	1066.9769751820984	16	1066.9769751820984	16	1053.5231816564026	15	1033.694981656403	14	0.8694336196133329	0.9185804547690212
RKF047	RKF157	93.4999	1046.142011428566	32	984.4480122051696	26	940.0132067423094	23	903.5762002601624	21	0.8884012460116277	0.921228860050698
RKF047	RKF213	93.08790564537048	1046.0205827067794	31	997.7216903279724	26	983.2165900777284	25	928.2459896066284	22	0.8884012460116277	0.8949970363083752
RKF061	RKF104	185.386	1038.638067474922	17	1029.2911770253984	16	1029.2911770253984	16	1012.2252770253984	15	0.7619840338995876	0.8757141235670236
RKF182	RKF129	135.40918827056885	1038.4809629032593	23	1007.8942704506378	20	978.325973450638	18	962.3118744506378	17	0.8842899120981675	0.8947195843264854
KFJ048	KFJ017	259.13620000000003	1032.1662018415907	23	1021.1139033415908	22	978.9745973415908	19	906.9197029205856	15	0.8704929817260035	0.8991462045830023
RKC036	RKC002	146.1088	1030.4522089322418	18	1021.8766085322418	17	978.126915979126	14	978.126915979126	14	0.7723002030444049	0.9120729446483296
RKF016	RKF037	100.54370164871216	1024.5424656967164	27	996.0628657440186	24	968.4370729153444	22	915.5154684187928	19	0.8520802592914886	0.8975193270528293
HNJ011	HNJ014	113.57619762420654	1024.271498267151	27	1001.1701088590391	25	975.9488091150284	23	959.7676091150284	22	0.678660159156546	0.7933991651217636
RKC030	RKC042	119.168	1019.4233849270628	21	976.503391781494	17	976.503391781494	17	958.606095829651	16	0.7986707527776726	0.9127161287881654
RKF191	RKF162	132.40959999999998	1010.2495045578308	19	1010.2495045578308	19	997.6072163498228	18	962.1771128094024	16	0.8717793500056752	0.8697615174101119
RKF013	RKF142	109.7268	1007.4311076940078	21	996.4819076940078	20	981.896808694008	19	944.376611743858	17	0.7564223828080663	0.8843655808205012
KFJ010	KFJ018	131.4226	1006.3541678771132	21	986.7360677172315	19	973.1770719935074	18	955.3238689935076	17	0.8489778416758099	0.9185804547690212
KFJ017	KFJ025	117.25668907165527	1002.6165872777192	24	992.7382856777192	23	979.149985677719	22	903.334185940506	18	0.8991462045830023	0.9016054380588452
KFJ048	KFJ040	101.77621	997.9264030568542	28	976.2990007512512	26	962.056900035614	25	907.73209466111	22	0.8704929817260035	0.8897002257450216
RKF099	RKF162	86.327195	997.7976949429471	25	986.2646908974608	24	958.584083586426	22	904.5320883090212	19	0.7340622753584806	0.8697615174101119
RKF199	RKF014	100.5215048789978	994.196086639328	24	952.0064861426544	20	924.9706863387296	18	924.9706863387296	18	0.8234396478882121	0.8685255949453293
RKF081	RKF104	171.7157	993.776118106842	19	984.5794134807588	18	968.7739154807588	17	968.7739154807588	17	0.6682304869282282	0.8757141235670236
RKF142	RKF160	132.01090097427368	990.0963847212296	26	959.1220800451734	23	931.3596908621292	21	913.8483945898514	20	0.8843655808205012	0.8971157605337167
RKC035	RKC042	119.7733	984.1587567966308	18	975.2177739780273	17	946.1758759780272	15	910.806086951538	13	0.8932692671484243	0.9127161287881654
RKF164	RKF147	91.93329811096191	981.3760922055588	26	970.3258917055588	25	905.6459872365187	20	888.5293872365189	19	0.7855926752676781	0.8881237940297378
RKC027	RKC043	76.9907	979.3448198670654	33	958.6537171239164	31	886.3122154709625	26	816.5421116557159	22	0.6432219741969657	0.9098785517006546
RKF002	RKF047	143.7896	966.0891195008468	26	936.9443078403856	23	881.6005098174973	19	806.5781105142137	15	0.8210308602272584	0.8884012460116277
RKF158	RKF029	194.15672	963.451523673912	24	942.5901185397108	22	902.912322579048	19	832.023910556404	15	0.7125345238545647	0.88162889536276845
KFJ053	KFJ017	268.7795	960.0290774445572	24	938.1570785384216	22	923.9819735384216	21	868.1897760774841	18	0.8915036636273063	0.8991462045830023
RKF156	RKF209	137.0223	958.7580806397362	24	916.6639819889946	20	888.4688869267387	18	776.7259899711265	12	0.6884592586987502	0.8416758099706153
KFJ020	KFJ048	116.58189000000002	957.7431579622532	21	948.4910629622536	20	905.034777730034	17	866.2350746088487	15	0.6489601856405988	0.8704929817260035
RKF047	RKF141	75.08569955825806	957.2076725159836	29	928.4488694849392	26	898.4313681646729	24	862.9751577898408	22	0.8884012460116277	0.8961572900508241
KFJ040	KFJ025	105.3434	954.0678796483916	25	954.0678796483916	25	911.6493866784972	22	892.5003936784973	21	0.8897002257450216	0.9016054380588452
KFJ007	KFJ015	79.35529947280884	953.8967604303168	32	923.513864654377	29	882.0473655394821	26	807.0819665291367	22	0.8694336196133329	0.9219603243665896
RKF040	RKF047	62.5116	952.051506237484	34	908.7792090285795	30	864.6044188193817	27	756.9174045446167	21	0.6047065945291513	0.8884012460116277
RKC036	RKC035	166.78920537233353	949.968803379734	16	941.0901193358496	15	941.0901193358496	15	923.6044172980384	14	0.7723002030444049	0.8932692671484243
RKF164	RKF226	119.5796	948.6078979053116	25	938.6733980455016	24	873.140595724472	19	855.911491682419	18	0.7855926752676781	0.8836341165046094
KFJ020	KFJ053	108.23641	947.2968240482178	18	947.2968240482178	18	917.1883083621824	16	897.6036053621826	15	0.6489601856405988	0.8915036636273063
RKF013	RKF010	134.0248	941.736482082573	19	920.9285840825728	17	907.2670830825728	16	868.7594870825731	14	0.7564223828080663	0.821850604719206
RKF014	RKC012	165.22759	938.8451644839248	23	918.3631643847428	21	891.6139643847428	19	853.8634667244645	17	0.8685255949453293	0.8967500283757709
RKC039	RKC002	124.97971057891846	934.0926099310682	24	912.7759087572862	22	897.0953095446397	21	880.5944075446396	20	0.9075075984008676	0.9120729446483296
RKF042	RKF029	78.09209823608398	932.881228595314	33	887.4560340934373	29	828.8304305200882	25	758.8962256847609	21	0.8349412936829228	0.88162889536276845
RKF238	RKC042	132.54039287567142	931.989254992859	16	913.385262349884	14	886.7584623498841	12	886.7584623498841	12	0.8913144918214723	0.9127161287881654
RKF050	RKF173	131.62660002708435	930.779071078575	16	920.2457710785752	15	920.2457710785752	15	920.2457710785752	15	0.6935038401876584	0.8339071544776967
RKF156	RKF010	148.7723	930.288906907028	18	930.288906907028	18	930.288906907028	18	857.4737984076384	14	0.6884592586987502	0.821850604719206
KFJ009	KFJ047	152.38531	928.6404358411864	17	908.2964225863954	15	868.9456205863952	12	868.9456205863952	12	0.722384069211658	0.906032058315362
RKC039	RKC031	122.7206	927.49298072715	21	915.76248072715	20	902.67048072715	19	847.1206805347672	16	0.9075075984008676	0.913119695307278
RKF144	RKF015	102.38969922065738	922.1961155507316	27	868.4015080306283	22	829.9983129218713	19	791.540110451233	17	0.5732410174920863	0.8858663438134514
RKF031	RKF047	74.86319541931152	921.1151743362196	33	861.3471740911253	27	831.8702811429748	25	763.1485933492431	21	0.8852357711273379	0.8884012460116277
RKC028	RKC043	143.1023	916.8869911457216	19	905.3517921457214	18	890.832696724884	17	852.693196724884	15	0.9073184265950336	0.9098785517006546
RKC030	RKC039	131.9014	914.4880987504652	26	883.770499358528	23	854.8037976915055	21	818.2468976915054	19	0.7986707527776726	0.9075075984008676
RKF156	RKF047	78.22709679603577	913.0604166058388	27	892.2948098034706	25	851.8845082627603	22	780.070598102684	18	0.6884592586987502	0.8884012460116277
KUP003	KUP005	98.93839359283449	908.0708804656052	24	878.207081580803	21	840.3790855808028	18	840.3790855808028	18	0.7313382013544701	0.8391030734112721
RKF210	RKF155	109.4976	907.9224121087036	25	840.0018058371277	19	840.0018058371277	19	820.8270035338135	18	0.8723720883306219	0.8712748918567843
RKF028	RKF023	147.54081	902.9692217071896	15	892.0705243071899	14	892.0705243071899	14	876.0119362792358	13	0.8328225694575814	0.8495075227321454
HNJ014	HNJ012	89.08769488334656	901.9951027811796	22	881.6672963153076	20	881.6672963153076	20	863.4670983153076	19	0.7933991651217636	0.7849116567666755
RKF164	RKF182	110.77860593795776	900.4907136117005	16	889.3526112117005	15	889.3526112117005	15	820.4769029379577	11	0.7855926752676781	0.8842899120981675
RKF156	RKF142	103.77489477396011	896.5676926272087	18	885.7973955767326	17	871.4230955767327	16	832.0557923245124	14	0.6884592586987502	0.8843655808205012
RKC029	RKC043	78.94319295883179	895.5055903823699	25	883.62469188237	24	854.474393746231	22	763.429991746231	17	0.8196183774103641	0.9098785517006546
RKF088	RKF098	122.1081	894.4788973689041	23	862.810198368904	20	835.0320913454055	18	815.0918938776016	17	0.8226829606648759	0.8645529870228141
RKF237	RKC016	115.2854	893.783785034439	20	875.1358818858338	18	861.3553828858336	17	861.3553828858336	17	0.8981751226463874	0.900899196650398
RKF038	RKF209	113.2533	893.7752708740173	19	874.9054715434968	17	862.7337709434967	16	845.0939699434966	15	0.7456143669680804	0.8416758099706153
RKF199	RKF010	117.4546	892.7664900271011	15	882.2160864271012	14	866.5878884271011	13	846.9703874271011	12	0.8234396478882121	0.821850604719206
KFJ047	KFJ022	107.0391	892.4350535689086	19	883.4569535689088	18	854.1474480117035	16	837.6314480117035	15	0.906032058315362	0.9113036459712712
RKC029	RKC038	125.65789	888.9092773603057	13	888.9092773603057	13	888.9092773603057	13	888.9092773603057	13	0.8196183774103641	0.914607846846506
KUP003	KUP002	189.6244	888.5582920451661	18	888.5582920451661	18	860.1821894493561	16	842.3913894493559	15	0.7313382013544701	0.869257059261221
RKC033	RKC046	138.58240246772766	885.3310047350235	24	831.0090152876436	19	772.0660192430573	15	734.5144207809526	13	0.5941381963098886	0.8943034063536504
RKC030	RKC046	111.0655	884.8570680736312	24	849.1013629070053	20	793.8834627697221	16	755.9456789150468	14	0.7986707527776726	0.8943034063536504
RKF016	RKF160	132.020103931427	884.0597224202576	25	856.6204083633118	22	826.90560760495	20	807.7737027644806	19	0.8520802592914886	0.8971157605337167
RKF038	RKF047	100.0473976135254	883.2671841998824	23	883.2671841998824	23	854.5861814000624	21	782.4632805383683	17	0.7456143669680804	0.8884012460116277
RKF218	RKF160	66.635203	883.1717914107207	30	854.2060976984864	27	766.5334857115172	21	693.8057771940612	17	0.7906750911177531	0.8971157605337167
RKC039	RKC038	113.2641	879.9791141126403	24	850.3551049802551	21	809.9705921499938	18	792.885493149994	17	0.9075075984008676	0.914607846846506
RKF142	RKF037	98.97170066833496	875.5361060420835	22	854.356103996643	20	839.2284034293975	19	785.5424047562408	16	0.8843655808205012	0.8975193270528293
RKF164	RKF237	82.7830970287323	873.5901700969926	26	852.0064700397721	24	794.5399667189331	20	758.0156882887574	18	0.7855926752676781	0.8981751226463874
KFJ012	KFJ015	124.64090000000002	873.395699137445	26	844.145595907547	23	801.324892947342	20	763.5680920253753	18	0.871350560579118	0.9219603243665896
RKF238	RKC023	136.9909	872.5946119219359	25	872.5946119219359	25	774.4385054080047	18	701.8916090223846	14	0.8913144918214723	0.918340837148298
RKC046	RKC002	115.18388986587524	870.1329858565293	22	851.1159868565292	20	823.5235818565293	18	732.9859763336106	13	0.8943034063536504	0.9120729446483296
RKF013	RKF218	97.4743	870.0921094495468	22	859.1451094495469	21	843.2509114495468	20	787.1191107384873	17	0.7564223828080663	0.7906750911177531
KFJ040	KFJ015	96.0158	869.027589687992	28	820.1746899106749	23	790.173892910675	21	752.674393910675	19	0.8897002257450216	0.9219603243665896
RKC015	RKC019	84.45959687232971	868.2950970744552	37	760.3619039383467	26	721.3869036656417	23	666.2997042988815	20	0.7079944005145473	0.751188629513324
RKF042	RKF162	101.9735	865.2598103270341	18	865.2598103270341	18	850.0818103270341	17	831.428918327034	16	0.8349412936829228	0.8697615174101119
RKC011	RKC012	148.6394	857.8752947903672	24	837.2246934033433	22	824.3931934033432	21	770.0579952763367	18	0.8776562874402533	0.8967500283757709
RKF013	RKF047	131.9959	851.3396032072447	20	821.224898813965	17	809.0424008357545	16	772.7506998357543	14	0.7564223828080663	0.8884012460116277
RKF042	RKF157	62.7771	849.7824479451917	31	817.827348839357	28	744.5480428926774	23	653.2109336747208	18	0.8349412936829228	0.921228860050698
RKF150	RKC043	71.41479849815369	849.180712635208	28	818.1919118097076	25	790.0258170927276	23	755.4490076864471	21	0.8876319473345693	0.9098785517006546
RKF218	RKF002	144.73879	847.3740899536514	17	836.3213920566942	16	804.6370947719954	14	787.6461947719955	13	0.7906750911177531	0.8210308602272584
RKF050	RKF052	97.5183	844.2362077350922	18	833.5513122196503	17	818.5585092196502	16	801.4192112196503	15	0.6935038401876584	0.8246377359918278
KFJ017	KFJ013	108.947	841.2755868493194	20	841.2755868493194	20	841.2755868493194	20	822.5818893967743	19	0.8991462045830023	0.907621101484368
RKF210	RKF032	92.1035	840.4158315562287	20	808.3311135854034	17	808.3311135854034	17	808.3311135854034	17	0.8723720883306219	0.8903181869774129
RKF198	RKF142	184.664	839.2827019416962	16	818.0423048500213	14	818.0423048500213	14	800.0922048500213	13	0.872283808154566	0.8843655808205012
RKF163	RKF148	92.05129742622375	832.6581155046904	21	805.1107112836228	18	777.6741112836228	16	757.771810448967	15	0.6917886824814297	0.8562924848347269
KFJ053	KFJ040	78.8115	825.0463270305405	27	803.2729291080246	25	803.2729291080246	25	708.831136573578	20	0.8915036636273063	0.8897002257450216
RKF209	RKF037	74.8184	821.1243724730606	21	810.7208719730605	20	798.4254708767165	19	763.4750714779128	17	0.8416758099706153	0.8975193270528293
RKC036	RKC043	85.54209499999999	815.9102827375565	18	798.0130876573716	16	770.3091876573715	14	770.3091876573715	14	0.7723002030444049	0.9098785517006546
KFJ010	KFJ023	133.51971	815.4519023587707	16	797.3294023587708	14	784.8361019587708	13	765.5351029587708	12	0.8489778416758099	0.8580328654484002
RKF113	RKF053	107.86821	815.229512659851	20	815.229512659851	20	757.1613135824585	16	741.1276164541625	15	0.8159484443771834	0.8665203738034883
KFJ017	KFJ015	75.350606	814.9065075263152	24	804.6880079263152	23	777.1342171185913	21	777.1342171185913	21	0.8991462045830023	0.9219603243665896
RKF064	RKF185	96.960497	813.7186892945502	22	741.1276854869079	15	725.573483486908	14	686.8948909748535	12	0.6012006103943601	0.8066664144375922
KUP002	KUP027	117.1735	812.1264224994775	22	785.246122436123	19	739.8296242519189	16	704.0222217588463	14	0.869257059261221	0.8822216336877152
RKF064	RKF182	115.8104	809.2461040394172	17	800.441198624836	16	784.5997980015144	15	765.1171990015145	14	0.6012006103943601	0.8842899120981675
RKF010	RKF191	103.69240045547484	808.6428179243926	18	799.3763222197418	17	755.4218186835175	14	719.4937124554747	12	0.821850604719206	0.8717793500056752
KFJ034	KFJ010	85.46679	807.8414869745865	23	758.6451887566695	18	746.6231881566697	17	729.9087881566695	16	0.7307580744832457	0.8489778416758099
RKF144	RKF231	113.26969563961028	807.040394764801	20	767.716004460907	16	753.2639046607972	15	680.8106977698059	11	0.5732410174920863	0.7193447088645908
RKF002	RKF014	119.2708	806.1618925467224	17	798.1068970099182	16	798.1068970099182	16	798.1068970099182	16	0.8210308602272584	0.8685255949453293
RKF010	RKF160	131.01481199264526	805.7475239049911	21	766.1319199424286	17	766.1319199424286	17	766.1319199424286	17	0.821850604719206	0.8971157605337167
RKF010	RKC020	152.995502948761	801.9156111424713	14	801.9156111424713	14	801.9156111424713	14	801.9156111424713	14	0.821850604719206	0.9128674662328328
RKF036	RKF032	97.8611	800.4206893191224	21	780.0317903191223	19	765.5050893191224	18	712.8008924373321	15	0.7646450506349867	0.8903181869774129
KFJ023	KFJ017	108.947	797.5640942155839	22	797.5640942155839	22	771.4705993234635	20	716.5919863649597	17	0.8580328654484002	0.8991462045830023
RKF036	RKF034	98.990303	797.2727297682785	19	770.2635243682785	16	754.8480253682785	15	736.3124233682785	14	0.7646450506349867	0.8514370751516527
RKF238	RKC046	192.68659	796.8244656285094	14	764.450781038742	11	764.450781038742	11	745.652981038742	10	0.8913144918214723	0.8943034063536504
RKF181	RKF148	70.46819925308228	795.0802236677704	26	762.3053043963014	23	718.7807055891113	20	648.1386092992858	16	0.834298109543087	0.8562924848347269
RKF062	RKF201	89.98149633407593	795.0281192104164	28	751.2135158860322	24	737.5614117467042	23	718.3437117467042	22	0.6632363512542091	0.7008815406151867
RKF210	RKF046	92.4621	793.8864758540419	21	754.4989724514236	17	723.4272797462692	15	704.5225797462692	14	0.8723720883306219	0.911997275925996
KFJ049	KFJ010	132.5437	793.7850997589799	16	774.7377977024765	14	759.1347798954697	13	740.6026828954697	12	0.7891238823099138	0.8489778416758099
RKF038	RKF010	112.5682	790.0367911950532	15	779.0790941950531	14	766.4532941950531	13	766.4532941950531	13	0.7456143669680804	0.821850604719206
RKF201	RKF176	122.58180379867554	789.5529375423507	24	737.3374382560577	19	679.585936486847	15	642.2921268345185	13	0.7008815406151867	0.7850377713038982
KFJ050	KFJ010	134.00099	787.7565681390457	18	778.5887777261429	17	751.3689815454178	15	751.3689815454178	15	0.7974600532203348	0.8489778416758099
RKF016	RKF198	91.93360209465028	784.993116423584	18	784.993116423584	18	769.798616423584	17	715.19611585604855	14	0.8520802592914886	0.872283808154566
RKF164	RKF088	166.18459224700928	784.619516298712	19	752.9814156189269	16	739.718914618927	15	721.3269176189269	14	0.7855926752676781	0.8226829606648759
RKF013	RKF016	92.1314	783.6533308171233	15	783.6533308171233	15	783.6533308171233	15	766.3419308171234	14	0.7564223828080663	0.8520802592914886
RKC028	RKC031	108.6359	781.8904889561062	13	781.8904889561062	13	781.8904889561062	13	781.8904889561062	13	0.9073184265950336	0.913119695307278
KFJ006	KFJ022	105.05719	781.7519917535934	15	772.5911917535933	14	760.3225917535933	13	743.6611887535934	12	0.9008865851966756	0.9113036459712712
KFJ010	KFJ051	89.950895	769.9047927570708	19	750.6614920316772	17	709.4049918401794	14	690.6815993536071	13	0.8489778416758099	0.8838611226716103
RKF042	RKF141	72.104811668396	768.5251138002731	27	748.352816200273	25	694.0518135498733	21	657.6679132855606	19	0.8349412936829228	0.8961572900508241
RKF156	RKF016	123.9704	768.0597995527266	17	746.2846969373702	15	746.2846969373702	15	709.1679964344024	13	0.6884592586987502	0.8520802592914886
RKF036	RKF046	80.08070000000001	767.7430214745423	24	746.0319222973113	22	689.5174316973114	18	616.6216287371522	14	0.7646450506349867	0.911997275925996
RKF042	RKF213	66.410196	767.2392832410446	31	705.8433772798629	25	648.950175694481	21	521.9077772972488	14	0.8349412936829228	0.8949970363083752
RKF014	RKC020	115.3723	765.6473984754487	16	757.0680014754486	15	731.117802444809	13	713.2873948253326	12	0.8685255949453293	0.9128674662328328
RKF155	RKF046	82.1782	765.1475129352035	24	734.9227962718429	21	719.8777911887588	20	642.7639910352401	16	0.8712748918567843	0.911997275925996
KFJ010	KFJ047	128.02119000000002	763.9714959495926	17	746.1783979495926	15	704.7609925882034	12	688.0782965882033	11	0.8489778416758099	0.906032058315362
KFJ020	KFJ024	103.2116	762.8249919911652	19	733.6532986661224	16	733.6532986661224	16	696.5563929578094	14	0.6489601856405988	0.8118118875562786
KFJ023	KFJ040	99.5502	760.1291992947693	19	749.5139935299987	18	749.5139935299987	18	691.305485598236	15	0.8580328654484002	0.8897002257450216
KFJ045	KFJ018	156.87780380249023	759.8587124196777	13	759.8587124196777	13	759.8587124196777	13	727.2034074196778	11	0.8985156318968888	0.9185804547690212
RKF158	RKF141	72.066796	756.6354114345512	21	745.7292114345512	20	730.8102164345512	19	658.7757169125786	15	0.7125345238545647	0.8961572900508241
KFJ023	KFJ045	109.2674	748.7330009237312	20	720.3280091640877	17	681.0890091328469	14	643.6653121515847	12	0.8580328654484002	0.8985156318968888
RKC036	RKC039	73.2193	746.9019102388611	25	737.0457100206604	24	695.2235094933013	21	658.5514060883025	19	0.7723002030444049	0.9075075984008676
RKC035	RKC038	112.9967	742.7047694028321	13	742.7047694028321	13	729.6385734028321	12	691.064482402832	10	0.8932692671484243	0.914607846846506
KFJ040	KFJ047	103.1606	742.5292841182785	21	725.1770836182785	19	698.5586926182785	17	630.1882923239975	13	0.8897002257450216	0.906032058315362
RKC028	RKC042	107.9098	740.9051888756713	13	740.9051888756713	13	724.9924888756714	12	724.9924888756714	12	0.9073184265950336	0.9127161287881654
KFJ045	KFJ006	99.7761	738.2461047692719	14	721.0159002692719	12	705.2307992692719	11	687.8237992692718	10	0.8985156318968888	0.9008865851966756
RKC011	RKF150	74.29270148277283	738.1020109650192	25	696.3563023822097	21	667.8475023822097	19	611.8328005906601	16	0.8776562874402533	0.8876319473345693
KFJ009	KFJ050	154.4515	737.6785920460662	14	728.5388992627105	13	714.3390999634704	12	679.3622959999999	10	0.722384069211658	0.7974600532203348
KFJ022	KFJ015	114.39829	737.6762819978867	19	729.3435824978867	18	729.3435824978867	18	692.7980844978866	16	0.9113036459712712	0.9219603243665896
RKC033	RKC045	113.4606	737.3328087338655	16	719.5535101338653	14	691.5698115330963	12	691.5698115330963	12	0.5941381963098886	0.9039511684511874
RKC030	RKC028	106.5646	734.4613046264343	18	734.4613046264343	18	674.7718946264345	14	656.1618946264344	13	0.7986707527776726	0.9073184265950336
KFJ040	KFJ013	67.47540235519409	734.0842004124083	21	724.3265028124084	20	724.3265028124084	20	686.8134018124084	18	0.8897002257450216	0.907621101484368
RKF156	RKF218	103.59991	730.7459862101746	18	719.4281862101744	17	692.4896880711975	15	657.1538910711974	13	0.6884592586987502	0.7906750911177531
RKF042	RKF031	78.36849689483643	730.3487006120299	27	686.2537986810303	23	602.9746089853516	17	548.0395949704895	14	0.8349412936829228	0.8852357711273379
RKF209	RKF160	86.1861	729.6120005054611	22	711.3634066928481	20	699.2349106928481	19	663.2366079947127	17	0.8416758099706153	0.8971157605337167
KFJ012	KFJ047	125.05	728.9558974498901	15	728.9558974498901	15	687.7308932001038	12	671.2148932001037	11	0.871350560579118	0.906032058315362
RKC036	RKF238	132.65309929847714	723.1980804988616	15	700.609398368454	13	686.845398368454	12	667.4664978404999	11	0.7723002030444049	0.8913144918214723
RKC021	RKC012	62.0811	722.5320982886061	23	691.398500203804	20	676.2856992038039	19	660.063198203804	18	0.8912388230991386	0.8967500283757709
RKC033	RKC011	94.166803	721.7720016612549	19	700.8642002715607	17	685.0265962715607	16	651.4049006338577	14	0.5941381963098886	0.8776562874402533
RKC050	RKF238	169.1651	720.2711857200013	11	712.1750867200012	10	712.1750867200012	10	712.1750867200012	10	0.8533792390248824	0.8913144918214723
RKF191	RKF142	151.3691	720.0097914081728	15	720.0097914081728	15	704.7622914653932	14	667.0155941993866	12	0.8717793500056752	0.8843655808205012
RKF098	RKF189	106.17089	718.0370967718277	24	687.3809110256346	21	630.5797056390685	17	613.0757049753113	16	0.8645529870228141	0.8849709305991702
RKC024	RKC029	130.9941	716.2840948416138	12	706.2684048416138	11	706.2684048416138	11	670.6333148416138	9	0.820501179170923	0.8196183774103641
KFJ020	KFJ029	102.9275	714.3855974313584	20	685.7897984233933	17	685.7897984233933	17	666.5942954269485	16	0.6489601856405988	0.8771392178376402
RKF088	RKC009	124.8704	713.70310070224	11	713.70310070224	11	686.5968986474304	9	686.5968986474304	9	0.8226829606648759	0.8899776777269116
RKF088	RKF194	58.3467960357666	713.2357811697768	28	675.0527868668136	24	635.9603861844635	21	598.9053820549774	19	0.8226829606648759	0.903333207218796
RKF040	RKF158	75.76289772987366	713.1253107555176	22	682.0900063625336	19	668.8888063625336	18	649.1420021251679	17	0.6047065945291513	0.7125345238545647
RKF238	RKC020	99.47940111160278	709.2867354775391	18	690.5830363764954	16	674.9779323764953	15	637.6545353764953	13	0.8913144918214723	0.9128674662328328
RKF040	RKF042	57.3903	708.0119132391434	31	653.2959222312012	25	555.5718185504455	18	499.5027186473389	15	0.6047065945291513	0.8349412936829228
RKF199	RKF238	87.7367	706.6806144362122	26	671.742217897339	22	569.2063150399932	15	550.5514170399932	14	0.8234396478882121	0.8913144918214723
RKC018	RKC039	78.1815	704.7988772142273	23	684.4188779483947	21	617.2674853477631	16	598.8340873394166	15	0.9011262028173987	0.9075075984008676
RKF029	RKF160	63.251305	702.8801816875609	28	673.5379892761382	25	646.3739947482755	23	572.4990964116515	19	0.88162889536276845	0.8971157605337167
RKF010	RKF037	100.56668519973758	702.2355626289673	25	674.4595581209717	22	616.596856294876	18	508.9506594895324	12	0.821850604719206	0.8975193270528293
RKF158	RKF210	94.8094	702.0996052520524	23	662.8504987276993	19	649.6021987276993	18	559.5055968838655	13	0.7125345238545647	0.8723720883306219
KFJ010	KFJ015	137.65169	701.2763763144974	15	691.9579769144973	14	634.1721749242554	10	634.1721749242554	10	0.8489778416758099	0.9219603243665896
RKF139	RKF046	87.40001	701.2309186098937	23	649.8670032435759	18	606.0552969550935	15	552.9680803394165	12	0.8723973112380664	0.911997275925996
RKC024	RKC014	101.37211	700.6354974683243	22	662.0055958433609	18	646.4493974848251	17	593.5409116893081	14	0.820501179170923	0.9027909147087384
KFJ007	KFJ013	79.105395	698.5328802416686	20	680.8902797416687	18	667.3182787416687	17	593.7230852919312	13	0.8694336196133329	0.907621101484368
KFJ049	KFJ012	67.18631	692.6691960494079	19	683.3882998625793	18	642.5850103893586	15	604.2328066217193	13	0.7891238823099138	0.871350560579118
RKF155	RKF032	99.6487	692.2065941354981	22	659.7412017843476	19	615.4837066057434	16	597.0574046057434	15	0.8712748918567843	0.8903181869774129
RKF209	RKF198	98.76739978790285	688.8312018199615	16	677.8436028199616	15	650.4325028199615	13	612.9334089367829	11	0.8416758099706153	0.872283808154566
KFJ010	KFJ045	113.2688	688.8016141947785	14	688.8016141947785	14	647.5053107308197	11	647.5053107308197	11	0.8489778416758099	0.8985156318968888
RKF136	RKF182	119.7214	685.0286999999998	13	674.2197999999999	12	674.2197999999999	12	674.2197999999999	12	0.846745614366968	0.8842899120981675
KFJ017	KFJ047	180.57339191436768	683.5599042219085	16	673.4589047219085	15	645.4967027219086	13	577.6826077219085	9	0.8991462045830023	0.906032058315362
KUP003	KUP027	84.5625	681.4844141784363	20	652.4775105019224	17	640.1894110019225	16	607.6113130019226	14	0.7313382013544701	0.8822216336877152
RKF210	RKF047	72.013295	681.0281855219497	24	632.5398877785109	19	592.5809822517776	16	575.2453812517775	15	0.8723720883306219	0.8884012460116277
KFJ045	KFJ015	129.1138	680.8615112155303	18	656.0977962155304	15	640.5091952155303	14	622.4693964789581	13	0.8985156318968888	0.9219603243665896
RKF099	RKF010	112.1806	679.2837027690124	18	668.4569958827209	17	627.0988940013123	14	554.2036921517793	10	0.7340622753584806	0.821850604719206
KFJ017	KFJ006	135.66	674.8869992970032	13	656.4925	11	644.2239	10	626.322	9	0.8991462045830023	0.9008865851966756
RKC028	RKC002	88.64929676055908	674.1500233758911	16	663.8539229758911	15	650.8825217612915	14	650.8825217612915	14	0.9073184265950336	0.9120729446483296
RKC047	RKC028	82.268	673.5965861691246	17	664.0946878803977	16	664.0946878803977	16	631.0888915075074	14	0.8680463597038831	0.9073184265950336
RKF010	RKC023	132.51640796661377	673.3900241008149	13	673.3900241008149	13	657.582419311081	12	621.130017311081	10	0.821850604719206	0.918340837148298
RKF038	RKF142	101.14290714263916	672.935512947605	14	672.935512947605	14	660.7727129476051	13	660.7727129476051	13	0.7456143669680804	0.8843655808205012
KFJ020	KFJ034	85.48069000000001	669.7234714974456	22	643.5400761890563	19	631.2264777946625	18	558.2244791555328	14	0.6489601856405988	0.7307580744832457
RKF061	RKC021	110.9455	669.1467000144959	11	669.1467000144959	11	669.1467000144959	11	669.1467000144959	11	0.7619840338995876	0.8912388230991386
RKF047	RKC023	108.79499912261964	668.8736931644896	20	649.8363984440307	18	596.5430999020081	14	561.7489007659913	12	0.8884012460116277	0.918340837148298
RKF218	RKF037	84.84150171279907	668.2376379150619	21	646.293231047081	19	603.634625111412	16	566.9918173268051	14	0.7906750911177531	0.8975193270528293
RKF238	RKC038	118.7019944190979	666.2333158379516	15	643.2598201972656	13	615.5923089597777	11	615.5923089597777	11	0.8913144918214723	0.914607846846506
RKC036	RKC011	104.0014	666.1788870006714	17	638.3240880006714	14	610.0731851095123	12	610.0731851095123	12	0.7723002030444049	0.8776562874402533
KFJ012	KFJ051	102.88630723953248	664.7625143582305	17	664.7625143582305	17	664.7625143582305	17	572.5425222210692	12	0.871350560579118	0.8838611226716103
KFJ013	KFJ022	140.12481000000002	664.2313879113099	16	652.7872959113099	15	612.6210985050965	12	612.6210985050965	12	0.907621101484368	0.9113036459712712
RKC036	RKF014	81.57900599999999	663.6471127422119	15	655.0153111422119	14	655.0153111422119	14	655.0153111422119	14	0.7723002030444049	0.8685255949453293
KFJ050	KFJ012	61.346596	663.1584769873199	18	663.1584769873199	18	648.9586769873199	17	611.5790779873198	15	0.7974600532203348	0.871350560579118
RKF191	RKF047	111.7249	656.242505768164	15	635.6468092293549	13	635.6468092293549	13	579.710404219986	10	0.8717793500056752	0.8884012460116277
RKF081	RKF182	90.447795	654.7875997144989	17	644.3417993144989	16	628.4597963144989	15	574.9213905978851	12	0.6682304869282282	0.8842899120981675
RKF209	RKF191	128.02099	654.0729922245026	14	654.0729922245026	14	654.0729922245026	14	654.0729922245026	14	0.8416758099706153	0.8717793500056752
RKF081	RKF192	72.11030000000001	653.9363114151687	16	653.9363114151687	16	653.9363114151687	16	637.6867144151688	15	0.6682304869282282	0.8982507913687211
RKC047	RKF238	130.08201	652.077231004402	19	643.0728288437575	18	585.2281219260634	14	549.9965197341384	12	0.8680463597038831	0.8913144918214723
RKC046	RKC042	113.29119	652.0264752828368	12	642.7135752828369	11	628.9516752828368	10	628.9516752828368	10	0.8943034063536504	0.9127161287881654
RKF034	RKF155	149.5737	650.1278219254989	15	641.666703925499	14	641.666703925499	14	606.7823048397903	12	0.8514370751516527	0.8712748918567843
RKF020	RKF016	123.1758	649.3309979999999	10	649.3309979999999	10	649.3309979999999	10	649.3309979999999	10	0.8534044619323269	0.8520802592914886
KFJ020	KFJ030	107.0665	647.0937289587403	14	647.0937289587403	14	631.5495290151978	13	612.5918280151977	12	0.6489601856405988	0.821383980931482
KFJ009	KFJ051	128.0005931854248	644.1282989569703	12	644.1282989569703	12	644.1282989569703	12	610.8894049569702	10	0.722384069211658	0.8838611226716103
RKC033	RKC043	75.094104	643.4559984630317	17	643.4559984630317	17	600.4418965049476	14	564.9546969611854	12	0.5941381963098886	0.9098785517006546
RKF198	RKF047	52.42490768432617	642.8801002090836	23	620.2576020370866	21	544.8726027769318	16	489.7884988395843	13	0.872283808154566	0.8884012460116277
KFJ034	KFJ048	61.061597	642.6492311737442	22	605.3754249243393	18	605.3754249243393	18	547.7653220512772	15	0.7307580744832457	0.8704929817260035
RKC046	RKC038	172.8035	642.0987892233277	12	633.6661862233275	11	593.9496902441407	8	593.9496902441407	8	0.8943034063536504	0.914607846846506
RKF199	RKF047	93.468595	641.2850888342285	18	632.9668908342285	17	606.8682934441529	15	548.6281884441528	12	0.8234396478882121	0.8884012460116277
RKC027	RKC024	103.9732038974762	640.182806837326	13	630.853004837326	12	616.1066008373259	11	616.1066008373259	11	0.6432219741969657	0.820501179170923
RKF034	RKF046	81.652397	639.9740072082062	19	629.5880052082061	18	616.6058036319731	17	561.4852076319733	14	0.8514370751516527	0.911997275925996
KFJ020	KFJ025	150.8749	634.0738042435684	18	634.0738042435684	18	572.88318484507	14	537.4568960019149	12	0.6489601856405988	0.9016054380588452
RKF201	RKF182	134.93059277534485	633.148992233162	15	621.557392233162	14	593.6025872331619	12	577.506591233162	11	0.7008815406151867	0.8842899120981675
KFJ010	KFJ013	133.87990000000002	632.241784	11	622.951086	10	610.481884	9	593.254185	8	0.8489778416758099	0.907621101484368
RKF020	RKF142	98.1375	630.4702034671478	12	620.2391034671477	11	604.2692965575866	10	604.2692965575866	10	0.8534044619323269	0.8843655808205012
RKF047	RKC020	107.7538013458252	629.2820970182648	17	607.4701990182647	15	547.4891031972197	11	547.4891031972197	11	0.8884012460116277	0.9128674662328328
KFJ040	KFJ006	135.66	629.0209924449402	13	610.4464918449402	11	582.4239908449402	9	582.4239908449402	9	0.8897002257450216	0.9008865851966756
RKF209	RKF118	107.8673	628.3090146623039	10	628.3090146623039	10	615.2674106623039	9	615.2674106623039	9	0.8416758099706153	0.8588652213940701
KFJ051	KFJ022	81.216705	627.1447039791428	19	595.3161999094849	16	580.595798909485	15	563.879699909485	14	0.8838611226716103	0.9113036459712712
RKF081	RKF163	128.2595	625.994594489212	16	625.994594489212	16	610.8487979518127	15	573.3526989518127	13	0.6682304869282282	0.6917886824814297
RKF088	RKF195	64.86380100250244	624.263311292465	25	582.8806051028291	21	557.2142105559388	19	467.2135049487611	14	0.8226829606648759	0.8762816389845257
RKC050	RKC002	84.705603	621.7815595695992	19	592.6939860695991	16	579.5336873048935	15	539.920690726677	13	0.8533792390248824	0.9120729446483296
RKC039	RKC042	63.565505	621.5428105757142	18	610.9925085757142	17	610.9925085757142	17	575.5770128657226	15	0.9075075984008676	0.9127161287881654
RKF160	RKF157	63.240300000000005	620.4557685149231	20	568.6369741713104	15	553.6639771713104	14	553.6639771713104	14	0.8971157605337167	0.921228860050698
RKF036	RKF047	73.04050922393799	619.8367905562897	23	566.5913891738433	18	540.4787021738434	16	507.1868069239044	14	0.7646450506349867	0.8884012460116277
RKC033	RKC012	64.53648805618286	615.2298895206833	21	596.7633925206833	19	571.5879045255356	17	533.8919037036361	15	0.5941381963098886	0.8967500283757709
RKF088	RKF121	56.59659500000001	614.7066812908706	21	585.7647759188919	18	569.9597758521347	17	553.1051768521347	16	0.8226829606648759	0.8931431526112015
KFJ050	KFJ022	107.02589750289916	614.3218791016845	18	596.7178737649231	16	568.9885774736938	14	568.9885774736938	14	0.7974600532203348	0.9113036459712712
RKF139	RKF155	110.10311	612.9069067027893	16	591.489307057724	14	565.0356093856658	12	529.6049095283813	10	0.8723973112380664	0.8712748918567843
KFJ023	KFJ007	125.1408040523529	611.9848808127136	21	582.7276773235778	18	542.6686823856812	15	485.97469590148927	12	0.8580328654484002	0.8694336196133329
RKC047	RKC035	80.771905	611.9035869582216	15	611.9035869582216	15	572.2360925894776	12	552.5870935894775	11	0.8680463597038831	0.8932692671484243
RKF002	RKF160	87.1696	611.1258360757384	22	575.9341303089217	18	533.3629229989853	15	495.3868189779128	13	0.8210308602272584	0.8971157605337167
KFJ012	KFJ013	66.484296	610.2313142576675	18	601.0527145424346	17	588.9233125424346	16	550.3375125424346	14	0.871350560579118	0.907621101484368
RKF136	RKC016	55.2989	610.0989946402801	24	591.2118902402799	22	507.1745956627349	16	473.7148905483704	14	0.846745614366968	0.900899196650398
RKF020	RKF047	84.80819463729858	609.6514082755203	16	599.0819072755204	15	584.8154062755203	14	565.1393050677872	13	0.8534044619323269	0.8884012460116277
KFJ051	KFJ017	109.8372	609.3552651499481	16	599.373567149948	15	585.690367149948	14	493.38266626853937	9	0.8838611226716103	0.8991462045830023
RKF118	RKF047	83.70220065116882	609.1912967731414	17	609.1912967731414	17	596.8725961731413	16	558.1370961731415	14	0.8588652213940701	0.8884012460116277
RKF218	RKC020	140.24030000000002	606.1773137814637	13	596.2947147814637	12	580.3750174967652	11	580.3750174967652	11	0.7906750911177531	0.9128674662328328
RKC030	RKC050	130.97379	605.3455171058234	15	585.1290051058235	13	571.0125986650886	12	531.6494986031952	10	0.7986707527776726	0.8533792390248824
RKF013	RKF209	97.8509	603.6278847443298	17	583.12718734433	15	570.3542933443298	14	550.7013962248077	13	0.7564223828080663	0.8416758099706153
RKC047	RKF135	81.284	603.206094401245	22	554.2302839448395	17	554.2302839448395	17	519.5760900619658	15	0.8680463597038831	0.8867491455740103
RKC036	RKC046	114.2972	602.7922109423142	13	585.196108889763	11	570.068211889763	10	535.4254118897629	8	0.7723002030444049	0.8943034063536504
RKF218	RKF023	116.306	601.6794021496734	14	583.8154076496734	12	583.8154076496734	12	565.31361331144706	11	0.7906750911177531	0.8495075227321454
RKF010	RKF118	143.4163	601.0284004151458	12	590.270501130783	11	577.611701130783	10	577.611701130783	10	0.821850604719206	0.8588652213940701
RKF036	RKF139	93.225104	600.5462979382017	17	589.0983914382019	16	548.7263123763122	13	532.0845107806243	12	0.7646450506349867	0.8723973112380664
RKF038	RKF218	96.2059	597.1348733070068	14	585.1759733070069	13	570.1626733070069	12	534.1721848768005	10	0.7456143669680804	0.7906750911177531
KFJ010	KFJ029	102.3886	596.5248906797943	15	563.059296296196	12	547.508495296196	11	528.0969969880142	10	0.8489778416758099	0.8771392178376402
KFJ051	KFJ040	102.9034972190857	593.9106143721236	17	576.2644133721237	15	563.2183156166916	14	526.9997115467911	12	0.8838611226716103	0.8897002257450216
RKF081	RKC021	103.34549	590.9674067271819	19	570.1792117406769	17	530.5570021360321	14	481.16540232238	11	0.6682304869282282	0.8912388230991386
RKF042	RKF023	124.1485	588.5142877847595	11	580.2259877847596	10	565.2231887847595	9	565.2231887847595	9	0.8349412936829228	0.8495075227321454
KUP005	KUP002	88.8935	588.0646128479309	15	576.4060128479309	14	562.7455118479309	13	492.3817132431335	9	0.8391030734112721	0.869257059261221
KFJ024	KFJ010	102.38979	587.8004802541869	13	559.7298814770813	10	546.5449824770812	9	546.5449824770812	9	0.8118118875562786	0.8489778416758099
RKF099	RKF047	64.28530216217041	587.0933183342285	19	559.4486099471741	16	545.862909947174	15	470.9747041152648	11	0.7340622753584806	0.8884012460116277
RKF164	RKF098	107.37021	586.9734089103393	18	566.962204087677	16	552.9523945936584	15	518.9574934133911	13	0.7855926752676781	0.8645529870228141
RKF099	RKF209	89.83109444379807	586.0738908860893	15	576.5666908860894	14	549.7958908860893	12	530.7939898860892	11	0.7340622753584806	0.8416758099706153
RKF158	RKF139	165.04091024398804	584.6692236323394	14	564.2623216323394	12	539.994713705017	10	539.994713705017	10	0.7125345238545647	0.8723973112380664
KFJ023	KFJ012	108.93381	582.6198381302489	17	572.0046323654785	16	535.0024264629517	13	476.6620198410645	10	0.8580328654484002	0.871350560579118
RKF156	RKF002	120.627	582.4545030043793	11	574.1187100043793	10	574.1187100043793	10	557.9924110043793	9	0.6884592586987502	0.8210308602272584
RKF195	RKF110	64.711195	582.2472128740235	21	553.5713052865906	18	500.8665068799438	14	481.52580687994384	13	0.8762816389845257	0.9016306609662896
RKF209	RKF020	81.05930000000001	576.0961099146423	16	564.4068046091614	15	520.8069037215271	12	520.8069037215271	12	0.8416758099706153	0.8534044619323269
KFJ009	KFJ049	159.6007	575.0475036069121	11	547.5956035882721	8	534.009601	7	534.009601	7	0.722384069211658	0.7891238823099138
KFJ020	KFJ047	87.68689632415771	574.526593291687	13	556.5945957916871	11	542.4850081223145	10	542.4850081223145	10	0.6489601856405988	0.906032058315362
RKF088	RKF104	114.20081	573.1944110784149	16	552.8705028205719	14	540.261903157791	13	504.0761023353424	11	0.8226829606648759	0.8757141235670236
RKC022	RKF150	102.7484	572.4263954122314	10	572.4263954122314	10	572.4263954122314	10	572.4263954122314	10	0.8813640548346008	0.8876319473345693
RKF037	RKF213	90.383595	570.157300146408	17	537.0983945449067	14	507.048695	12	489.458494	11	0.8975193270528293	0.8949970363083752
RKF153	RKF210	91.8202	566.0546992720833	14	544.3542972720833	12	517.4329967519492	10	499.1335959455223	9	0.8666212654332665	0.8723720883306219
RKF038	RKF037	99.5556	565.2349642897262	17	554.9595675850524	16	528.230669298233	14	455.5182743269348	10	0.7456143669680804	0.8975193270528293
RKF139	RKF210	78.24940000000001	563.857196193367	15	543.6918931107101	13	515.9077991107101	11	515.9077991107101	11	0.8723973112380664	0.8723720883306219
RKF196	RKF182	154.49870228767395	561.7711954880981	16	542.9235928822784	14	516.1003878822785	12	496.34749188227846	11	0.8742133605740734	0.8842899120981675
RKC036	RKC045	109.03869867324828	560.1779733133635	15	542.0531716364745	13	514.8721746364745	11	497.5889734188232	10	0.7723002030444049	0.9039511684511874
RKF038	RKF016	101.2066125869751	560.1554924423142	12	560.1554924423142	12	547.9926924423141	11	547.9926924423141	11	0.7456143669680804	0.8520802592914886
RKF118	RKF142	98.2091	558.3486926273804	13	549.2390942291718	12	536.9315952291718	11	520.7569922291718	10	0.8588652213940701	0.8843655808205012
RKC033	RKC050	69.276494	555.5536795930175	19	501.43559195913696	13	488.8917885056915	12	450.7123969958801	10	0.5941381963098886	0.8533792390248824
RKC047	RKC046	84.50039625167847	551.5210151052934	12	551.5210151052934	12	536.7667151052933	11	520.3295153934937	10	0.8680463597038831	0.8943034063536504
RKF121	RKF110	117.4544	551.3663980095902	13	539.7412990095902	12	539.7412990095902	12	500.9029000095902	10	0.8931431526112015	0.9016306609662896
RKC045	RKC028	82.2631	551.2204896437607	15	551.2204896437607	15	536.7370884644471	14	519.1578904644471	13	0.9039511684511874	0.9073184265950336
KFJ049	KFJ022	107.0271	548.8985963065612	17	528.9782964065612	15	516.5639960065613	14	479.5461980065612	12	0.7891238823099138	0.9113036459712712
RKF181	RKF182	95.4831	546.993878	13	526.7277740000001	11	512.110569	10	493.6513680000001	9	0.834298109543087	0.8842899120981675
RKF163	RKF147	92.05369353294373	546.5379818731461	15	538.3562787824784	14	497.1534767824783	11	480.1547804552689	10	0.6917886824814297	0.8881237940297378
RKF099	RKF016	97.79309928417206	544.7126733491731	14	525.3060739491731	12	496.54707150721737	10	477.2535695340652	9	0.7340622753584806	0.8520802592914886
RKF181	RKF147	68.60760450363159	543.2687926528228	21	510.8800968427428	18	457.1499030033111	14	422.8973130622864	12	0.834298109543087	0.8881237940297378
RKF016	RKF191	128.02099	540.055780939949	11	518.3535867260819	9	518.3535867260819	9	499.8417847260818	8	0.8520802592914886	0.8717793500056752
RKF040	RKF037	90.3434	538.580193584259	19	496.2005874542999	15	480.3876897721099	14	463.3182069687652	13	0.6047065945291513	0.8975193270528293
RKF099	RKF142	103.3892035484314	537.5253918025758	15	516.9308820699769	13	490.6273816280213	11	435.8404942174988	8	0.7340622753584806	0.8843655808205012
RKF002	RKF037	71.953	535.9923368841613	16	506.7533260295715	13	491.9288223693695	12	474.1042203693695	11	0.8210308602272584	0.8975193270528293
RKF113	RKF124	80.19050399999999	534.0710098371643	14	522.4263066873688	13	494.4644202873688	11	494.4644202873688	11	0.8159484443771834	0.880720870694765
RKF147	RKC016	78.500795	533.3074680748138	15	523.3304730748138	14	510.64898885240166	13	475.8873888524017	11	0.8881237940297378	0.900899196650398
RKF218	RKF191	68.4597	532.4716065623016	15	521.9386075623017	14	507.7006075623017	13	454.9807062471161	10	0.7906750911177531	0.8717793500056752
RKF034	RKF032	118.47120523452762	529.948921217453	13	510.825517172348	11	510.825517172348	11	490.9971201723481	10	0.8514370751516527	0.8903181869774129
RKC011	RKC031	99.575394	529.932691	10	529.932691	10	529.932691	10	529.932691	10	0.8776562874402533	0.913119695307278
RKF040	RKF160	57.97940499999999	529.1540858892516	20	498.4564005566559	17	469.1108044022064	15	375.1084046204071	10	0.6047065945291513	0.8971157605337167
KFJ020	KFJ049	100.58601	528.9098316011048	13	509.3006283135987	11	509.3006283135987	11	457.90802539306645	8	0.6489601856405988	0.7891238823099138
RKC047	RKC045	98.55219	528.6023836228943	13	510.3349884858704	11	510.3349884858704	11	510.3349884858704	11	0.8680463597038831	0.9039511684511874
RKF181	RKF226	67.173004	526.4945906374206	19	492.60669765654	16	436.9970991552887	12	401.21349964302055	10	0.834298109543087	0.8836341165046094
RKF196	RKF129	93.12739968299866	524.1281807569503	15	503.3232748655319	13	460.11187700305175	10	460.11187700305175	10	0.8742133605740734	0.8947195843264854
RKF218	RKF157	52.24	523.6260900829222	18	500.5558023897095	16	470.5726068849488	14	414.5020078849488	11	0.7906750911177531	0.921228860050698
RKF163	RKF226	77.3422	523.5513905845185	17	513.2037915845184	16	459.99509113700873	12	442.312187131958	11	0.6917886824814297	0.8836341165046094
RKF109	RKF182	76.6427993774414	522.8194051098479	18	475.8185163502197	13	460.38379835021976	12	460.38379835021976	12	0.862081142093249	0.8842899120981675
KFJ034	KFJ022	84.34509	521.8882010028686	12	503.52410000286864	10	503.52410000286864	10	503.52410000286864	10	0.7307580744832457	0.9113036459712712
RKF061	RKF192	104.3674	521.200002304657	9	510.5969023046569	8	510.5969023046569	8	510.5969023046569	8	0.7619840338995876	0.8982507913687211
KFJ050	KFJ017	69.13890242576599	520.980190614624	19	491.7939918257447	16	477.3811893679352	15	421.4520923679352	12	0.7974600532203348	0.8991462045830023
RKC029	RKF014	79.263896	519.3031873845061	14	508.80088638450616	13	495.1337793845062	12	476.7126793845062	11	0.8196183774103641	0.8685255949453293
KFJ020	KFJ051	74.89201	519.1098044290466	15	507.6458044290465	14	435.7707180454864	9	397.2057144272461	7	0.6489601856405988	0.8838611226716103
RKF231	RKF042	90.4862	519.0493958959046	9	519.0493958959046	9	504.8856988959045	8	504.8856988959045	8	0.7193447088645908	0.8349412936829228
RKC045	RKC031	106.6483	518.3609931028594	10	506.6791979826203	9	492.4963979826202	8	474.7904029826202	7	0.9039511684511874	0.913119695307278
RKF160	RKF213	63.240300000000005	518.3553804746856	19	487.2348897095489	16	472.72978970954887	15	472.72978970954887	15	0.8971157605337167	0.8949970363083752
RKF156	RKF037	87.081194	518.3310934906006	16	497.06619164886473	14	457.3550948587188	11	421.2861978587188	9	0.6884592586987502	0.8975193270528293
RKF013	RKF199	98.072904	517.9126898379287	12	517.9126898379287	12	517.9126898379287	12	500.66468783792885	11	0.7564223828080663	0.8234396478882121
RKF160	RKC023	127.91690826416016	517.0333290199355	16	476.685514459999	12	464.477214459999	11	409.955719091568	8	0.8971157605337167	0.918340837148298
RKF181	RKF237	69.79789733886719	515.8197993207473	16	515.8197993207473	16	475.2303982976685	13	456.08510029351805	12	0.834298109543087	0.8981751226463874
KFJ024	KFJ012	104.53011	514.7383901960602	12	485.7082936769257	9	472.8643987184296	8	456.0339007184296	7	0.8118118875562786	0.871350560579118
RKF156	RKF160	62.5656008720398	513.3288292871993	19	485.0155230454636	16	442.485219392128	13	442.485219392128	13	0.6884592586987502	0.8971157605337167
RKF040	RKF209	40.576	511.4777839855499	22	501.7231858448333	21	433.3517796201477	16	396.7222756547699	14	0.6047065945291513	0.8416758099706153
KFJ012	KFJ029	102.5293	510.89958190224297	13	479.1739845557861	10	479.1739845557861	10	479.1739845557861	10	0.871350560579118	0.8771392178376402
RKF013	RKF191	118.0099	510.571799538681	12	480.36499996232607	9	480.36499996232607	9	480.36499996232607	9	0.7564223828080663	0.8717793500056752
RKF099	RKF218	87.954295	509.3196820587311	14	477.6649784124298	11	463.6146784124298	10	444.4943905172272	9	0.7340622753584806	0.7906750911177531
RKF081	RKF181	89.811707	508.7273152176361	17	461.6336170837937	12	461.6336170837937	12	443.091315428978	11	0.6682304869282282	0.834298109543087
RKF218	RKC023	107.8987	507.82440182278447	10	507.82440182278447	10	491.9047045380859	9	475.27330453808594	8	0.7906750911177531	0.918340837148298
RKF098	RKC021	121.40981	502.1149919889222	11	502.1149919889222	11	502.1149919889222	11	502.1149919889222	11	0.8645529870228141	0.8912388230991386
RKF209	RKF029	69.45619583129883	497.9849791069794	16	497.9849791069794	16	470.95589028480526	14	433.91048860524	12	0.8416758099706153	0.88162889536276845
RKC027	RKF014	94.9416995048523	495.3105244791397	13	464.67282507913967	10	452.3263230791397	9	433.93522207913975	8	0.6432219741969657	0.8685255949453293
RKF014	RKC043	86.43009699999999	494.828184957611	11	494.828184957611	11	494.828184957611	11	440.5592899576111	8	0.8685255949453293	0.9098785517006546
RKC050	RKC042	122.1698	494.1376656388245	9	485.17098163882446	8	485.17098163882446	8	467.5084806388245	7	0.8533792390248824	0.9127161287881654
RKF156	RKF199	104.31850105524065	493.3185046573219	12	493.3185046573219	12	463.5808057872352	10	443.611211308628	9	0.6884592586987502	0.8234396478882121
RKF155	RKF047	68.68130000000001	492.7783060512237	19	474.3341019243927	17	433.2716038317413	14	381.0010004133453	11	0.8712748918567843	0.8884012460116277
KFJ012	KFJ006	140.97660000000002	491.0742210815063	12	481.3165204815063	11	453.7019184815064	9	417.8284186909333	7	0.871350560579118	0.9008865851966756
RKF031	RKF160	74.759793	490.98288759159846	20	439.3906928559264	15	414.4180930712433	13	362.62720567639167	10	0.8852357711273379	0.8971157605337167
RKC015	RKC020	41.31079912185669	489.9332712908533	23	422.4814790257854	16	380.1956845538311	13	361.27938759490775	12	0.7079944005145473	0.9128674662328328
RKF013	RKF198	90.8409	489.5661214970703	14	466.6884195662842	12	438.7331233880615	10	420.1841233880616	9	0.7564223828080663	0.872283808154566
RKF218	RKF029	51.8839	488.7837855950012	20	467.133683921112	18	415.368185432312	14	328.5563898655396	9	0.7906750911177531	0.88162889536276845
RKF158	RKF034	102.633	488.5060895223541	11	477.9531915223541	10	477.9531915223541	10	477.9531915223541	10	0.7125345238545647	0.8514370751516527
RKF002	RKF238	70.438105	487.0264109365082	19	469.8198088063813	17	373.843304131607	10	337.78880628326414	8	0.8210308602272584	0.8913144918214723
RKF007	RKF047	47.607797000000005	486.7812903123015	24	453.0998949345475	21	354.99429780661774	14	286.586896568367	10	0.6250362579294515	0.8884012460116277
RKF218	RKF118	66.805100440979	486.2716076040039	13	486.2716076040039	13	459.2905016040039	11	425.72379383126827	9	0.7906750911177531	0.8588652213940701
RKC035	RKC039	71.7272	481.6918733051147	14	471.38527356890114	13	458.17357356890113	12	441.13687928064735	11	0.8932692671484243	0.9075075984008676
RKF047	RKF046	71.91130518913269	480.1337972520448	17	470.3054979680633	16	426.1438982020263	13	339.57120248944096	8	0.8884012460116277	0.911997275925996
RKC045	RKC002	109.46909	479.8112983312775	9	470.3222977312775	8	470.3222977312775	8	470.3222977312775	8	0.9039511684511874	0.9120729446483296
KFJ050	KFJ040	103.16059589385986	479.7075817022705	17	439.95818591415406	13	396.8544794563446	10	396.8544794563446	10	0.7974600532203348	0.8897002257450216
KFJ025	KFJ018	79.374003	479.4167060660096	16	450.6034080627289	13	408.63151106272886	10	389.4693090627289	9	0.9016054380588452	0.9185804547690212
RKF064	RKF164	69.37769651412964	479.01333139196	17	440.5531216024399	13	427.0956087469101	12	427.0956087469101	12	0.6012006103943601	0.7855926752676781
RKF118	RKF016	123.0764	478.83868813206095	10	457.973589	8	457.973589	8	457.973589	8	0.8588652213940701	0.8520802592914886
RKF156	RKF013	89.87409472465515	476.3351894786377	15	443.9223859519959	12	443.9223859519959	12	371.6562935367584	8	0.6884592586987502	0.7564223828080663
RKF062	RKF182	81.3758	476.1616105484314	14	453.67060954843134	12	439.4067114141998	11	403.4107154158172	9	0.6632363512542091	0.8842899120981675
RKC030	RKC043	100.6827	472.85319040661625	11	460.99488940661627	10	417.699303184204	7	401.26620418420407	6	0.7986707527776726	0.9098785517006546
RKF185	RKF136	83.18039999999999	472.66630068698106	11	472.66630068698106	11	472.66630068698106	11	456.0687006869812	10	0.8066664144375922	0.846745614366968
KFJ018	KFJ015	59.67849493026733	472.44159055643615	16	461.6336889564362	15	461.6336889564362	15	443.2558842002717	14	0.9185804547690212	0.9219603243665896
RKF218	RKF213	66.1363	471.9926961014251	19	440.1299993683319	16	396.4756024435272	13	323.88720628335574	9	0.7906750911177531	0.8949970363083752
RKF020	RKF037	84.84150171279907	471.4256110541916	14	459.8823132865524	13	432.85921328655246	11	413.1831120788193	10	0.8534044619323269	0.8975193270528293
RKF148	RKF129	135.40918827056885	471.4202978705689	11	449.1967802705689	9	435.3024812705688	8	435.3024812705688	8	0.8562924848347269	0.8947195843264854
RKC030	RKC045	95.9664	469.8376013453064	11	460.3490008453064	10	420.6654028120423	7	420.6654028120423	7	0.7986707527776726	0.9039511684511874
RKF037	RKF141	53.052604	465.48888106604	15	457.18157906604	14	441.90637506604	13	403.9568789996338	11	0.8975193270528293	0.8961572900508241
RKC027	RKF150	58.1234	461.3850730246887	18	441.6304782562866	16	428.2312782562866	15	391.1156782730713	13	0.6432219741969657	0.8876319473345693
KFJ048	KFJ015	93.276	460.8745271191712	10	451.7382201191712	9	451.7382201191712	9	435.5347151191712	8	0.8704929817260035	0.9219603243665896
RKF013	RKF160	86.02039813995361	460.5337816138	14	430.6479856138001	11	402.8538990401306	9	402.8538990401306	9	0.7564223828080663	0.8971157605337167
RKF160	RKF141	75.15549700000001	460.0367671922989	17	431.5818670583268	14	416.3066630583268	13	397.0906620583267	12	0.8971157605337167	0.8961572900508241
RKC033	RKF135	42.84480810165405	458.9487492781311	22	409.19173357424165	17	350.39942257469943	13	278.41881806072234	9	0.5941381963098886	0.8867491455740103
RKF139	RKF032	97.1957	457.6369797016906	13	438.320592524292	11	410.6747897281189	9	376.0125969928284	7	0.8723973112380664	0.8903181869774129
KFJ034	KFJ012	83.839595	456.0401960522003	13	414.0432937910766	9	414.0432937910766	9	414.0432937910766	9	0.7307580744832457	0.871350560579118
RKF064	RKC016	63.7949	455.493941620102	19	427.14941772227473	16	402.5483975852508	14	291.98140034964	8	0.6012006103943601	0.900899196650398
RKC011	RKC042	98.818004	455.313982	8	455.313982	8	442.294379	7	424.7171809999999	6	0.8776562874402533	0.9127161287881654
RKC029	RKF150	74.18949604034424	455.0410384704727	16	422.874819687706	13	407.813419687706	12	388.439817687706	11	0.8196183774103641	0.8876319473345693
KFJ006	KFJ018	104.0455	454.95170330226745	9	433.09789799999993	7	419.8986039999999	6	419.8986039999999	6	0.9008865851966756	0.9185804547690212
RKF031	RKF037	69.09880638122559	454.7969937253479	16	436.9895934945068	14	436.9895934945068	14	364.87129311880494	10	0.8852357711273379	0.8975193270528293
RKF013	RKF002	98.072904	452.4213888438262	11	431.8875883438264	9	431.8875883438264	9	395.5289908672028	7	0.7564223828080663	0.8210308602272584
RKF163	RKF182	101.2552	451.6724047114792	15	412.1514168870392	11	352.0296065740661	7	333.3011065740662	6	0.6917886824814297	0.8842899120981675
RKF042	RKF210	61.0355	451.0143856399917	21	386.8137950476151	15	314.8136944120407	10	227.5025008348465	5	0.8349412936829228	0.8723720883306219
RKC033	RKF014	82.81269999999999	451.0076055697327	14	414.6121005890808	10	400.4316906807861	9	400.4316906807861	9	0.5941381963098886	0.8685255949453293
RKF007	RKF042	59.42659378051758	449.6155993619156	18	431.0789988913727	16	387.4662028913727	13	333.09559119998164	10	0.6250362579294515	0.8349412936829228
RKF194	RKF110	88.504195	448.7517875743942	13	427.3563830743942	11	414.2599850743942	10	358.1531904696884	7	0.903333207218796	0.9016306609662896
RKF160	RKC020	108.08639526367188	448.5408978811339	13	448.5408978811339	13	418.331398522644	11	383.52330600479127	9	0.8971157605337167	0.9128674662328328
RKF053	RKF129	140.8663	444.3790958529053	13	426.6511898529053	11	396.1345868529053	9	342.3181970870972	6	0.8665203738034883	0.8947195843264854
RKF029	RKF037	63.6509	444.3759959039001	16	423.3455940266114	14	393.14959502661134	12	339.66629008941646	9	0.88162889536276845	0.8975193270528293
RKC046	RKC039	105.46811	443.2176106222763	11	433.8589106222763	10	419.7891086222763	9	400.57240723391726	8	0.8943034063536504	0.9075075984008676
RKF010	RKF031	78.60349416732788	442.1899883717041	14	411.3744888717041	11	395.9022913390504	10	340.0279797303467	7	0.821850604719206	0.8852357711273379
KFJ023	KFJ022	125.12210011482242	440.277192716526	15	420.29969561035546	13	383.836388804142	10	347.6308873439941	8	0.8580328654484002	0.9113036459712712
KFJ024	KFJ045	111.3589	437.9801856658478	8	428.0694946658477	7	428.0694946658477	7	409.49389189599606	6	0.8118118875562786	0.8985156318968888
KFJ024	KFJ053	84.5942	436.8841938279328	14	427.7736894279327	13	427.7736894279327	13	355.7647850452271	9	0.8118118875562786	0.8915036636273063
RKF016	RKF213	66.13689699999999	436.08668820239245	17	403.73749185833736	14	373.7754889752807	12	321.6818873792114	9	0.8520802592914886	0.8949970363083752
KFJ049	KFJ040	103.1606	434.3815012314911	15	384.9721068267212	10	356.5809124831543	8	356.5809124831543	8	0.7891238823099138	0.8897002257450216
RKF209	RKF157	54.9699	432.9627000610199	14	422.7423990610199	13	407.8267960610199	12	353.47859683871457	9	0.8416758099706153	0.921228860050698
RKF226	RKC016	59.43059921264648	432.3881085189209	15	422.1145088942871	14	407.9260998942871	13	351.9146998942871	10	0.8836341165046094	0.900899196650398
KFJ053	KFJ045	81.1020016670227	431.7834020868835	9	431.7834020868835	9	431.7834020868835	9	411.9419010868836	8	0.8915036636273063	0.8985156318968888
KFJ023	KFJ053	117.55250096321106	430.56259796321103	6	430.56259796321103	6	430.56259796321103	6	430.56259796321103	6	0.8580328654484002	0.8915036636273063
RKF198	RKF160	49.98130202293396	430.0805832187958	17	396.1083797095184	14	340.0381899092865	10	307.4859836458588	8	0.872283808154566	0.8971157605337167
RKF238	RKC039	123.5506	426.4822892607192	11	414.9794872607193	10	401.7984862607193	9	385.2324842607193	8	0.8913144918214723	0.9075075984008676
RKF002	RKF020	90.243196	426.4275944145202	10	426.4275944145202	10	397.6147925765991	8	397.6147925765991	8	0.8210308602272584	0.8534044619323269
KFJ034	KFJ053	92.9958	425.7180092129975	13	416.1803122129975	12	416.1803122129975	12	399.32651221299744	11	0.7307580744832457	0.8915036636273063
KFJ024	KFJ048	63.24839599999999	425.2061821902923	14	414.50558681141655	13	387.853885706894	11	348.3733842935486	9	0.8118118875562786	0.8704929817260035
RKF218	RKF199	83.82229804992676	423.6536182850189	10	423.6536182850189	10	423.6536182850189	10	405.90191828501895	9	0.7906750911177531	0.8234396478882121
RKF113	RKF110	107.6817	420.6476046944885	11	409.76850569448845	10	409.76850569448845	10	393.0730056944885	9	0.8159484443771834	0.9016306609662896
RKC027	RKC038	79.06490564346313	420.0576967577362	10	391.7933967577362	7	377.1932926641846	6	377.1932926641846	6	0.6432219741969657	0.914607846846506
RKC029	RKC012	102.49801	419.5097103572693	13	409.1289177394715	12	394.7428122020569	11	394.7428122020569	11	0.8196183774103641	0.8967500283757709
KFJ025	KFJ013	87.267	418.5260995429535	8	418.5260995429535	8	404.517202	7	404.517202	7	0.9016054380588452	0.907621101484368
RKF182	RKF117	76.882803440094	416.8722106356354	14	408.605201377365	13	369.11971437736514	10	350.9650098065949	9	0.8842899120981675	0.9103325640346562
RKF037	RKC023	100.29319524765016	416.56338720248425	12	385.1347879233704	9	371.0727869233704	8	353.0887899233704	7	0.8975193270528293	0.918340837148298
RKF199	RKF037	64.54609632492065	415.55368243174746	14	415.55368243174746	14	400.5216830821533	13	326.84918420715337	9	0.8234396478882121	0.8975193270528293
RKF010	RKF157	54.9699	413.4545064398651	13	413.4545064398651	13	388.6402104398651	11	351.521298696701	9	0.821850604719206	0.921228860050698
RKF189	RKF192	57.2749	412.8904171572784	14	389.8714155068207	12	377.00201450682067	11	358.60400973654174	10	0.8849709305991702	0.8982507913687211
RKF163	RKF088	124.30799	411.6114907959594	9	411.6114907959594	9	398.6206907959595	8	347.42949179595945	5	0.6917886824814297	0.8226829606648759
RKF038	RKF198	68.6639	411.6004780068054	10	411.6004780068054	10	385.2139780068054	8	385.2139780068054	8	0.7456143669680804	0.872283808154566
RKF002	RKF198	63.6186	411.0199060039062	12	411.0199060039062	12	411.0199060039062	12	357.0182060039062	9	0.8210308602272584	0.872283808154566
RKF036	RKF042	73.64490032196045	410.8466200502014	15	381.2729112775421	12	365.5660085351562	11	295.1327073219605	7	0.7646450506349867	0.8349412936829228
RKF164	RKC021	90.011895	409.01628913797	11	388.30558863797	9	374.21508637585447	8	374.21508637585447	8	0.7855926752676781	0.8912388230991386
RKF038	RKC023	115.37101	407.3853321407967	8	395.6353311407967	7	395.6353311407967	7	377.9492311407967	6	0.7456143669680804	0.918340837148298
KFJ010	KFJ007	127.53919	406.6398938615265	10	387.24379386152646	8	359.8793913693848	6	359.8793913693848	6	0.8489778416758099	0.8694336196133329
RKF016	RKF162	95.813495	406.2136988056641	9	396.023498	8	396.023498	8	376.212899	7	0.8520802592914886	0.8697615174101119
RKF148	RKC016	60.423803	405.6338689077148	10	405.6338689077148	10	405.6338689077148	10	405.6338689077148	10	0.8562924848347269	0.900899196650398
RKF207	RKC016	96.84109687805176	404.650310448578	10	404.650310448578	10	392.2732154485778	9	392.2732154485778	9	0.7671925642868853	0.900899196650398
RKF142	RKF029	110.9008	404.103699682022	12	404.103699682022	12	377.9028986820221	10	324.40269936409	7	0.8843655808205012	0.88162889536276845
RKF162	RKF142	79.469407	404.0932126078491	11	393.0496166078491	10	365.5380146078491	8	347.5700156263732	7	0.8697615174101119	0.8843655808205012
RKF209	RKF162	86.67350400000001	402.7747024493255	8	402.7747024493255	8	402.7747024493255	8	383.3838988738098	7	0.8416758099706153	0.8697615174101119
RKF002	RKF118	104.3405055999756	402.7099155168671	9	391.9968151168671	8	379.1389130668488	7	379.1389130668488	7	0.8210308602272584	0.8588652213940701
RKC014	RKC028	51.369	402.5442065888733	16	373.9015997402649	13	373.9015997402649	13	338.29409489559936	11	0.9027909147087384	0.9073184265950336
RKF198	RKF191	68.46069700000001	402.3669809931854	10	391.47658059318536	9	391.47658059318536	9	354.68218177285763	7	0.872283808154566	0.8717793500056752
KFJ020	KFJ050	97.9779	402.1534024320832	12	384.4701944433441	10	356.374398208786	8	337.231198208786	7	0.6489601856405988	0.7974600532203348
RKF124	RKF182	154.2820930480957	401.9871920835876	10	373.6372981676636	7	373.6372981676636	7	373.6372981676636	7	0.880720870694765	0.8842899120981675
RKF040	RKF218	59.850204	401.5934559152069	17	393.5228558824005	16	301.05233601708983	9	281.5667372145233	8	0.6047065945291513	0.7906750911177531
RKC045	RKC042	99.4882106781006	401.4408021467437	9	401.4408021467437	9	387.09040614674376	8	348.3805097411652	6	0.9039511684511874	0.9127161287881654
RKF218	RKF162	63.3541	401.19589418840025	13	390.1189911884003	12	363.75888718840025	10	345.83268918840025	9	0.7906750911177531	0.8697615174101119
RKC030	RKC011	87.86880000000001	400.5912019083863	11	400.5912019083863	11	360.9416909083863	8	360.9416909083863	8	0.7986707527776726	0.8776562874402533
RKF010	RKF162	74.31079	400.300303981842	11	400.300303981842	11	359.0678981856232	8	359.0678981856232	8	0.821850604719206	0.8697615174101119
RKF037	RKC020	100.69009065628052	400.094896280716	10	389.99259628071593	9	389.99259628071593	9	356.56589428071595	7	0.8975193270528293	0.9128674662328328
RKC011	RKC002	87.22330000000001	399.0166981074525	10	399.0166981074525	10	399.0166981074525	10	399.0166981074525	10	0.8776562874402533	0.9120729446483296
RKF038	RKF199	72.88559675216675	397.6308908338337	11	397.6308908338337	11	372.4822919807224	9	338.0587960302372	7	0.7456143669680804	0.8234396478882121
RKF037	RKF157	63.6954	396.0769741152191	15	330.1587738851929	9	330.1587738851929	9	312.9882738851928	8	0.8975193270528293	0.921228860050698
RKC039	RKC028	54.3213	395.8274886039887	14	387.6097902683411	13	358.4761901229553	11	341.6753921229553	10	0.9075075984008676	0.9073184265950336
KFJ023	KFJ048	87.924707	395.7070045	11	387.523704	10	357.168204	8	357.168204	8	0.8580328654484002	0.8704929817260035
RKF023	RKF020	94.067705	395.43249531866456	10	395.43249531866456	10	383.0054993186645	9	383.0054993186645	9	0.8495075227321454	0.8534044619323269
KFJ049	KFJ017	82.89959999999999	395.41800516124727	11	353.173111849823	7	353.173111849823	7	353.173111849823	7	0.7891238823099138	0.8991462045830023
RKF098	RKF182	74.97449499999999	395.12880744128415	10	385.91620644128415	9	385.91620644128415	9	349.6532054908752	7	0.8645529870228141	0.8842899120981675
RKF099	RKF013	93.269897	394.4490994678955	12	394.4490994678955	12	366.9382000338287	10	349.6563000338287	9	0.7340622753584806	0.7564223828080663
RKF099	RKF037	53.270697593688965	394.39199808766176	14	375.49690108766174	12	349.90199904908746	10	294.4470962765656	7	0.7340622753584806	0.8975193270528293
RKF038	RKF013	50.9158	393.4797936793823	12	393.4797936793823	12	378.06269467938233	11	360.0081020699768	10	0.7456143669680804	0.7564223828080663
RKF209	RKF141	55.4171	392.257714654953	15	392.257714654953	15	348.93430565495305	12	277.9216029747925	8	0.8416758099706153	0.8961572900508241
RKC050	RKC038	122.1756	391.5422934	9	374.402086	7	374.402086	7	356.425695	6	0.8533792390248824	0.914607846846506
RKC047	RKC011	67.9837	390.8270850281448	12	380.3557860281448	11	380.3557860281448	11	360.785882416008	10	0.8680463597038831	0.8776562874402533
RKC036	RKC012	64.38430000000001	388.018890262146	13	379.875390262146	12	367.8687975115967	11	332.8224979571533	9	0.7723002030444049	0.8967500283757709
RKF040	RKF016	56.405497	387.6151077230377	17	359.8646031284485	14	318.21210293966675	11	284.7073070956421	9	0.6047065945291513	0.8520802592914886
RKF053	RKF182	127.0568	387.5929021130066	12	367.85090201000975	10	340.88009801000976	8	322.5833020100098	7	0.8665203738034883	0.8842899120981675
RKF023	RKF142	86.81370000000001	387.50869471237183	8	379.3382987123718	7	379.3382987123718	7	379.3382987123718	7	0.8495075227321454	0.8843655808205012
RKC033	RKC029	80.2883	387.44330888018806	9	387.44330888018806	9	359.0195001895447	7	359.0195001895447	7	0.5941381963098886	0.8196183774103641
KFJ030	KFJ018	51.9452	386.9751154870758	16	357.91831623350527	13	303.1780954536438	9	266.52359845364384	7	0.821383980931482	0.9185804547690212
KFJ048	KFJ013	91.940796	386.7469035	11	369.436496	9	339.080996	7	320.971296	6	0.8704929817260035	0.907621101484368
RKF209	RKF031	70.05219459533691	385.90248928710935	13	385.90248928710935	13	370.9882862871094	12	298.47038652264405	8	0.8416758099706153	0.8852357711273379
RKF109	RKF196	74.1732	384.946801	8	374.694802	7	374.694802	7	374.694802	7	0.862081142093249	0.8742133605740734
RKF007	RKF141	70.4866	383.4683961594849	16	365.20959815948487	14	298.728204	9	263.12649700000003	7	0.6250362579294515	0.8961572900508241
KFJ034	KFJ023	63.904700000000005	383.19709120156097	11	383.19709120156097	11	383.19709120156097	11	365.84679303528594	10	0.7307580744832457	0.8580328654484002
KFJ023	KFJ025	83.64869999999999	381.5741038076249	9	370.6849074117508	8	370.6849074117508	8	370.6849074117508	8	0.8580328654484002	0.9016054380588452
RKF088	RKF181	90.60379	380.9335954372253	9	380.9335954372253	9	380.9335954372253	9	361.82839943722536	8	0.8226829606648759	0.834298109543087
RKC045	RKC039	97.113407	380.6214988023071	11	380.6214988023071	11	368.0278958023071	10	351.0143938023071	9	0.9039511684511874	0.9075075984008676
RKF023	RKF016	89.6732	380.4745820772857	8	380.4745820772857	8	380.4745820772857	8	380.4745820772857	8	0.8495075227321454	0.8520802592914886
RKF142	RKF141	75.6791	380.1436129719544	12	380.1436129719544	12	326.4178159719544	8	289.80680738473507	6	0.8843655808205012	0.8961572900508241
RKF010	RKF029	78.3769965171814	375.4400855680938	14	337.99608436701965	10	322.34008436701964	9	269.0171013670196	6	0.821850604719206	0.88162889536276845
RKF124	RKF129	141.75150394439694	373.0249954364471	9	364.5345939300232	8	350.0075949300231	7	334.00089893002314	6	0.880720870694765	0.8947195843264854
KFJ029	KFJ022	73.6177	370.4392967036285	11	359.7966012766876	10	359.7966012766876	10	340.6796035578766	9	0.8771392178376402	0.9113036459712712
RKF020	RKF160	57.145596	370.1557049980773	14	340.8940083409424	11	314.5769993409424	9	257.6183954544983	6	0.8534044619323269	0.8971157605337167
RKF231	RKF010	84.890497	369.97349169904334	10	369.97349169904334	10	340.44089869904326	8	321.34669969904326	7	0.7193447088645908	0.821850604719206
RKF013	RKC020	94.61470246315002	369.92229999343874	9	369.92229999343874	9	369.92229999343874	9	353.8655001048279	8	0.7564223828080663	0.9128674662328328
RKF142	RKF157	75.6647	369.0286987355042	12	348.97079988143923	10	348.97079988143923	10	329.9735958814392	9	0.8843655808205012	0.921228860050698
RKC012	RKC038	44.114402000000005	368.9048965900116	14	368.9048965900116	14	331.7648105381012	11	314.6797113178253	10	0.8967500283757709	0.914607846846506
RKF042	RKF015	95.25169	368.7352956	7	359.82729200000006	6	359.82729200000006	6	359.82729200000006	6	0.8349412936829228	0.8858663438134514
KFJ053	KFJ013	102.8932	368.531498	6	368.531498	6	368.531498	6	368.531498	6	0.8915036636273063	0.907621101484368
RKF038	RKF002	89.4602	368.3724741588287	10	348.76508508351134	8	333.49088208351134	7	333.49088208351134	7	0.7456143669680804	0.8210308602272584
RKF036	RKF037	68.68129968643188	368.3361084147186	13	358.20761033732606	12	342.4714119120331	11	288.0635001927338	8	0.7646450506349867	0.8975193270528293
RKF007	RKF029	41.062403	364.7483155409103	16	330.2415147844391	13	287.2777176209107	10	253.90361399093624	8	0.6250362579294515	0.88162889536276845
RKC036	RKC050	69.926995	364.5213930536133	11	339.25508661645506	8	339.25508661645506	8	320.20029261645504	7	0.7723002030444049	0.8533792390248824
RKF037	RKF046	67.8019	364.051509	12	364.051509	12	349.039009	11	259.296	6	0.8975193270528293	0.911997275925996
RKF156	RKF198	69.73450481891632	362.9126877105179	12	354.70068171051787	11	340.6871817105179	10	303.2766827105179	8	0.6884592586987502	0.872283808154566
RKF013	RKF037	82.9863	361.9696941493225	10	351.9064991493225	9	351.9064991493225	9	335.1787981493225	8	0.7564223828080663	0.8975193270528293
RKF034	RKF047	64.26949499999999	361.2161832233581	11	352.41368583642577	10	337.7272920986328	9	337.7272920986328	9	0.8514370751516527	0.8884012460116277
RKF195	RKC021	65.26050567626953	358.701993410202	16	327.3952037785492	13	283.0522997785492	10	228.21240267626956	7	0.8762816389845257	0.8912388230991386
RKC031	RKC043	74.8729	358.6693963531494	10	358.6693963531494	10	314.53530107192995	7	280.40960107193	5	0.913119695307278	0.9098785517006546
RKF038	RKF160	99.78589	358.0028942136459	11	358.0028942136459	11	329.60379646834565	9	311.13759646834563	8	0.7456143669680804	0.8971157605337167
KFJ024	KFJ022	83.8824	354.155290100296	11	335.8353910150451	9	335.8353910150451	9	281.23698757092285	6	0.8118118875562786	0.9113036459712712
RKF007	RKF040	72.4914	353.7653883266922	14	324.0948937266922	11	284.5201869760513	8	266.5792842660904	7	0.6250362579294515	0.6047065945291513
KFJ048	KFJ029	66.5152	353.5645593656921	13	321.68706986431886	10	309.4383698643189	9	293.41847086431886	8	0.8704929817260035	0.8771392178376402
RKF042	RKF139	43.03549528121948	353.1696017352448	15	333.76390262300106	13	318.1447021549377	12	208.0751091549377	6	0.8349412936829228	0.8723973112380664
RKF061	RKC018	109.16541	352.560805	6	352.560805	6	352.560805	6	352.560805	6	0.7619840338995876	0.9011262028173987
RKF135	RKC038	55.28939	351.73247610360715	15	332.0983786289368	13	276.40568214756775	9	260.350580991333	8	0.8867491455740103	0.914607846846506
RKF158	RKF032	67.7835	351.3299050023041	12	332.2899083267059	10	288.2593015685577	7	269.4784025685577	6	0.7125345238545647	0.8903181869774129
KFJ030	KFJ013	102.7459	351.218598	5	351.218598	5	351.218598	5	351.218598	5	0.821383980931482	0.907621101484368
RKC021	RKF194	73.83591	351.0800998529892	14	308.71631019380953	10	280.82400998114014	8	263.8491079811401	7	0.8912388230991386	0.903333207218796
RKF013	RKF020	92.56929	350.15549396986387	9	330.36899152197265	7	330.36899152197265	7	311.8797855219726	6	0.7564223828080663	0.8534044619323269
RKF010	RKF141	75.03958940505981	349.0613944452972	11	349.0613944452972	11	336.5322954452972	10	263.71349157948305	6	0.821850604719206	0.8961572900508241
KFJ008	KFJ015	46.388200000000005	348.6489937947349	16	319.652993827755	13	231.72349638668825	7	215.62779838668823	6	0.6727327759070788	0.9219603243665896
RKF196	RKF117	125.99261	348.32501608883666	5	348.32501608883666	5	348.32501608883666	5	348.32501608883666	5	0.8742133605740734	0.9103325640346562
RKF201	RKF196	86.12330555915833	347.4498933434693	13	308.1290001051941	9	279.65180859013367	7	259.87540459013366	6	0.7008815406151867	0.8742133605740734
RKF016	RKF157	50.1704	346.19708905263366	13	324.96728850881954	11	309.09818350881955	10	274.5170828413391	8	0.8520802592914886	0.921228860050698
RKF002	RKF029	78.77559661865234	345.92359640485535	11	345.92359640485535	11	318.49489580485533	9	301.1544979700775	8	0.8210308602272584	0.88162889536276845
RKF209	RKF213	43.29469203948974	345.8060964183899	15	314.779189025055	12	271.34488602505496	9	234.82737602505492	7	0.8416758099706153	0.8949970363083752
KFJ053	KFJ015	92.0209	345.522309	8	327.52061100000003	6	314.525011	5	314.525011	5	0.8915036636273063	0.9219603243665896
RKF016	RKF029	56.9219	345.4715834263916	13	345.4715834263916	13	316.6409834263916	11	282.0598824263916	9	0.8520802592914886	0.88162889536276845
KFJ034	KFJ025	52.5586	345.4136906177673	13	325.63980161776726	11	312.6640015803833	10	277.2115995803833	8	0.7307580744832457	0.9016054380588452
KFJ007	KFJ053	106.883	345.39207669958495	8	345.39207669958495	8	332.955076699585	7	314.04929400000003	6	0.8694336196133329	0.8915036636273063
RKF038	RKF029	56.31649494171143	344.9112037072257	14	325.18779990308764	12	284.7218062782097	9	229.0171012782097	6	0.7456143669680804	0.88162889536276845
RKF158	RKF046	66.19689762592316	344.0574035202103	14	304.9782040202102	10	277.52221236006926	8	244.0620152548294	6	0.7125345238545647	0.911997275925996
RKF118	RKF037	83.45630168914795	343.95261074517214	12	323.6041091451722	10	310.3565119276124	9	252.9480019276123	6	0.8588652213940701	0.8975193270528293
RKC047	RKC043	86.3365	343.5121872088318	9	334.7746887088318	8	304.4475953444519	6	304.4475953444519	6	0.8680463597038831	0.9098785517006546
RKF210	RKF037	68.3632	343.3168216584167	12	315.3426094887695	9	300.936596	8	300.936596	8	0.8723720883306219	0.8975193270528293
RKF156	RKC020	79.798293	343.08509035717776	10	331.2910923571777	9	331.2910923571777	9	312.8616933571777	8	0.6884592586987502	0.9128674662328328
RKF042	RKF034	41.826904	343.0177163316116	15	310.476812798439	12	283.33201091760253	10	229.3123069176025	7	0.8349412936829228	0.8514370751516527
RKF135	RKC002	56.254196	342.4614936798172	14	298.7802982594452	10	284.98960140008546	9	284.98960140008546	9	0.8867491455740103	0.9120729446483296
KFJ030	KFJ023	127.8944045305252	341.39440695145413	7	341.39440695145413	7	326.4308099514542	6	309.9039109514542	5	0.821383980931482	0.8580328654484002
RKF139	RKF047	63.2432	338.2045023631592	15	286.48780818341066	10	256.3330060120849	8	237.39460169041445	7	0.8723973112380664	0.8884012460116277
RKF113	RKF088	42.437000000000005	337.98683597546386	16	328.05123047546385	15	256.0789136503296	10	185.4465042257385	6	0.8159484443771834	0.8226829606648759
RKF201	RKF053	140.86809	337.91866726594543	10	309.90217707110594	7	309.90217707110594	7	273.1250861390991	5	0.7008815406151867	0.8665203738034883
RKF023	RKC020	84.575	336.85419775094607	6	336.85419775094607	6	336.85419775094607	6	336.85419775094607	6	0.8495075227321454	0.9128674662328328
RKF176	RKF196	92.47270226478577	336.5680959750519	11	326.4634039927826	10	281.8562939927826	7	262.2658919927826	6	0.7850377713038982	0.8742133605740734
RKF162	RKF047	47.367907	335.4657165969238	12	335.4657165969238	12	320.28751759692386	11	302.303318072998	10	0.8697615174101119	0.8884012460116277
RKF191	RKC020	84.783506	334.6186009431686	9	334.6186009431686	9	334.6186009431686	9	261.32220323567964	5	0.8717793500056752	0.9128674662328328
KFJ013	KFJ018	79.3775	334.3740137789612	12	315.0104107789612	10	301.382905476532	9	301.382905476532	9	0.907621101484368	0.9185804547690212
RKC035	RKC028	106.3576	333.4661832138367	8	316.3483012857972	6	316.3483012857972	6	298.6605992857972	5	0.8932692671484243	0.9073184265950336
RKF135	RKC031	55.576193	331.65210726268003	11	319.9285054445953	10	307.6688075304718	9	307.6688075304718	9	0.8867491455740103	0.913119695307278
RKF002	RKF191	119.46869	330.633686940628	10	309.29198786531066	8	280.5670908653106	6	261.542587634262	5	0.8210308602272584	0.8717793500056752
RKF038	RKF031	57.04929828643799	330.0723904777283	11	318.30289307772824	10	305.3405994528503	9	287.45620145285034	8	0.7456143669680804	0.8852357711273379
KFJ023	KFJ018	44.94310617446899	328.96679388303755	13	328.96679388303755	13	303.09869087476733	11	248.31638521690368	8	0.8580328654484002	0.9185804547690212
RKF191	RKF037	70.579803	327.5142152763214	12	316.9420142763214	11	289.5482142561035	9	215.98900777290345	5	0.8717793500056752	0.8975193270528293
RKF163	RKF098	75.20380020141602	325.94268899969484	11	297.20448549969484	8	297.20448549969484	8	297.20448549969484	8	0.6917886824814297	0.8645529870228141
KUP017	KUP018	66.6602	325.4871021326294	9	317.0541001326294	8	290.2897068255615	6	290.2897068255615	6	0.8511470117160405	0.8882372971132383
RKF042	RKF155	50.7996	323.959005768045	15	273.30100615466307	10	242.2995990901489	8	224.52729407839965	7	0.8349412936829228	0.8712748918567843
RKC015	RKC023	37.5762	322.9471749394226	15	314.4159739394226	14	233.91299283831785	8	233.91299283831785	8	0.7079944005145473	0.918340837148298
KFJ034	KFJ013	59.8916	322.9292880026718	11	302.41048940267183	9	302.41048940267183	9	265.95519262075044	7	0.7307580744832457	0.907621101484368
RKF176	RKF182	97.147399187088	322.4458992693405	10	301.118600710556	8	272.78749980888364	6	256.76969923934934	5	0.7850377713038982	0.8842899120981675
RKF023	RKF198	115.23759	322.38618553272244	8	314.19878453272247	7	314.19878453272247	7	295.70248574274444	6	0.8495075227321454	0.872283808154566
KFJ045	KFJ013	58.055800000000005	321.73869504684444	11	294.5237866121521	8	280.7689866121521	7	262.43009161215207	6	0.8985156318968888	0.907621101484368
KFJ029	KFJ045	81.41910433769226	321.37020157028803	8	302.91100367028804	6	302.91100367028804	6	302.91100367028804	6	0.8771392178376402	0.8985156318968888
RKC012	RKC042	55.75059999999999	321.1560232775345	11	310.25432177753447	10	310.25432177753447	10	310.25432177753447	10	0.8967500283757709	0.9127161287881654
RKF121	RKC021	48.460907	320.7149141763	12	299.4740151763	10	269.4675111174621	8	252.3553111174621	7	0.8931431526112015	0.8912388230991386
KUP009	KUP017	55.508100000000006	320.69769321009824	10	309.4767969660492	9	293.773697	8	293.773697	8	0.8417767016003935	0.8511470117160405
RKF016	RKF141	75.02321004867554	320.15489873511353	11	296.7992983351135	9	296.7992983351135	9	240.08430504867556	6	0.8520802592914886	0.8961572900508241
RKF210	RKF160	39.3783	317.3887088826676	15	267.5274116897812	10	253.1260946897812	9	253.1260946897812	9	0.8723720883306219	0.8971157605337167
RKC012	RKC002	65.0173	316.76219818594353	11	316.76219818594353	11	302.9823076486816	10	286.3408076486816	9	0.8967500283757709	0.9120729446483296
RKF155	RKF160	68.68130000000001	316.6297148947083	13	308.2863162947083	12	283.04529929470823	10	228.94790280918883	7	0.8712748918567843	0.8971157605337167
RKF064	RKF181	43.63699853420257	313.0789906115036	15	282.1614860853348	12	230.2286950043869	8	213.99919661800385	7	0.6012006103943601	0.834298109543087
KFJ030	KFJ045	90.31829833984376	312.7121964277496	7	301.62649542774966	6	301.62649542774966	6	281.7699954277496	5	0.821383980931482	0.8985156318968888
RKF198	RKF037	46.851993	312.3447035570297	14	288.7909022691879	12	247.62640018354796	9	175.24120212098694	5	0.872283808154566	0.8975193270528293
RKF007	RKF016	52.365300000000005	311.5816994975357	13	294.99690944715115	11	280.61221044715114	10	244.87310344715115	8	0.6250362579294515	0.8520802592914886
RKF211	RKF169	49.321198	311.3415572086868	15	278.1989666597671	12	249.3804786597672	10	157.4805858176651	5	0.6366892411688295	0.8460393729585209
KFJ029	KFJ053	64.5723	310.709394	11	291.548295	9	291.548295	9	257.36839	7	0.8771392178376402	0.8915036636273063
RKF031	RKF142	110.8244	310.42781631503294	10	278.60931831503297	7	253.94281831503292	5	217.35190866088868	3	0.8852357711273379	0.8843655808205012
KFJ024	KFJ030	84.6275	309.3043001219788	9	299.1179020926514	8	299.1179020926514	8	264.9057010926513	6	0.8118118875562786	0.821383980931482
KFJ029	KFJ015	81.752694	308.2653955075379	9	299.28329740496827	8	285.2273004049683	7	249.09679740496827	5	0.8771392178376402	0.9219603243665896
RKF002	RKF157	50.1704	307.9151805843261	10	298.3410831843261	9	298.3410831843261	9	282.3262866888885	8	0.8210308602272584	0.921228860050698
RKF010	RKF213	42.3119	307.8145893817047	16	267.9868958654174	12	243.02950086541745	10	154.57248572680663	5	0.821850604719206	0.8949970363083752
RKF199	RKF118	99.52070116996764	307.25590882154086	8	307.25590882154086	8	281.8194045708237	6	244.15700557082369	4	0.8234396478882121	0.8588652213940701
RKF176	RKF124	96.53220176696776	306.63990949841303	8	306.63990949841303	8	291.065299498413	7	271.8489050739745	6	0.7850377713038982	0.880720870694765
RKF036	RKF160	72.8966	306.6186897736816	12	248.1100014867096	6	235.4299004867096	5	235.4299004867096	5	0.7646450506349867	0.8971157605337167
RKF191	RKF160	86.57749	306.5513910355835	9	286.45159053558353	7	286.45159053558353	7	253.45049	5	0.8717793500056752	0.8971157605337167
RKF007	RKF031	60.9672	304.39591946484376	11	282.6285024648438	9	253.623601	7	235.704901	6	0.6250362579294515	0.8852357711273379
KFJ048	KFJ018	58.93280506134033	302.5539102445678	12	282.63650424456785	10	223.8803970613403	6	205.3916980613403	5	0.8704929817260035	0.9185804547690212
KFJ024	KFJ015	103.5732	302.4193091167298	8	294.35790911672973	7	266.054906	5	247.25630400000003	4	0.8118118875562786	0.9219603243665896
RKF156	RKF029	51.67610049247742	302.03780162566375	13	282.15470212566373	11	243.6201978157272	8	175.24030081572724	4	0.6884592586987502	0.88162889536276845
RKC046	RKC028	87.7115	301.536107	5	301.536107	5	301.536107	5	301.536107	5	0.8943034063536504	0.9073184265950336
KFJ029	KFJ040	96.613693	301.41951120000004	7	279.083508	5	279.083508	5	279.083508	5	0.8771392178376402	0.8897002257450216
RKF148	RKF109	76.6381025314331	301.2608965172577	10	281.456216342453	8	268.8184163641968	7	268.8184163641968	7	0.8562924848347269	0.862081142093249
RKF099	RKF160	53.27639579772949	301.2250927484375	13	281.50559314843747	11	239.93399696783447	8	184.96519295384212	5	0.7340622753584806	0.8971157605337167
RKF218	RKF210	66.5348	300.2317069649505	14	277.76091067329406	12	207.8042128951416	7	136.193604	3	0.7906750911177531	0.8723720883306219
RKF040	RKF142	38.823800000000006	299.23550250327145	14	289.4916033962921	13	234.29020482383729	9	181.90080917759707	6	0.6047065945291513	0.8843655808205012
RKC029	RKC002	86.245704	299.22290768321227	8	299.22290768321227	8	283.4569066832123	7	265.17280668321223	6	0.8196183774103641	0.9120729446483296
KFJ006	KFJ015	72.1545	298.9420948429184	11	279.6452997318344	9	266.3489012113647	8	248.3539992113648	7	0.9008865851966756	0.9219603243665896
RKF032	RKF047	50.744	298.12140525146475	12	280.24280128225706	10	237.6393023439331	7	220.22760234393309	6	0.8903181869774129	0.8884012460116277
RKF142	RKF213	42.8776	296.7379155229187	13	286.1756148408508	12	236.58080839782716	8	202.21839639782715	6	0.8843655808205012	0.8949970363083752
KFJ024	KFJ051	82.753503	295.001286403244	9	272.056293	7	258.021593	6	220.940393	4	0.8118118875562786	0.8838611226716103
RKF198	RKC020	51.4192	294.4550047950805	8	284.2658053950806	7	284.2658053950806	7	265.7274063950805	6	0.872283808154566	0.9128674662328328
RKF016	RKF210	66.2357	294.17819807368465	13	250.70749707368464	9	222.34540218125915	7	168.143698	4	0.8520802592914886	0.8723720883306219
RKF148	RKF124	155.16209602355957	293.0320956670074	7	273.12189702355954	5	259.6643960235595	4	259.6643960235595	4	0.8562924848347269	0.880720870694765
RKF199	RKF160	91.87920093536376	292.37520723546595	10	283.9281055232392	9	283.9281055232392	9	209.29350264823915	5	0.8234396478882121	0.8971157605337167
RKF199	RKF198	89.7925	292.2186007712097	6	292.2186007712097	6	277.60839977120975	5	277.60839977120975	5	0.8234396478882121	0.872283808154566
RKF199	RKF191	67.8764	292.17610373674006	8	292.17610373674006	8	292.17610373674006	8	256.37180243440247	6	0.8234396478882121	0.8717793500056752
RKF124	RKF117	125.99261	291.50112108280183	6	274.41841500000004	4	274.41841500000004	4	274.41841500000004	4	0.880720870694765	0.9103325640346562
RKF007	RKF218	58.9171	291.1610248482819	12	268.18701684828187	10	239.76141284828185	8	186.72751284828183	5	0.6250362579294515	0.7906750911177531
RKF038	RKF141	53.356504	291.0867014372597	10	279.31679843725965	9	266.0945034372597	8	248.6458034372597	7	0.7456143669680804	0.8961572900508241
RKF163	RKF237	53.91069650650024	290.914497459198	10	270.71469817235567	8	258.22049817235563	7	258.22049817235563	7	0.6917886824814297	0.8981751226463874
RKC029	RKC042	92.40259528160097	290.812394281601	5	281.1772942816009	4	281.1772942816009	4	281.1772942816009	4	0.8196183774103641	0.9127161287881654
RKC030	RKC012	57.6718	290.74790195947264	9	290.74790195947264	9	278.2699079943237	8	278.2699079943237	8	0.7986707527776726	0.8967500283757709
RKC027	RKC012	36.899394	290.5275709696121	14	232.1402824490204	8	219.3087824490204	7	200.4718907978668	6	0.6432219741969657	0.8967500283757709
KFJ034	KFJ015	71.44390299999999	289.72899561849977	8	279.12019139257814	7	279.12019139257814	7	279.12019139257814	7	0.7307580744832457	0.9219603243665896
RKF007	RKF157	47.127205	289.24790705125423	12	268.2165035236359	10	228.1043067836304	7	195.3686007836304	5	0.6250362579294515	0.921228860050698
RKF062	RKF148	57.242000102996826	289.119513434555	9	278.56821243455505	8	265.9401114345551	7	248.14701343455505	6	0.6632363512542091	0.8562924848347269
RKF156	RKC023	85.6987	289.07908043439863	6	289.07908043439863	6	289.07908043439863	6	270.0772804343987	5	0.6884592586987502	0.918340837148298
RKC042	RKC043	67.8977	288.88378790719605	9	280.39888790719607	8	266.0797899071961	7	229.33579749996952	5	0.9127161287881654	0.9098785517006546
KFJ023	KFJ029	81.4419	288.8252077587433	8	270.6324037587433	6	270.6324037587433	6	270.6324037587433	6	0.8580328654484002	0.8771392178376402
RKF042	RKF046	40.52090644836426	288.73121767317195	14	269.2332150786285	12	184.27760907867432	6	166.9395120786743	5	0.8349412936829228	0.911997275925996
RKC046	RKC045	70.39339542388916	288.6232039324341	8	288.6232039324341	8	247.80430395324703	5	247.80430395324703	5	0.8943034063536504	0.9039511684511874
RKF023	RKF047	55.445397	287.3392945685425	9	287.3392945685425	9	259.1048955685425	7	259.1048955685425	7	0.8495075227321454	0.8884012460116277
RKF135	RKC039	45.899498	287.2919904793625	10	269.520892726532	8	269.520892726532	8	249.549790726532	7	0.8867491455740103	0.9075075984008676
RKF007	RKF213	46.650797	286.80849529170223	12	286.80849529170223	12	258.45189506044	10	186.98549706044005	6	0.6250362579294515	0.8949970363083752
KFJ034	KFJ030	84.8162	285.7371000999908	8	276.3922000999909	7	276.3922000999909	7	258.26579909999083	6	0.7307580744832457	0.821383980931482
KFJ024	KFJ013	84.2863	284.496908	5	284.496908	5	284.496908	5	265.698306	4	0.8118118875562786	0.907621101484368
KFJ025	KFJ015	93.276	283.71481	5	283.71481	5	283.71481	5	264.073113	4	0.9016054380588452	0.9219603243665896
RKF231	RKF142	90.4837	281.7421091997833	8	260.33920769978334	6	245.4653096997833	5	245.4653096997833	5	0.7193447088645908	0.8843655808205012
RKF201	RKF124	147.68190383911133	281.6774028391114	7	263.58580783911134	5	263.58580783911134	5	243.80940383911133	4	0.7008815406151867	0.880720870694765
RKF201	RKF148	134.6528947353363	281.4859074696884	7	270.6845057353363	6	244.07069773533632	4	244.07069773533632	4	0.7008815406151867	0.8562924848347269
RKF147	RKF129	66.226697	280.7251965980988	8	280.7251965980988	8	254.75789559809877	6	235.80259359809875	5	0.8881237940297378	0.8947195843264854
RKF099	RKF199	105.0228014588356	279.9863254765724	8	246.17481535651012	5	232.1791202423744	4	232.1791202423744	4	0.7340622753584806	0.8234396478882121
RKF121	RKF117	126.6741	279.7613018930969	4	279.7613018930969	4	279.7613018930969	4	279.7613018930969	4	0.8931431526112015	0.9103325640346562
RKC012	RKC018	49.751687	278.5649804776916	11	278.5649804776916	11	250.4476814776916	9	212.17857898088076	7	0.8967500283757709	0.9011262028173987
RKF156	RKF031	54.9527	278.2796026913452	13	248.9186050383606	10	222.03580746331784	8	149.53360146331786	4	0.6884592586987502	0.8852357711273379
RKF156	RKF157	54.9496	278.0895088729553	10	258.9113031156311	8	258.9113031156311	8	205.5404041156311	5	0.6884592586987502	0.921228860050698
RKC002	RKC043	88.9765	277.10770360281373	8	277.10770360281373	8	235.589501	5	215.908001	4	0.9120729446483296	0.9098785517006546
RKF176	RKF053	89.574707	276.7677007256775	7	276.7677007256775	7	276.7677007256775	7	259.1154037256775	6	0.7850377713038982	0.8665203738034883
RKF164	RKF192	71.66800500000001	276.59454084487913	8	266.1147328448792	7	224.36861700000003	4	224.36861700000003	4	0.7855926752676781	0.8982507913687211
RKF198	RKF157	52.1287	276.31180823526	10	264.54420823526	9	238.4356159386596	7	199.68242093865965	5	0.872283808154566	0.921228860050698
RKF218	RKF141	59.850204	275.1975130405273	11	255.21131304052736	9	228.7647114497985	7	211.46861144979857	6	0.7906750911177531	0.8961572900508241
RKF002	RKF162	67.5191	274.94821376112367	8	263.88450676112365	7	248.63700676112364	6	230.674402	5	0.8210308602272584	0.8697615174101119
RKF199	RKF162	79.3403	274.8071117611237	7	274.8071117611237	7	262.32281176112366	6	225.4979	4	0.8234396478882121	0.8697615174101119
RKF014	RKC047	82.2744	274.58200800000003	7	265.985008	6	265.985008	6	265.985008	6	0.8685255949453293	0.8680463597038831
RKC030	RKF135	45.6446	273.67157517285153	11	240.196676508667	8	211.75948250866696	6	194.455482508667	5	0.7986707527776726	0.8867491455740103
RKF164	RKF136	69.85030174255371	273.5254279364929	8	263.60552227395624	7	251.12792227395627	6	231.95271427395627	5	0.7855926752676781	0.846745614366968
KFJ024	KFJ040	111.2185	272.859904	4	272.859904	4	272.859904	4	272.859904	4	0.8118118875562786	0.8897002257450216
RKF038	RKC020	102.39670276641846	272.59450067591854	7	262.6586090476532	6	246.9453047664184	5	246.9453047664184	5	0.7456143669680804	0.9128674662328328
RKF218	RKF139	43.09089183807373	272.04299045355225	10	262.8291974535523	9	262.8291974535523	9	226.15630145355223	7	0.7906750911177531	0.8723973112380664
RKF231	RKF218	85.7248	271.9571977328033	6	271.9571977328033	6	271.9571977328033	6	271.9571977328033	6	0.7193447088645908	0.7906750911177531
RKF182	RKF121	58.5708	271.58639111101377	11	240.86479501335145	8	213.50649501335144	6	213.50649501335144	6	0.8842899120981675	0.8931431526112015
KFJ049	KFJ007	100.58911	271.27540060453794	8	241.041106604538	5	241.041106604538	5	221.3590091695404	4	0.7891238823099138	0.8694336196133329
RKF013	RKC023	66.07710123062134	270.1536908635101	8	270.1536908635101	8	257.38508986351013	7	238.9636962306213	6	0.7564223828080663	0.918340837148298
RKF053	RKF117	102.4838	269.95431675820925	5	269.95431675820925	5	269.95431675820925	5	252.248613976532	4	0.8665203738034883	0.9103325640346562
RKF013	RKF118	58.4427	268.7982059534607	10	249.42390795346068	8	249.42390795346068	8	232.0837069534607	7	0.7564223828080663	0.8588652213940701
RKF010	RKF015	73.55629	268.582083	5	268.582083	5	268.582083	5	268.582083	5	0.821850604719206	0.8858663438134514
RKF099	RKC020	67.29039999999999	268.51270577005005	8	245.86210077005	6	229.94240377005	5	229.94240377005	5	0.7340622753584806	0.9128674662328328
RKF104	RKC021	113.54511	268.370118	5	268.370118	5	268.370118	5	268.370118	5	0.8757141235670236	0.8912388230991386
RKF109	RKF194	72.25359999999999	268.321612	6	258.101013	5	258.101013	5	258.101013	5	0.862081142093249	0.903333207218796
RKF198	RKF029	52.098703	268.2230137621765	11	248.99251256817627	9	235.38810956817628	8	182.4143095681763	5	0.872283808154566	0.88162889536276845
RKF238	RKC028	90.2321994304657	266.18170141515736	4	266.18170141515736	4	266.18170141515736	4	266.18170141515736	4	0.8913144918214723	0.9073184265950336
RKF109	RKF121	73.176897	266.035899	6	255.8153	5	255.8153	5	255.8153	5	0.862081142093249	0.8931431526112015
RKF002	RKF141	43.93529891967773	265.99980746528627	11	265.99980746528627	11	212.78781046528624	7	193.43170275349425	6	0.8210308602272584	0.8961572900508241
RKC036	RKC029	97.4247	265.4340963181	9	237.2839923181	6	207.54109585847476	4	207.54109585847476	4	0.7723002030444049	0.8196183774103641
RKF135	RKC042	76.750004	263.8427164308624	10	242.5607170812683	8	229.20131347103884	7	210.19130647103884	6	0.8867491455740103	0.9127161287881654
RKC039	RKC043	74.998903	263.19918631869507	9	254.9279868186951	8	212.74709081869509	5	212.74709081869509	5	0.9075075984008676	0.9098785517006546
RKF020	RKC020	86.83999999999999	262.58240296998594	7	252.769302969986	6	237.94119896998595	5	220.191502	4	0.8534044619323269	0.9128674662328328
RKF088	RKF182	80.6369	262.057612	5	262.057612	5	248.3623	4	248.3623	4	0.8226829606648759	0.8842899120981675
KFJ024	KFJ025	59.0376	261.1372932337189	10	250.75179780944825	9	221.45410280944824	7	201.8768022608948	6	0.8118118875562786	0.9016054380588452
RKF007	RKF142	60.806894	259.87139319921874	13	239.3011926115875	11	172.60039213415524	6	134.453389	4	0.6250362579294515	0.8843655808205012
RKF007	RKF160	32.301694	259.4394859182282	14	224.9955859372559	11	182.74649095620728	8	112.44049690289306	4	0.6250362579294515	0.8971157605337167
RKF118	RKF198	64.527595	259.386997	6	248.479895	5	248.479895	5	248.479895	5	0.8588652213940701	0.872283808154566
RKF036	RKF010	73.23130369186401	257.60020250982666	10	248.87850550982668	9	221.08330086865237	7	168.275003691864	4	0.7646450506349867	0.821850604719206
RKF016	RKF031	74.38840866088867	257.44837466146845	10	234.65327866146848	8	203.3713906654663	6	184.5214936654663	5	0.8520802592914886	0.8852357711273379
RKF109	RKF129	42.883003	257.39259171883543	12	229.8146009579468	9	215.2701969579468	8	177.95770795794675	6	0.862081142093249	0.8947195843264854
RKF156	RKF141	85.25870069861412	256.555304978136	10	244.97510597813604	9	202.752108978136	6	166.38190897813607	4	0.6884592586987502	0.8961572900508241
KFJ024	KFJ023	84.28090999999999	254.45332189599608	8	233.58711889599607	6	233.58711889599607	6	215.22071689599608	5	0.8118118875562786	0.8580328654484002
RKF040	RKF002	35.179704	253.70021244014737	13	233.54411594014735	11	160.33030627518465	6	143.55480527518466	5	0.6047065945291513	0.8210308602272584
RKF129	RKF194	49.61099624633789	253.418399802803	10	242.48840080280303	9	215.21769331474303	7	179.7017953689575	5	0.8947195843264854	0.903333207218796
KUP017	KUP007	31.59711360931396	252.5873178995361	12	233.16200943011472	10	205.58230843011472	8	187.40131243011476	7	0.8511470117160405	0.8961699015045465
RKF135	RKC028	55.395687	251.96599718238835	12	223.24299918238836	9	180.5845901823883	6	163.9267891823883	5	0.8867491455740103	0.9073184265950336
RKF104	RKF189	64.10590410232544	251.1118117545288	11	210.88950669331973	7	169.5838072933197	4	169.5838072933197	4	0.8757141235670236	0.8849709305991702
KFJ006	KFJ013	58.056700000000006	251.0117955343628	10	233.9965970343628	8	207.14700564816283	6	189.68580364816285	5	0.9008865851966756	0.907621101484368
RKF002	RKF213	42.8592	250.893491558197	10	240.10320310986327	9	211.3554002710571	7	176.9956892710571	5	0.8210308602272584	0.8949970363083752
RKF194	RKF117	81.307197	249.33020306713863	5	249.33020306713863	5	249.33020306713863	5	229.470603	4	0.903333207218796	0.9103325640346562
RKC012	RKC014	64.9910032749176	248.94319427491763	10	230.9550002749176	8	230.9550002749176	8	174.4082022749176	5	0.8967500283757709	0.9027909147087384
KFJ007	KFJ047	139.214	248.69549431195068	6	228.2982906651001	4	215.147098	3	215.147098	3	0.8694336196133329	0.906032058315362
RKC011	RKC039	44.8412	248.5342101776428	10	238.0847081776428	9	224.204205	8	224.204205	8	0.8776562874402533	0.9075075984008676
RKF148	RKF117	77.71589756011963	248.1225006910553	8	227.3994006910553	6	199.92480363006592	4	199.92480363006592	4	0.8562924848347269	0.9103325640346562
RKF231	RKF047	53.92659306526184	247.519288705368	8	226.62478806526184	6	226.62478806526184	6	209.57208706526183	5	0.7193447088645908	0.8884012460116277
RKF231	RKF016	90.0143	247.2176047509216	9	227.7694048509217	7	200.3137054364319	5	183.54880243643188	4	0.7193447088645908	0.8520802592914886
RKF038	RKF157	53.3737	246.27409457943727	8	224.45350134887696	6	224.45350134887696	6	207.04330134887692	5	0.7456143669680804	0.921228860050698
RKF163	RKF192	71.7669	245.00699771552124	8	226.4552073155212	6	211.9004083155212	5	211.9004083155212	5	0.6917886824814297	0.8982507913687211
RKF062	RKF196	49.69739913940429	244.1966934363556	8	234.05999343635557	7	234.05999343635557	7	216.7936964363556	6	0.6632363512542091	0.8742133605740734
KFJ007	KFJ025	139.214	243.97339539050296	5	234.4772073905029	4	234.4772073905029	4	215.942404	3	0.8694336196133329	0.9016054380588452
RKF113	RKC021	42.437000000000005	243.3171947238632	11	234.0882976291366	10	191.4392993340759	7	174.4623943340759	6	0.8159484443771834	0.8912388230991386
KFJ048	KFJ007	106.8498	242.69350171661375	5	232.80310071661376	4	232.80310071661376	4	232.80310071661376	4	0.8704929817260035	0.8694336196133329
RKF099	RKF002	105.02560138702393	240.6054909198608	6	240.6054909198608	6	212.53639441986084	4	212.53639441986084	4	0.7340622753584806	0.8210308602272584
RKF155	RKF037	68.68130000000001	238.51631455962524	9	230.17291595962524	8	203.808005	6	186.0357	5	0.8712748918567843	0.8975193270528293
RKF015	RKF142	75.737906	236.974707	5	236.974707	5	223.861307	4	223.861307	4	0.8858663438134514	0.8843655808205012
RKF195	RKC018	65.00590000000001	235.96789752349855	10	205.1023964685669	7	192.83219646856688	6	176.2355934685669	5	0.8762816389845257	0.9011262028173987
RKF148	RKF196	114.03789520263672	235.37508629965208	7	216.5484942861328	5	204.0456932861328	4	204.0456932861328	4	0.8562924848347269	0.8742133605740734
KFJ053	KFJ018	29.470003	235.26048944502867	12	214.9893908759613	10	172.35509997515868	7	133.6292979751587	5	0.8915036636273063	0.9185804547690212
RKF031	RKC023	78.08699607849121	234.1299985159607	7	234.1299985159607	7	234.1299985159607	7	184.20579851596068	4	0.8852357711273379	0.918340837148298
RKF099	RKF141	31.05689287185669	233.79731018110044	12	201.56280258110044	9	170.62979958110049	7	114.41099674606323	4	0.7340622753584806	0.8961572900508241
RKF198	RKC023	74.205804	233.76120949414064	6	222.8751125397949	5	222.8751125397949	5	188.6814115397949	3	0.872283808154566	0.918340837148298
KFJ047	KFJ018	49.727296829223626	233.6489807299805	11	225.41498072998047	10	158.40509682922362	5	124.47009682922364	3	0.906032058315362	0.9185804547690212
RKF088	RKF192	57.732606	233.5036058916016	9	199.82829882043453	6	186.23920275109865	5	169.06710459130858	4	0.8226829606648759	0.8982507913687211
RKC030	RKF014	82.2744	232.729789	9	206.717991	6	177.219188	4	158.363592	3	0.7986707527776726	0.8685255949453293
RKF182	RKC016	51.64100527763367	232.13620827763367	6	232.13620827763367	6	232.13620827763367	6	232.13620827763367	6	0.8842899120981675	0.900899196650398
RKF160	RKF046	59.5711	231.0276064269867	8	211.755708	6	211.755708	6	174.832397	4	0.8971157605337167	0.911997275925996
RKC035	RKC043	62.395597	230.9419062814941	6	230.9419062814941	6	200.77689818582152	4	183.4390991858216	3	0.8932692671484243	0.9098785517006546
RKF014	RKC002	50.2401	229.8878068739929	9	212.1104088739929	7	199.129006	6	199.129006	6	0.8685255949453293	0.9120729446483296
RKF194	RKC018	72.582793	229.6445840664688	9	209.97849050406649	7	197.592392	6	164.599588	4	0.903333207218796	0.9011262028173987
RKF014	RKC031	76.51659	228.7883925	5	219.290893	4	219.290893	4	219.290893	4	0.8685255949453293	0.913119695307278
RKF014	RKC045	82.3065	228.1020021325149	8	210.79090313251493	6	195.69310323532105	5	178.13179823532104	4	0.8685255949453293	0.9039511684511874
RKC047	RKC026	80.2391	227.475995	5	227.475995	5	227.475995	5	227.475995	5	0.8680463597038831	0.8928657006293116
RKC009	RKC039	37.07119226455688	227.23728072100832	11	206.99167912532045	9	166.4459911253204	6	166.4459911253204	6	0.8899776777269116	0.9075075984008676
RKF199	RKF023	76.06979608535767	226.77320359764855	5	226.77320359764855	5	226.77320359764855	5	226.77320359764855	5	0.8234396478882121	0.8495075227321454
RKF156	RKF023	82.5538	226.752608	5	226.752608	5	226.752608	5	207.856004	4	0.6884592586987502	0.8495075227321454
RKF218	RKF034	42.869103	226.33188942765807	10	214.86208942765805	9	186.4607923944702	7	131.20198839447022	4	0.7906750911177531	0.8514370751516527
RKF013	RKF141	47.50669002532959	225.48770503640748	9	225.48770503640748	9	198.87180403640747	7	161.23559903640748	5	0.7564223828080663	0.8961572900508241
RKF099	RKF198	89.51440000000001	225.12171267343135	7	214.44131367343135	6	200.5106146734314	5	200.5106146734314	5	0.7340622753584806	0.872283808154566
RKF129	RKF117	53.24220699999999	224.1510947726593	10	206.77849850877377	8	176.96550697312924	6	157.85920797312926	5	0.8947195843264854	0.9103325640346562
RKC033	RKF047	49.27650094032287	223.96379334420772	8	223.96379334420772	8	210.02829892129515	7	175.18339992129518	5	0.5941381963098886	0.8884012460116277
RKF118	RKF160	47.366405	223.33871064733123	9	214.88260864733127	8	202.46780764733123	7	183.4241056473313	6	0.8588652213940701	0.8971157605337167
RKF118	RKC023	45.4032	223.25089	8	211.408991	7	196.158296	6	177.444297	5	0.8588652213940701	0.918340837148298
RKF231	RKF038	51.1537	223.12871681991575	6	223.12871681991575	6	223.12871681991575	6	223.12871681991575	6	0.7193447088645908	0.7456143669680804
RKF020	RKF213	66.1393	222.72409778527225	8	202.0471031852722	6	177.68260000000004	4	177.68260000000004	4	0.8534044619323269	0.8949970363083752
RKF163	RKC021	90.81	222.21879691467285	6	222.21879691467285	6	194.56559191717528	4	194.56559191717528	4	0.6917886824814297	0.8912388230991386
RKF162	RKF160	48.697615	221.56160823843385	9	213.12201073843383	8	200.36431073843383	7	200.36431073843383	7	0.8697615174101119	0.8971157605337167
RKF023	RKF191	107.057	221.534791	4	221.534791	4	221.534791	4	202.1086	3	0.8495075227321454	0.8717793500056752
RKF218	RKF031	50.772697	220.50509192052607	11	200.8133863895508	9	158.86989178955076	6	106.71689378955078	3	0.7906750911177531	0.8852357711273379
KFJ023	KFJ006	57.809900000000006	219.80618276728825	8	210.6533827672882	7	182.94829276728825	5	144.58089347114563	3	0.8580328654484002	0.9008865851966756
RKF002	RKF031	78.92509698867798	219.0114940053345	9	198.87270000533445	7	173.51199440533446	5	139.90089398867798	3	0.8210308602272584	0.8852357711273379
RKF064	RKF163	76.55649781227112	218.08899412929532	8	198.51229473506925	6	198.51229473506925	6	180.41789814388272	5	0.6012006103943601	0.6917886824814297
RKF164	RKF104	82.135797	217.89668575791163	6	209.745688	5	194.413988	4	178.33619499999998	3	0.7855926752676781	0.8757141235670236
RKF099	RKC023	56.35108947753906	216.8467811575165	7	216.8467811575165	7	171.26949397209168	4	171.26949397209168	4	0.7340622753584806	0.918340837148298
RKF036	RKF016	72.79849052429199	216.80949281850584	9	208.7568933884216	8	180.91268493298335	6	128.867882524292	3	0.7646450506349867	0.8520802592914886
RKF156	RKF020	52.443504	215.84329170419304	8	204.50559170419308	7	191.6347912090454	6	191.6347912090454	6	0.6884592586987502	0.8534044619323269
RKF182	RKF110	126.76310539245604	214.76351785650635	5	204.42370939245603	4	191.78440739245605	3	191.78440739245605	3	0.8842899120981675	0.9016306609662896
RKF148	RKF098	75.0959	213.45090200000004	6	204.81460300000003	5	204.81460300000003	5	204.81460300000003	5	0.8562924848347269	0.8645529870228141
RKF162	RKC020	59.115195	213.11269548147584	7	201.8686949814758	6	185.94899798147583	5	167.980999	4	0.8697615174101119	0.9128674662328328
RKF040	RKF020	65.2197	212.9102078381867	6	202.69160543818663	5	189.831802	4	189.831802	4	0.6047065945291513	0.8534044619323269
RKF020	RKF191	51.545906	212.47451	6	212.47451	6	212.47451	6	196.19591	5	0.8534044619323269	0.8717793500056752
RKF121	RKF129	55.92199563980103	212.1616931774597	9	191.7413951774597	7	177.87829017745972	6	161.75139517745973	5	0.8931431526112015	0.8947195843264854
RKF007	RKC020	59.59599599999999	211.59160980535125	8	191.49180600000005	6	177.17570600000002	5	177.17570600000002	5	0.6250362579294515	0.9128674662328328
RKF013	RKF031	46.168291568756096	211.20877996786496	9	189.11508756875608	7	173.9584865687561	6	154.74098656875609	5	0.7564223828080663	0.8852357711273379
RKF007	RKF037	41.013998	211.12051447834017	10	201.3838094783401	9	175.15100647834015	7	139.92540547834014	5	0.6250362579294515	0.8975193270528293
KFJ051	KFJ018	40.919602	210.62428793725587	10	193.73838293725584	8	151.87639499999997	5	115.142502	3	0.8838611226716103	0.9185804547690212
RKC036	RKF135	75.609696	210.61999027728268	6	210.61999027728268	6	198.1422902772827	5	180.58229727728272	4	0.7723002030444049	0.8867491455740103
KFJ050	KFJ007	98.1590986251831	210.5246892902832	6	210.5246892902832	6	183.6342986251831	4	166.73070762518313	3	0.7974600532203348	0.8694336196133329
RKF237	RKF129	73.2509	209.902501	7	201.70690399999995	6	174.964702	4	156.0094	3	0.8981751226463874	0.8947195843264854
RKF118	RKC020	59.4707	209.6608966178589	7	209.6608966178589	7	169.05349900000002	4	169.05349900000002	4	0.8588652213940701	0.9128674662328328
RKF181	RKF098	64.3317	209.1263094	9	192.01640300000005	7	179.618601	6	144.36489699999998	4	0.834298109543087	0.8645529870228141
RKC027	RKC036	56.99589	208.99940521195376	7	189.14929961195372	5	176.21769641867067	4	176.21769641867067	4	0.6432219741969657	0.7723002030444049
RKC035	RKC045	85.31729999999999	208.54880621138	4	208.54880621138	4	208.54880621138	4	190.98830621138	3	0.8932692671484243	0.9039511684511874
RKF014	RKC014	47.93831	208.3637012060852	9	178.1612114441223	6	178.1612114441223	6	159.258707	5	0.8685255949453293	0.9027909147087384
RKF231	RKF099	56.0476	207.5825094985748	6	197.4473088985748	5	197.4473088985748	5	197.4473088985748	5	0.7193447088645908	0.7340622753584806
RKC023	RKF157	43.70739459991455	207.5187877449493	8	207.5187877449493	8	207.5187877449493	8	173.8413912495117	6	0.918340837148298	0.921228860050698
RKC011	RKC045	51.9044041633606	206.3657006471634	8	206.3657006471634	8	164.1064012565613	5	164.1064012565613	5	0.8776562874402533	0.9039511684511874
RKF199	RKF141	71.82110548019409	206.02061422245023	7	206.02061422245023	7	191.45011622245025	6	153.67771041114045	4	0.8234396478882121	0.8961572900508241
RKF156	RKF231	56.0099	205.8005014902344	5	205.8005014902344	5	192.3995024902344	4	192.3995024902344	4	0.6884592586987502	0.7193447088645908
RKF040	RKF010	26.6048	205.19268325578307	12	175.49528582419586	9	161.61648782419584	8	70.05059577445982	3	0.6047065945291513	0.821850604719206
KFJ024	KFJ007	111.4948	205.0951080576477	7	185.40720531704716	5	172.07550531704712	4	135.821099	2	0.8118118875562786	0.8694336196133329
RKF195	RKF182	45.223802	204.81099610409547	8	183.95969410409543	6	171.29769410409546	5	171.29769410409546	5	0.8762816389845257	0.8842899120981675
RKF042	RKF032	58.9878	204.0545882483291	9	194.2195864220428	8	152.0099848304596	5	135.21978555067443	4	0.8349412936829228	0.8903181869774129
RKF007	RKF002	59.426594	203.7277033112564	7	203.7277033112564	7	188.4903003112564	6	188.4903003112564	6	0.6250362579294515	0.8210308602272584
RKF034	RKF037	51.1874	203.3516101438599	7	203.3516101438599	7	188.374608	6	188.374608	6	0.8514370751516527	0.8975193270528293
KFJ034	KFJ049	43.287802	203.19731266584776	8	181.9811169096985	6	181.9811169096985	6	164.12851252050783	5	0.7307580744832457	0.7891238823099138
KFJ008	KFJ023	38.414702	202.7060061359863	8	192.16010863598632	7	176.78411300000002	6	176.78411300000002	6	0.6727327759070788	0.8580328654484002
RKF198	RKF162	64.0035	202.577408	6	191.670306	5	191.670306	5	173.595406	4	0.872283808154566	0.8697615174101119
RKF023	RKF037	50.40569305419922	202.45977523645016	8	202.45977523645016	8	173.4754792364502	6	139.5401892364502	4	0.8495075227321454	0.8975193270528293
RKF113	RKF129	73.2178	202.35009741245275	7	192.64439891245271	6	165.9157	4	149.8046	3	0.8159484443771834	0.8947195843264854
KFJ050	KFJ023	89.316607	202.175605888588	3	202.175605888588	3	202.175605888588	3	202.175605888588	3	0.7974600532203348	0.8580328654484002
RKF181	RKC021	90.01919000000001	201.57927620623775	5	201.57927620623775	5	201.57927620623775	5	201.57927620623775	5	0.834298109543087	0.8912388230991386
KFJ030	KFJ029	44.62549686431885	201.2035802948608	8	190.55108586431885	7	190.55108586431885	7	154.43969586431885	5	0.821383980931482	0.8771392178376402
RKF148	RKF053	126.7041	200.36619243435663	6	190.5534976463776	5	147.77739964637755	2	147.77739964637755	2	0.8562924848347269	0.8665203738034883
RKF182	RKF194	33.588105	199.50419595739743	9	179.71839810791016	7	165.42929910791017	6	165.42929910791017	6	0.8842899120981675	0.903333207218796
RKF034	RKF160	63.2502	199.4208894559784	7	189.548292	6	174.26649600000002	5	174.26649600000002	5	0.8514370751516527	0.8971157605337167
RKF163	RKF104	68.6593	199.23788064801028	6	189.66078514801023	5	174.72178414801024	4	174.72178414801024	4	0.6917886824814297	0.8757141235670236
RKC029	RKC047	63.7632	199.0461052956848	6	199.0461052956848	6	199.0461052956848	6	179.2763052956848	5	0.8196183774103641	0.8680463597038831
RKF218	RKF046	39.2727	198.9611987057037	11	159.64449628779602	7	101.659403	3	101.659403	3	0.7906750911177531	0.911997275925996
RKF015	RKF047	59.971297	198.9218778756485	8	181.5172826882706	6	168.44228868827057	5	151.24208991870117	4	0.8858663438134514	0.8884012460116277
RKC026	RKC002	96.308607	198.2790064684448	5	186.4239074684448	4	173.49550746844483	3	173.49550746844483	3	0.8928657006293116	0.9120729446483296
RKF231	RKF198	85.641503	198.23308680545043	5	188.35898580545043	4	188.35898580545043	4	188.35898580545043	4	0.7193447088645908	0.872283808154566
RKC033	RKC026	89.6926	197.69880525694276	4	197.69880525694276	4	197.69880525694276	4	197.69880525694276	4	0.5941381963098886	0.8928657006293116
RKF010	RKF210	40.2459	197.6252892985748	13	136.58688502060545	7	94.42189115704343	4	40.2459	1	0.821850604719206	0.8723720883306219
RKC050	RKC047	68.618	197.34848462928773	6	188.0952926292877	5	172.22399462928772	4	152.2499	3	0.8533792390248824	0.8680463597038831
RKF209	RKF034	39.710104	196.4210729741821	10	177.4320818925171	8	135.82489785791014	5	117.82499585791015	4	0.8416758099706153	0.8514370751516527
RKF010	RKF155	47.446302	196.3408109320984	10	165.21910422442627	7	149.6467942244263	6	114.394593	4	0.821850604719206	0.8712748918567843
RKC012	RKC045	57.3569	196.08290282635497	8	174.35710491778568	6	161.76310791778565	5	144.74960579681397	4	0.8967500283757709	0.9039511684511874
KFJ008	KFJ013	38.63529562950134	196.0653744340172	9	176.2707879340172	7	162.9363899623871	6	162.9363899623871	6	0.6727327759070788	0.907621101484368
RKF176	RKF117	36.230698	195.7733946573486	9	178.6270960995178	7	162.6515969463806	6	143.27469913449096	5	0.7850377713038982	0.9103325640346562
RKF185	RKC016	59.7857	194.221486	5	194.221486	5	194.221486	5	174.526287	4	0.8066664144375922	0.900899196650398
RKF016	RKF015	76.00939	194.1822944204712	4	194.1822944204712	4	194.1822944204712	4	194.1822944204712	4	0.8520802592914886	0.8858663438134514
RKC033	RKC027	50.0726	193.9959121878662	7	185.81950818786615	6	170.1129034687042	5	170.1129034687042	5	0.5941381963098886	0.6432219741969657
RKF158	RKF042	31.1799	192.76109827952573	10	169.61729746263123	8	169.61729746263123	8	79.7480991695404	3	0.7125345238545647	0.8349412936829228
RKC026	RKC031	95.490205	192.602805	3	192.602805	3	192.602805	3	192.602805	3	0.8928657006293116	0.913119695307278
RKC026	RKC039	49.321997	192.098385	6	192.098385	6	178.938386	5	178.938386	5	0.8928657006293116	0.9075075984008676
RKF040	RKF198	39.65940475463867	191.9059261876526	11	162.5724241876526	8	123.69801875463868	5	85.99651275463867	3	0.6047065945291513	0.872283808154566
RKF141	RKC023	49.44691658020019	191.510810043457	7	183.28961304345705	6	183.28961304345705	6	150.38861179351807	4	0.8961572900508241	0.918340837148298
RKC011	RKC046	88.200283	191.382587	4	191.382587	4	191.382587	4	191.382587	4	0.8776562874402533	0.8943034063536504
KFJ050	KFJ024	84.183604	191.1852051512756	6	191.1852051512756	6	178.66720454855346	5	141.569604	3	0.7974600532203348	0.8118118875562786
RKF016	RKF046	39.486802	191.1677923835907	7	191.1677923835907	7	162.60999123880003	5	162.60999123880003	5	0.8520802592914886	0.911997275925996
RKF201	RKF147	56.3268	190.82490078268432	6	190.82490078268432	6	164.71260078268432	4	164.71260078268432	4	0.7008815406151867	0.8881237940297378
RKF148	RKF110	128.1857967376709	190.7279937376709	4	190.7279937376709	4	177.5654937376709	3	177.5654937376709	3	0.8562924848347269	0.9016306609662896
RKC011	RKF135	54.966486	189.2333925795593	8	169.32989407955935	6	141.9839870795593	4	141.9839870795593	4	0.8776562874402533	0.8867491455740103
RKF109	RKF124	61.00410000000001	189.158705	5	178.919211	4	178.919211	4	178.919211	4	0.862081142093249	0.880720870694765
RKF062	RKF053	39.935404000000005	189.0488146011658	6	189.0488146011658	6	189.0488146011658	6	171.92301760116578	5	0.6632363512542091	0.8665203738034883
RKC022	RKC011	59.442705	188.6857112698669	8	160.672303	5	160.672303	5	160.672303	5	0.8813640548346008	0.8776562874402533
RKF040	RKF013	66.4096	188.04120389128877	7	176.22860339785765	6	163.89670189785767	5	144.68050189785765	4	0.6047065945291513	0.7564223828080663
RKF013	RKF162	42.8693	187.24528888858032	8	178.5882893885803	7	149.62829438858031	5	149.62829438858031	5	0.7564223828080663	0.8697615174101119
RKF129	RKF110	107.45439529418942	187.04790229418944	4	177.55760329418945	3	177.55760329418945	3	177.55760329418945	3	0.8947195843264854	0.9016306609662896
RKF198	RKF213	26.2017	186.02909353399656	11	153.20169124212646	8	107.84399124212646	5	51.97448614044189	2	0.872283808154566	0.8949970363083752
KFJ005	RKC018	52.6748	185.9399895	7	176.838092	6	164.533595	5	145.32800099999997	4	0.7998562294275661	0.9011262028173987
RKC026	RKC038	95.99711	185.7477097233124	4	185.7477097233124	4	172.9394107233124	3	172.9394107233124	3	0.8928657006293116	0.914607846846506
RKC011	RKC035	98.413	185.34359779486084	6	167.351197	4	152.59010099999998	3	152.59010099999998	3	0.8776562874402533	0.8932692671484243
RKF020	RKF029	42.7962	184.85169471166992	8	152.9533982116699	5	137.09809778518675	4	137.09809778518675	4	0.8534044619323269	0.88162889536276845
RKF156	RKF213	43.371904	184.39030588688652	9	163.55670331153866	7	132.5999045196533	5	115.97310551965332	4	0.6884592586987502	0.8949970363083752
RKF020	RKF157	50.1704	183.3039952806244	8	161.37909428062437	6	147.30199428062437	5	115.08209778518676	3	0.8534044619323269	0.921228860050698
RKF209	RKF155	33.773297	182.9301992406616	8	172.96109624066162	7	172.96109624066162	7	155.18929190792846	6	0.8416758099706153	0.8712748918567843
RKF036	RKF218	50.7796	182.7657710811462	9	170.85157745092772	8	125.947095	5	72.953699	2	0.7646450506349867	0.7906750911177531
RKF201	RKF109	29.567003	182.17981722546384	10	139.20261947608947	6	124.65761947608948	5	105.25972247608948	4	0.7008815406151867	0.862081142093249
KFJ034	KFJ040	85.46059	182.00709672834776	8	142.8210901176605	4	114.867989892807	2	114.867989892807	2	0.7307580744832457	0.8897002257450216
RKF038	RKF213	45.08860111236572	181.9834014407196	8	181.9834014407196	8	151.5616024407196	6	115.45340111236573	4	0.7456143669680804	0.8949970363083752
RKF081	RKF148	75.512296	181.869608	6	181.869608	6	166.45661	5	131.733305	3	0.6682304869282282	0.8562924848347269
RKF007	RKF010	52.2872	181.39910009391784	8	161.47959109391786	6	148.84759409391785	5	130.995699	4	0.6250362579294515	0.821850604719206
KFJ050	KFJ018	49.69340562820434	181.133093083197	10	143.82279568319703	6	102.59161062820436	3	83.09711262820434	2	0.7974600532203348	0.9185804547690212
RKF164	RKC018	63.717204332351685	180.94631183369444	5	180.94631183369444	5	180.94631183369444	5	162.29161083369445	4	0.7855926752676781	0.9011262028173987
RKF099	RKF031	36.823398000000005	180.90680097607415	9	159.44080347607422	7	114.57759947607424	4	95.3081984760742	3	0.7340622753584806	0.8852357711273379
RKF209	RKF015	71.339	180.7822014	5	162.370599	3	162.370599	3	162.370599	3	0.8416758099706153	0.8858663438134514
RKF169	RKF037	31.1754	178.61108662683108	9	178.61108662683108	9	136.00029329042053	6	81.15260129042052	3	0.8460393729585209	0.8975193270528293
RKF020	RKF210	66.5654	178.01698589242554	8	135.15379789242553	4	106.8292	2	106.8292	2	0.8534044619323269	0.8723720883306219
RKF032	RKF037	52.2315	177.841693	6	177.841693	6	164.848596	5	147.22920100000002	4	0.8903181869774129	0.8975193270528293
RKF139	RKF160	63.2502	176.97410380686946	8	137.51889866778563	4	137.51889866778563	4	100.081996	2	0.8723973112380664	0.8971157605337167
RKF099	RKF023	84.65780600000001	176.74820435437013	7	140.81460831234742	3	140.81460831234742	3	140.81460831234742	3	0.7340622753584806	0.8495075227321454
RKF062	RKF124	49.69739913940429	176.1277906539917	6	166.48319288520813	5	166.48319288520813	5	166.48319288520813	5	0.6632363512542091	0.880720870694765
RKC027	RKC002	78.753304	175.584801	4	175.584801	4	175.584801	4	157.831897	3	0.6432219741969657	0.9120729446483296
RKF113	RKC018	42.437000000000005	175.50959404654694	8	155.38160320468145	6	155.38160320468145	6	122.3697012046814	4	0.8159484443771834	0.9011262028173987
RKF036	RKF209	36.067498	174.9127858653412	7	174.9127858653412	7	174.9127858653412	7	120.307392	4	0.7646450506349867	0.8416758099706153
RKF199	RKF031	71.471405029296875	174.85389662929686	5	155.30000302929685	3	155.30000302929685	3	155.30000302929685	3	0.8234396478882121	0.8852357711273379
RKF029	RKC020	56.952393	174.4634924164734	7	174.4634924164734	7	129.04818641647338	4	110.3616894164734	3	0.88162889536276845	0.9128674662328328
KUP022	KUP005	76.07109546661377	174.26698524887087	5	165.00758524887084	4	165.00758524887084	4	126.52989046661376	2	0.7754152321138058	0.8391030734112721
RKF141	RKC020	74.973214	174.130008	5	174.130008	5	146.456913	3	126.93271400000002	2	0.8961572900508241	0.9128674662328328
KFJ034	KFJ051	44.38300132751465	173.5744998315735	8	141.0600068315735	5	128.5062078315735	4	128.5062078315735	4	0.7307580744832457	0.8838611226716103
RKF176	RKF109	27.7609	173.31849157876587	9	155.94588931130983	7	127.59179131130982	5	127.59179131130982	5	0.7850377713038982	0.862081142093249
RKF139	RKF142	42.3968	173.10109361547853	7	163.50799461547854	6	163.50799461547854	6	144.2834946154785	5	0.8723973112380664	0.8843655808205012
RKF007	RKF209	34.38229560852051	172.6742891485733	8	161.85459174857328	7	148.75858974857329	6	129.44428974857328	5	0.6250362579294515	0.8416758099706153
RKF023	RKF209	55.102	172.59418989492798	5	172.59418989492798	5	172.59418989492798	5	134.01929489492795	3	0.8495075227321454	0.8416758099706153
RKC047	RKF047	58.143103	172.57140618894957	6	151.613111	4	151.613111	4	151.613111	4	0.8680463597038831	0.8884012460116277
RKF013	RKF023	57.28359	172.46338389614868	5	162.6498844454651	4	162.6498844454651	4	144.975188	3	0.7564223828080663	0.8495075227321454
RKF032	RKF160	37.457603	171.99081804548644	8	154.2372172421112	6	141.3176002421112	5	141.3176002421112	5	0.8903181869774129	0.8971157605337167
RKC036	RKF047	60.358196	171.218784	4	171.218784	4	157.056086	3	157.056086	3	0.7723002030444049	0.8884012460116277
RKF014	RKC042	74.435204	171.06219099999998	5	161.58079700000002	4	146.107497	3	146.107497	3	0.8685255949453293	0.9127161287881654
RKC046	RKC010	84.661806	170.64073726037597	6	150.4307152658081	4	150.4307152658081	4	112.567908	2	0.8943034063536504	0.901882890040735
RKF081	RKC018	55.233794	169.6301036245575	7	169.6301036245575	7	144.74099806616212	5	125.10290077993776	4	0.6682304869282282	0.9011262028173987
KFJ029	KFJ051	66.5152	169.582104	6	169.582104	6	155.9269	5	122.03600300000002	3	0.8771392178376402	0.8838611226716103
RKF020	RKF162	62.598497	169.288498	4	169.288498	4	169.288498	4	151.95149800000002	3	0.8534044619323269	0.8697615174101119
RKF038	RKF036	48.79400730133056	169.27830030133055	7	169.27830030133055	7	143.87720930133057	5	127.75380730133054	4	0.7456143669680804	0.7646450506349867
RKF158	RKF047	24.171999	169.26938703181457	11	117.45439595835111	6	102.81439847605132	5	47.39139666407013	2	0.7125345238545647	0.8884012460116277
RKF209	RKF139	43.084908	169.01218267987062	7	159.4190836798706	6	144.3498846798706	5	127.0684866798706	4	0.8416758099706153	0.8723973112380664
RKF198	RKF141	41.631502	168.9612004225769	7	168.9612004225769	7	128.1052984225769	4	108.70919842257688	3	0.872283808154566	0.8961572900508241
RKF029	RKC023	78.08699607849121	168.92909449829864	6	147.4667940784912	4	147.4667940784912	4	129.76539407849123	3	0.88162889536276845	0.918340837148298
RKF020	RKC023	58.90391	168.03330400000002	4	168.03330400000002	4	168.03330400000002	4	168.03330400000002	4	0.8534044619323269	0.918340837148298
RKF199	RKF015	63.6088	167.94549999999998	4	167.94549999999998	4	167.94549999999998	4	167.94549999999998	4	0.8234396478882121	0.8858663438134514
RKF099	RKF157	37.195498	167.59370043503722	9	136.31979783503724	6	121.20999783503724	5	68.2257	2	0.7340622753584806	0.921228860050698
RKF023	RKF118	75.5568	167.347898	4	167.347898	4	167.347898	4	150.953307	3	0.8495075227321454	0.8588652213940701
RKF099	RKF020	55.4962	167.33199972476197	6	167.33199972476197	6	140.59200200518796	4	140.59200200518796	4	0.7340622753584806	0.8534044619323269
RKF238	RKC045	51.2581	167.27408210234069	6	144.4797881023407	4	129.59979847831727	3	129.59979847831727	3	0.8913144918214723	0.9039511684511874
RKF176	RKF110	96.82250618934631	164.99071618934633	3	164.99071618934633	3	164.99071618934633	3	164.99071618934633	3	0.7850377713038982	0.9016306609662896
RKF007	RKF036	60.9662	162.217891	6	162.217891	6	135.464501	4	119.461703	3	0.6250362579294515	0.7646450506349867
RKF118	RKF020	56.893903	161.342208	4	161.342208	4	145.431106	3	145.431106	3	0.8588652213940701	0.8534044619323269
RKF109	RKF110	50.59891	161.09180899999998	4	161.09180899999998	4	161.09180899999998	4	161.09180899999998	4	0.862081142093249	0.9016306609662896
RKF040	RKF118	30.28360605239868	161.05230179042437	8	151.76760279042435	7	137.96600275141907	6	83.36420225732422	3	0.6047065945291513	0.8588652213940701
RKF023	RKF162	69.355	160.884394	4	160.884394	4	160.884394	4	144.49999499999998	3	0.8495075227321454	0.8697615174101119
RKC026	RKC042	95.490205	160.052299	3	160.052299	3	160.052299	3	160.052299	3	0.8928657006293116	0.9127161287881654
RKC050	RKC039	63.02179999999999	159.32180213270567	4	159.32180213270567	4	159.32180213270567	4	139.40130399999998	3	0.8533792390248824	0.9075075984008676
RKF098	RKC018	48.576796	159.28988466948852	6	151.26007806948854	5	151.26007806948854	5	151.26007806948854	5	0.8645529870228141	0.9011262028173987
RKF176	RKF148	96.71160578727722	159.22900878727722	4	148.67260878727723	3	136.0445077872772	2	136.0445077872772	2	0.7850377713038982	0.8562924848347269
RKF013	RKF213	66.410196	158.92939271828612	7	125.93079653875732	4	111.36559353875732	3	93.519796	2	0.7564223828080663	0.8949970363083752
KFJ050	KFJ045	54.3512	158.90140462799073	4	158.90140462799073	4	158.90140462799073	4	158.90140462799073	4	0.7974600532203348	0.8985156318968888
RKF209	RKF046	39.486802	158.6530832785034	10	115.747502	6	74.827999	3	39.486802	1	0.8416758099706153	0.911997275925996
RKF209	RKF210	43.31680536270141	158.5303909627014	9	128.4632033627014	6	73.78750536270141	2	73.78750536270141	2	0.8416758099706153	0.8723720883306219
KFJ034	KFJ045	38.840997219085686	157.9972912755127	6	146.11629077551268	5	146.11629077551268	5	146.11629077551268	5	0.7307580744832457	0.8985156318968888
RKF121	RKC018	47.20589	157.87168965104678	6	157.87168965104678	6	141.92008600000003	5	108.590688	3	0.8931431526112015	0.9011262028173987
RKF038	RKF020	60.5746	157.8273854772949	5	157.8273854772949	5	142.37688547729493	4	123.36358747729491	3	0.7456143669680804	0.8534044619323269
RKF007	RKF198	33.2546	157.06129597628785	9	136.33729739715574	7	90.94869939715576	4	54.548502397155765	2	0.6250362579294515	0.872283808154566
KFJ029	KFJ013	49.441403	156.98901029141234	6	148.64430637867736	5	148.64430637867736	5	112.513803	3	0.8771392178376402	0.907621101484368
KFJ049	KFJ024	59.5224	156.53709714407347	6	136.54339714407348	4	136.54339714407348	4	116.967694	3	0.7891238823099138	0.8118118875562786
RKF198	RKF031	50.7762	156.10459764434816	7	136.542794	5	122.473394	4	86.50360300000001	2	0.872283808154566	0.8852357711273379
RKC030	RKC029	50.224197	155.44690170817566	6	145.69440170817563	5	131.33509470817566	4	113.05099470817564	3	0.7986707527776726	0.8196183774103641
RKF218	RKF032	58.9878	155.4004127415161	7	136.7808097879486	5	105.8817017879486	3	105.8817017879486	3	0.7906750911177531	0.8903181869774129
RKF016	RKF139	42.0842	155.24510230059815	6	155.24510230059815	6	123.73960745883178	4	123.73960745883178	4	0.8520802592914886	0.8723973112380664
RKF013	RKF157	45.856798	155.097891	7	144.303791	6	118.105788	4	100.248892	3	0.7564223828080663	0.921228860050698
RKF038	RKF155	31.181902	154.96050812545775	8	133.0060014099426	6	117.864407	5	83.064402	3	0.7456143669680804	0.8712748918567843
RKC050	RKC028	104.23571	154.806907	3	154.806907	3	154.806907	3	137.717207	2	0.8533792390248824	0.9073184265950336
RKF007	RKF046	47.423497	154.56478875622557	6	145.61738775622558	5	117.96089175622558	3	117.96089175622558	3	0.6250362579294515	0.911997275925996
RKF176	RKF195	38.945097	153.9534969024963	6	144.4164974024963	5	144.4164974024963	5	127.29569500000002	4	0.7850377713038982	0.8762816389845257
RKC027	RKC042	72.70670235157013	153.79239532608796	4	133.96879732608795	2	133.96879732608795	2	133.96879732608795	2	0.6432219741969657	0.9127161287881654
KFJ049	KFJ018	49.81299638748169	153.5888865899887	10	96.02940094345092	4	70.74109938748168	2	70.74109938748168	2	0.7891238823099138	0.9185804547690212
RKF118	RKF031	36.1994	153.49351862719723	7	144.7730133896179	6	131.78550699999997	5	97.2883	3	0.8588652213940701	0.8852357711273379
RKF036	RKF013	47.07419872283935	153.44369772283935	5	153.44369772283935	5	139.63129572283935	4	139.63129572283935	4	0.7646450506349867	0.7564223828080663
KFJ034	KFJ047	36.5263	152.8364975040588	8	119.37780550405884	5	106.93180750405884	4	106.93180750405884	4	0.7307580744832457	0.906032058315362
KFJ034	KFJ050	40.50840139389038	152.49379651939392	6	141.99410451939391	5	129.45300151939392	4	129.45300151939392	4	0.7307580744832457	0.7974600532203348
RKF016	RKF034	42.090398	152.27390285401916	8	122.990907009964	5	93.431098	3	93.431098	3	0.8520802592914886	0.8514370751516527
KFJ034	KFJ017	84.5665	152.201999365448	4	131.3617	2	131.3617	2	131.3617	2	0.7307580744832457	0.8991462045830023
RKF231	RKF199	73.853606	152.11500874247744	5	142.68170974247744	4	127.21180874247742	3	127.21180874247742	3	0.7193447088645908	0.8234396478882121
RKF109	RKF237	76.61620378494263	150.74030428494262	4	141.94250378494263	3	141.94250378494263	3	141.94250378494263	3	0.862081142093249	0.8981751226463874
RKF023	RKF160	54.12740707397461	150.09410946273803	5	150.09410946273803	5	150.09410946273803	5	130.5014070739746	4	0.8495075227321454	0.8971157605337167
RKC033	RKF007	57.043797	149.905793	5	149.905793	5	137.583492	4	121.566991	3	0.5941381963098886	0.6250362579294515
RKC029	RKC031	92.36009120941162	149.52318520941162	3	149.52318520941162	3	149.52318520941162	3	149.52318520941162	3	0.8196183774103641	0.913119695307278
RKF210	RKF142	40.219298	149.44869252808837	8	128.14169872808836	6	90.648106	3	73.73680199999998	2	0.8723720883306219	0.8843655808205012
RKC012	RKC043	52.201600000000006	149.41570236540224	5	137.73810341215517	4	125.36990141215516	3	125.36990141215516	3	0.8967500283757709	0.9098785517006546
KFJ048	KFJ045	60.3544	149.09110099999998	5	149.09110099999998	5	149.09110099999998	5	132.649494	4	0.8704929817260035	0.8985156318968888
RKF164	RKC016	53.837895	148.577995	4	148.577995	4	148.577995	4	148.577995	4	0.7855926752676781	0.900899196650398
RKC012	RKC031	43.4085	148.57110429763793	6	127.14340141830442	4	127.14340141830442	4	127.14340141830442	4	0.8967500283757709	0.913119695307278
KFJ051	KFJ013	95.5868	147.8542	2	147.8542	2	147.8542	2	147.8542	2	0.8838611226716103	0.907621101484368
RKC011	RKF238	73.3267	147.6095	3	147.6095	3	147.6095	3	147.6095	3	0.8776562874402533	0.8913144918214723
RKC029	RKC039	38.2766	147.43960299999998	6	137.392903	5	122.959002	4	122.959002	4	0.8196183774103641	0.9075075984008676
RKC033	RKF160	52.905	147.07550468185423	5	136.42440499999998	4	136.42440499999998	4	119.996703	3	0.5941381963098886	0.8971157605337167
RKF023	RKF141	74.493194	146.69589427215575	5	146.69589427215575	5	133.57299627215576	4	96.066392	2	0.8495075227321454	0.8961572900508241
RKF062	RKF237	46.529102	146.32939112332156	6	134.97559112332155	5	119.49119212332153	4	102.9697025031128	3	0.6632363512542091	0.8981751226463874
KFJ007	KFJ051	61.9532	146.258402	6	116.214098	3	103.062905	2	103.062905	2	0.8694336196133329	0.8838611226716103
RKF010	RKF139	37.883	146.042896	6	146.042896	6	146.042896	6	111.548502	4	0.821850604719206	0.8723973112380664
RKF201	RKF121	32.366	145.83439576135254	7	126.30860526135254	5	126.30860526135254	5	106.52971026135252	4	0.7008815406151867	0.8931431526112015
RKF182	RKC021	80.1332	145.81080500000002	3	145.81080500000002	3	145.81080500000002	3	145.81080500000002	3	0.8842899120981675	0.8912388230991386
KFJ034	KFJ007	84.5665	145.67161268258667	4	145.67161268258667	4	145.67161268258667	4	128.126306	3	0.7307580744832457	0.8694336196133329
RKF062	RKF147	42.65400171279907	145.2347079050293	7	115.76870463485716	4	115.76870463485716	4	99.0578033744812	3	0.6632363512542091	0.8881237940297378
RKF002	RKF023	56.4437	144.634897	4	133.67899699999998	3	133.67899699999998	3	133.67899699999998	3	0.8210308602272584	0.8495075227321454
RKF176	RKF121	26.48369	144.63398007162476	7	144.63398007162476	7	116.01068007162476	5	99.70168107162476	4	0.7850377713038982	0.8931431526112015
RKF231	RKC020	49.6863	144.49989310426332	5	135.88289710426332	4	135.88289710426332	4	117.36689710426332	3	0.7193447088645908	0.9128674662328328
RKF201	RKF194	32.366	144.20328909298706	8	125.63639409298706	6	96.599598	4	76.823194	3	0.7008815406151867	0.903333207218796
KFJ005	RKC009	52.0731	143.954197	5	135.36329600000002	4	135.36329600000002	4	118.267998	3	0.7998562294275661	0.8899776777269116
RKF007	RKF155	32.471	143.74220836837767	7	135.374205	6	92.7047	3	92.7047	3	0.6250362579294515	0.8712748918567843
RKF007	RKC031	65.1286	143.67329700000002	4	132.150098	3	132.150098	3	132.150098	3	0.6250362579294515	0.913119695307278
KFJ050	KFJ013	102.05331	143.2891106	3	135.02871000000002	2	135.02871000000002	2	135.02871000000002	2	0.7974600532203348	0.907621101484368
RKF226	RKF129	43.3634	142.54050184288025	7	131.06739484288025	6	105.47180084288026	4	68.206299	2	0.8836341165046094	0.8947195843264854
RKF113	RKF182	64.798	142.426994	4	130.689093	3	130.689093	3	130.689093	3	0.8159484443771834	0.8842899120981675
RKF020	RKF046	39.4626	142.07399551808774	6	133.39859911808776	5	104.28779799999998	3	104.28779799999998	3	0.8534044619323269	0.911997275925996
RKF099	RKF029	28.650301694869988	141.87830169487	8	122.52770069486998	6	106.66750069487	5	56.85180469486999	2	0.7340622753584806	0.88162889536276845
RKF064	RKF129	45.018798	141.651896	5	141.651896	5	127.619997	4	127.619997	4	0.6012006103943601	0.8947195843264854
RKF013	RKF029	27.184802	141.228397	8	119.71320099999998	6	89.419598	4	52.36090200000001	2	0.7564223828080663	0.88162889536276845
RKF181	RKF136	69.79789733886719	140.83300133886718	4	140.83300133886718	4	128.20990133886718	3	128.20990133886718	3	0.834298109543087	0.846745614366968
RKC030	RKF047	42.442802	140.82870400000002	5	140.82870400000002	5	128.471502	4	110.299902	3	0.7986707527776726	0.8884012460116277
RKF002	RKF210	40.219298	140.6121978740692	7	131.4557918740692	6	91.04619999999998	3	74.062798	2	0.8210308602272584	0.8723720883306219
RKF201	RKF110	107.22870230674744	139.67129290674745	3	130.04370030674744	2	130.04370030674744	2	130.04370030674744	2	0.7008815406151867	0.9016306609662896
RKC009	RKF194	72.615004	139.6217821611328	5	119.832003	3	119.832003	3	119.832003	3	0.8899776777269116	0.903333207218796
RKF237	RKF117	76.83360576629639	139.3276061662964	4	119.23390576629636	2	119.23390576629636	2	119.23390576629636	2	0.8981751226463874	0.9103325640346562
RKC020	RKF157	51.114	139.28169549543762	6	139.28169549543762	6	123.72069849543765	5	72.444702	2	0.9128674662328328	0.921228860050698
RKF047	RKC031	58.1434	139.235595	4	139.235595	4	139.235595	4	121.363395	3	0.8884012460116277	0.913119695307278
RKC036	RKF160	52.57050399999999	138.92520349999998	4	128.102204	3	128.102204	3	128.102204	3	0.7723002030444049	0.8971157605337167
KFJ029	KFJ047	54.2378	138.68208255261231	6	117.115191	4	117.115191	4	82.0141	2	0.8771392178376402	0.906032058315362
RKF118	RKF141	31.14759922027588	138.5752945597839	6	138.5752945597839	6	124.99039455978394	5	86.29399855978393	3	0.8588652213940701	0.8961572900508241
RKF002	RKF015	75.9153	138.31449899999998	3	138.31449899999998	3	124.9117	2	124.9117	2	0.8210308602272584	0.8858663438134514
RKF034	RKF142	43.1147	138.14339927592468	7	106.81870179100036	4	93.9092	3	93.9092	3	0.8514370751516527	0.8843655808205012
RKF176	RKF194	49.61099624633789	137.91959224633788	5	137.91959224633788	5	137.91959224633788	5	120.3343982463379	4	0.7850377713038982	0.903333207218796
RKF195	RKC009	56.31380081176758	137.5106904724884	6	116.09380581176758	4	101.8440038117676	3	82.06690281176759	2	0.8762816389845257	0.8899776777269116
RKC029	RKC035	89.9892	137.159296	3	137.159296	3	122.3677	2	122.3677	2	0.8196183774103641	0.8932692671484243
RKC050	RKC010	35.301405	135.9764040661621	6	125.699705	5	125.699705	5	125.699705	5	0.8533792390248824	0.901882890040735
RKF195	RKF129	49.00959730148315	135.62740181856535	5	125.29170281856535	4	112.09390230148315	3	92.98760330148316	2	0.8762816389845257	0.8947195843264854
RKF088	RKF148	80.689806	135.377298	3	135.377298	3	121.931798	2	121.931798	2	0.8226829606648759	0.8562924848347269
RKF047	RKC039	57.8773	135.28260149999997	5	126.456906	4	114.00730499999996	3	114.00730499999996	3	0.8884012460116277	0.9075075984008676
RKF199	RKF029	53.648394	135.22839242036056	5	135.22839242036056	5	120.01658942036056	4	103.65579392246627	3	0.8234396478882121	0.88162889536276845
KFJ045	KFJ047	60.1688	135.15010057296752	3	135.15010057296752	3	135.15010057296752	3	135.15010057296752	3	0.8985156318968888	0.906032058315362
RKF007	RKC047	39.251304	134.97949943359376	6	123.72749843359377	5	111.33089743359376	4	94.83929643359376	3	0.6250362579294515	0.8680463597038831
RKF199	RKF213	30.2006	134.97180174963378	6	125.40920209066772	5	125.40920209066772	5	108.73759809066772	4	0.8234396478882121	0.8949970363083752
RKF231	RKF037	54.137707	134.77401723406982	4	134.77401723406982	4	104.38401723406984	2	104.38401723406984	2	0.7193447088645908	0.8975193270528293
KFJ051	KFJ045	61.51360273361206	134.7515070813904	4	134.7515070813904	4	120.60720908139038	3	102.49570608139038	2	0.8838611226716103	0.8985156318968888
KFJ030	KFJ007	52.5770902633667	134.34239959106444	4	134.34239959106444	4	134.34239959106444	4	114.7006902633667	3	0.821383980931482	0.8694336196133329
RKC022	RKC043	55.545795	133.03987959999998	5	124.675381	4	112.126082	3	112.126082	3	0.8813640548346008	0.9098785517006546
RKF238	RKC043	59.053206	132.0889916166992	6	120.7992996166992	5	92.439505	3	59.053206	1	0.8913144918214723	0.9098785517006546
RKF023	RKF031	74.48709	131.93769462551882	4	131.93769462551882	4	131.93769462551882	4	94.9954866255188	2	0.8495075227321454	0.8852357711273379
RKF014	RKC039	46.8302	131.785503	6	121.522002	5	92.692201	3	92.692201	3	0.8685255949453293	0.9075075984008676
RKC027	RKC030	50.0638	131.5880946	5	123.094695	4	95.926284	2	95.926284	2	0.6432219741969657	0.7986707527776726
RKF218	RKF015	40.689197	131.421697	4	131.421697	4	131.421697	4	131.421697	4	0.7906750911177531	0.8858663438134514
RKF040	RKF099	31.4801	131.32528580090334	6	123.30588580090334	5	110.82098680090331	4	91.19389280090331	3	0.6047065945291513	0.7340622753584806
RKF036	RKF198	50.7931	131.04911181689454	6	110.117808	4	110.117808	4	73.670704	2	0.7646450506349867	0.872283808154566
RKF164	RKC009	86.667097	130.80458	3	130.80458	3	130.80458	3	130.80458	3	0.7855926752676781	0.8899776777269116
RKF201	RKF113	78.95410000000001	130.622791	5	101.484298	2	101.484298	2	101.484298	2	0.7008815406151867	0.8159484443771834
RKF158	RKF160	20.6448	130.38078480400085	9	77.94549700572205	4	77.94549700572205	4	40.800397	2	0.7125345238545647	0.8971157605337167
RKF015	RKF160	40.115595	130.21830203811646	5	130.21830203811646	5	117.14470203811644	4	97.97780203811644	3	0.8858663438134514	0.8971157605337167
RKC050	RKC011	98.4045	130.10799600000001	2	130.10799600000001	2	130.10799600000001	2	130.10799600000001	2	0.8533792390248824	0.8776562874402533
KFJ024	KFJ017	64.8541	129.63030550000002	3	121.208503	2	121.208503	2	121.208503	2	0.8118118875562786	0.8991462045830023
RKF007	RKC030	64.1948	129.5157	3	129.5157	3	129.5157	3	129.5157	3	0.6250362579294515	0.7986707527776726
RKF172	RKF101	32.58509635925293	129.275987019989	7	107.98659335925294	5	79.01079635925292	3	62.651096359252925	2	0.7945972532253793	0.8486121095178641
RKF010	RKF046	37.7616	128.92961599999998	6	128.92961599999998	6	100.636209	4	81.85631099999999	3	0.821850604719206	0.911997275925996
RKF231	RKC023	54.5408	128.900002	3	128.900002	3	128.900002	3	128.900002	3	0.7193447088645908	0.918340837148298
RKF002	RKF034	43.0984	128.75789861912537	6	119.61499910588074	5	93.463002	3	93.463002	3	0.8210308602272584	0.8514370751516527
KFJ049	KFJ023	60.90209484100342	128.7565968410034	3	128.7565968410034	3	128.7565968410034	3	128.7565968410034	3	0.7891238823099138	0.8580328654484002
RKF154	RKF118	47.0072	128.18090970936584	5	128.18090970936584	5	114.205808	4	114.205808	4	0.7023192463395256	0.8588652213940701
RKF007	RKF210	29.311001300811768	127.72590412924194	7	118.08650412924196	6	71.64960530081177	3	53.34300130081176	2	0.6250362579294515	0.8723720883306219
KFJ047	KFJ015	82.0462	127.72279193725586	3	127.72279193725586	3	114.8109	2	114.8109	2	0.906032058315362	0.9219603243665896
RKF007	RKF185	40.909398	126.6721021152496	4	126.6721021152496	4	126.6721021152496	4	109.82670211524965	3	0.6250362579294515	0.8066664144375922
RKC035	RKC026	95.493203	126.611101	2	126.611101	2	126.611101	2	126.611101	2	0.8932692671484243	0.8928657006293116
RKC027	RKC046	61.160696	126.418796	3	126.418796	3	126.418796	3	107.203796	2	0.6432219741969657	0.8943034063536504
RKC026	RKF238	95.915604	126.30990199999998	2	126.30990199999998	2	126.30990199999998	2	126.30990199999998	2	0.8928657006293116	0.8913144918214723
RKF163	RKC018	38.942403	125.93489267272948	6	117.28549577636716	5	105.02479677636718	4	87.59829407174682	3	0.6917886824814297	0.9011262028173987
RKF062	RKF110	47.04790711402893	125.49909973564148	4	115.19730711402892	3	115.19730711402892	3	115.19730711402892	3	0.6632363512542091	0.9016306609662896
RKF162	RKF037	28.4768	125.38779804789732	6	125.38779804789732	6	111.29039952838131	5	72.84440252838134	3	0.8697615174101119	0.8975193270528293
RKF036	RKF142	72.80769348144531	125.25898798144532	5	117.15499148144532	4	89.97139348144532	2	72.80769348144531	1	0.7646450506349867	0.8843655808205012
KFJ030	KFJ015	60.409606	125.2236155237732	3	115.267506	2	115.267506	2	115.267506	2	0.821383980931482	0.9219603243665896
RKF010	RKF034	42.870203	124.81449750723266	7	83.935592	3	83.935592	3	64.121899	2	0.821850604719206	0.8514370751516527
KFJ050	KFJ015	56.8239	124.69508853564454	4	124.69508853564454	4	110.856702	3	94.136002	2	0.7974600532203348	0.9219603243665896
RKF040	RKF156	27.1505	124.47618170322416	7	124.47618170322416	7	48.840898	2	48.840898	2	0.6047065945291513	0.6884592586987502
RKF213	RKC020	38.0396	124.32650231933592	5	124.32650231933592	5	99.215	3	99.215	3	0.8949970363083752	0.9128674662328328
RKF142	RKF046	37.7841	124.04139128779602	6	124.04139128779602	6	84.08169299999999	3	66.3588	2	0.8843655808205012	0.911997275925996
RKF040	RKF038	27.4159	123.5597004604111	7	105.3549994604111	5	90.66479946041107	4	54.684602000000005	2	0.6047065945291513	0.7456143669680804
RKC021	RKF192	57.780504	123.180217	3	112.626404	2	112.626404	2	112.626404	2	0.8912388230991386	0.8982507913687211
RKF038	RKF210	43.919897079467766	122.58409957652285	6	112.69729857652284	5	80.99939757652282	3	43.919897079467766	1	0.7456143669680804	0.8723720883306219
RKF156	RKF210	43.996894	122.35268977671812	6	113.36979277671811	5	113.36979277671811	5	43.996894	1	0.6884592586987502	0.8723720883306219
RKF163	RKC009	90.81	121.93169499227903	3	113.309299	2	113.309299	2	113.309299	2	0.6917886824814297	0.8899776777269116
RKF155	RKF142	31.935596	121.77380127518308	7	91.8930992751831	4	79.7942988751831	3	62.006294	2	0.8712748918567843	0.8843655808205012
RKC011	RKC014	27.8045	120.92210133714292	7	101.1361011665802	5	87.25250116658019	4	50.330398	2	0.8776562874402533	0.9027909147087384
RKF139	RKF037	34.2325	120.897513	7	98.890501	5	74.147	3	58.0848	2	0.8723973112380664	0.8975193270528293
RKC047	RKF160	59.304905	120.882106	3	120.882106	3	120.882106	3	120.882106	3	0.8680463597038831	0.8971157605337167
KUP003	KUP022	81.807196	120.4512246	4	100.816906	2	100.816906	2	81.807196	1	0.7313382013544701	0.7754152321138058
RKF139	RKF198	42.99888610839844	120.44358910839844	5	109.52898910839843	4	109.52898910839843	4	90.10958710839844	3	0.8723973112380664	0.872283808154566
RKF064	RKF062	36.98030114173889	120.34920473263551	4	120.34920473263551	4	120.34920473263551	4	120.34920473263551	4	0.6012006103943601	0.6632363512542091
RKF013	RKF210	67.6113	120.11469789216612	5	99.29599662818907	3	83.68939662818909	2	67.6113	1	0.7564223828080663	0.8723720883306219
KUP002	KUP004	30.092287063598626	119.9777860635986	6	110.17568606359862	5	97.17188406359864	4	79.76388306359863	3	0.869257059261221	0.8794218909613711
RKF062	RKF226	36.77099943161011	119.69810134962312	5	109.01530094962312	4	109.01530094962312	4	91.88720294962312	3	0.6632363512542091	0.8836341165046094
KFJ024	KFJ047	22.131702	119.64229655255129	8	88.305706	5	74.586603	4	22.131702	1	0.8118118875562786	0.906032058315362
RKF142	RKF032	24.2227017879486	119.51491596936036	7	119.51491596936036	7	63.5203127879486	3	46.5818107879486	2	0.8843655808205012	0.8903181869774129
RKF156	RKF034	40.6232	119.187196	5	109.045594	4	109.045594	4	71.6614	2	0.6884592586987502	0.8514370751516527
RKF015	RKC020	46.103597	119.147003	3	119.147003	3	119.147003	3	119.147003	3	0.8858663438134514	0.9128674662328328
RKF135	RKC012	30.653602000000003	118.84169793071746	8	88.84509668109129	5	47.274302	2	30.653602000000003	1	0.8867491455740103	0.8967500283757709
KUP022	KUP002	30.56410551071167	118.66089650299072	6	100.10710337893676	4	100.10710337893676	4	80.60550072924804	3	0.7754152321138058	0.869257059261221
RKF038	RKF015	41.4941	118.468607	4	109.284503	3	109.284503	3	109.284503	3	0.7456143669680804	0.8858663438134514
RKF031	RKC020	74.58801000000001	118.29151149999998	4	109.68171	3	109.68171	3	74.58801000000001	1	0.8852357711273379	0.9128674662328328
RKF199	RKF157	30.088603000000003	118.26090574035643	5	118.26090574035643	5	118.26090574035643	5	101.12941074035643	4	0.8234396478882121	0.921228860050698
RKC029	RKC050	92.31859743595123	118.25769243595126	2	118.25769243595126	2	118.25769243595126	2	118.25769243595126	2	0.8196183774103641	0.8533792390248824
RKF191	RKC023	60.7811	118.050804	4	108.28310499999998	3	93.061807	2	93.061807	2	0.8717793500056752	0.918340837148298
RKF040	RKF162	28.4222	117.2514089571991	7	99.0351030570526	5	53.271001	2	53.271001	2	0.6047065945291513	0.8697615174101119
RKF231	RKF160	50.706697	117.2504002836914	4	117.2504002836914	4	117.2504002836914	4	80.694597	2	0.7193447088645908	0.8971157605337167
RKF201	RKF117	20.653403	117.15339131702272	8	89.24208595837402	5	60.108093	3	40.988103	2	0.7008815406151867	0.9103325640346562
RKF099	RKF213	28.73580455780029	116.86510767012024	6	105.52370567012024	5	105.52370567012024	5	53.52090555780029	2	0.7340622753584806	0.8949970363083752
RKF218	RKF155	50.7865	116.227497	6	107.843198	5	50.7865	1	50.7865	1	0.7906750911177531	0.8712748918567843
RKF147	RKF110	66.04330539703369	116.1919242869873	4	105.65980739703367	3	93.02050539703367	2	93.02050539703367	2	0.8881237940297378	0.9016306609662896
RKF196	RKF147	65.1632010936737	116.03159202584838	4	104.8300970936737	3	92.4251010936737	2	92.4251010936737	2	0.8742133605740734	0.8881237940297378
RKF040	RKF199	30.9908	115.62690408683775	6	106.32450258683777	5	93.4823004002533	4	60.17680440025329	2	0.6047065945291513	0.8234396478882121
RKF135	RKC035	45.488998	115.21359368434145	5	104.46089168434143	4	104.46089168434143	4	67.2488	2	0.8867491455740103	0.8932692671484243
RKF053	RKF109	50.43339729309082	115.12129329309082	4	93.77329329309082	2	93.77329329309082	2	93.77329329309082	2	0.8665203738034883	0.862081142093249
RKF007	RKF156	24.003893	114.8836950600357	7	94.95139206003572	5	64.14709214112091	3	45.07199214112091	2	0.6250362579294515	0.6884592586987502
RKF181	RKC018	91.5384	114.74570686187744	2	114.74570686187744	2	114.74570686187744	2	114.74570686187744	2	0.834298109543087	0.9011262028173987
RKF110	RKF117	60.060304	114.560601	3	103.415602	2	103.415602	2	103.415602	2	0.9016306609662896	0.9103325640346562
RKF156	RKF155	30.750197	114.4905939224701	6	105.672498	5	105.672498	5	55.081196	2	0.6884592586987502	0.8712748918567843
RKF158	RKF218	34.3693	113.9831975631714	6	102.268	5	89.370401	4	34.3693	1	0.7125345238545647	0.7906750911177531
RKF181	RKC009	90.8092	113.872907	2	113.872907	2	113.872907	2	113.872907	2	0.834298109543087	0.8899776777269116
RKF007	RKC039	39.288604	113.72849363891602	6	95.077595	4	67.649304	2	67.649304	2	0.6250362579294515	0.9075075984008676
KUP027	KFJ036	60.265	113.595003	4	103.82821	3	103.82821	3	86.96881	2	0.8822216336877152	0.8957537235317115
RKF124	RKF147	65.17540216445923	113.46459956033326	4	92.33940216445924	2	92.33940216445924	2	92.33940216445924	2	0.880720870694765	0.8881237940297378
RKF135	RKF238	26.073205	113.45371918341064	6	91.423914	4	91.423914	4	91.423914	4	0.8867491455740103	0.8913144918214723
RKF036	RKF023	72.860193	112.9618933479004	3	112.9618933479004	3	112.9618933479004	3	94.854193	2	0.7646450506349867	0.8495075227321454
RKF191	RKF031	36.864698	112.92350183503724	5	101.58209983503724	4	101.58209983503724	4	62.96539800000001	2	0.8717793500056752	0.8852357711273379
RKC030	RKC026	80.57600000000001	112.911603	2	112.911603	2	112.911603	2	112.911603	2	0.7986707527776726	0.8928657006293116
RKF002	RKF155	32.243598	112.86959823477784	6	92.94669783477782	4	80.74839783477783	3	63.408	2	0.8210308602272584	0.8712748918567843
RKF002	RKF139	42.048895	112.40928717941284	4	102.81618817941282	3	102.81618817941282	3	102.81618817941282	3	0.8210308602272584	0.8723973112380664
KFJ045	KFJ025	37.04570531845093	111.85380831845092	4	111.85380831845092	4	111.85380831845092	4	92.03110831845092	3	0.8985156318968888	0.9016054380588452
RKF034	RKF198	25.7997989654541	111.54469696545412	6	99.97249796545412	5	85.3232979654541	4	25.7997989654541	1	0.8514370751516527	0.872283808154566
RKF154	RKF099	47.493997	110.851488	5	88.648089	3	88.648089	3	69.036993	2	0.7023192463395256	0.7340622753584806
RKC026	RKC045	65.978205	109.653109	2	109.653109	2	109.653109	2	109.653109	2	0.8928657006293116	0.9039511684511874
RKF062	RKF195	36.657804	109.5358099361206	5	90.392607	3	90.392607	3	73.20170999999999	2	0.6632363512542091	0.8762816389845257
RKC009	RKC012	49.439406000000005	108.801405	3	108.801405	3	108.801405	3	108.801405	3	0.8899776777269116	0.8967500283757709
KFJ007	KFJ029	72.8201	108.721903	3	108.721903	3	93.899903	2	93.899903	2	0.8694336196133329	0.8771392178376402
RKF191	RKF029	26.1007	108.2508025	7	89.614498	5	61.872401	3	26.1007	1	0.8717793500056752	0.88162889536276845
RKF047	RKC042	60.8843	107.844001	3	107.844001	3	94.8834	2	94.8834	2	0.8884012460116277	0.9127161287881654
RKF109	RKF226	39.4676	107.52849619732667	5	99.04629019732668	4	85.87030200000001	3	85.87030200000001	3	0.862081142093249	0.8836341165046094
KFJ034	KFJ018	78.7609	107.52350335311888	3	95.7145	2	95.7145	2	78.7609	1	0.7307580744832457	0.9185804547690212
KFJ023	KFJ051	77.509296	107.209296	2	107.209296	2	107.209296	2	107.209296	2	0.8580328654484002	0.8838611226716103
RKF158	RKF037	50.582594	107.2041909059448	5	87.416894	3	87.416894	3	71.229494	2	0.7125345238545647	0.8975193270528293
RKF062	RKF194	25.853598	107.203994	6	85.21379800000001	4	71.655398	3	71.655398	3	0.6632363512542091	0.903333207218796
RKF118	RKF157	36.2045	107.18590081436156	5	97.20590781436158	4	84.49270200000001	3	67.57660000000001	2	0.8588652213940701	0.921228860050698
RKF210	RKF198	19.7317	107.14829781666565	7	96.13610131666564	6	37.067502316665646	2	0	0	0.8723720883306219	0.872283808154566
RKF199	RKF020	48.212897777557366	107.13129359557342	4	95.90719659557342	3	95.90719659557342	3	95.90719659557342	3	0.8234396478882121	0.8534044619323269
RKF007	RKF238	64.923394	107.11509	2	107.11509	2	107.11509	2	107.11509	2	0.6250362579294515	0.8913144918214723
RKF162	RKC023	26.0746	106.88229	6	85.305589	4	69.385892	3	49.828297	2	0.8697615174101119	0.918340837148298
RKF118	RKF213	28.72069478034973	106.44420239231872	5	106.44420239231872	5	106.44420239231872	5	52.116693780349735	2	0.8588652213940701	0.8949970363083752
RKF038	RKF034	40.620708	106.337604	4	106.337604	4	91.623506	3	91.623506	3	0.7456143669680804	0.8514370751516527
RKF036	RKC023	72.45059	106.176787	3	106.176787	3	106.176787	3	72.45059	1	0.7646450506349867	0.918340837148298
KFJ049	KFJ029	31.560194000000003	106.151295	5	96.996795	4	96.996795	4	60.595994	2	0.7891238823099138	0.8771392178376402
RKC024	RKC016	25.016803	105.93111287022398	6	94.39431387022398	5	68.2520032219696	3	49.9637012219696	2	0.820501179170923	0.900899196650398
RKF013	RKF155	28.1668	105.75180712097168	6	94.988305	5	67.910706	3	49.514102	2	0.7564223828080663	0.8712748918567843
RKF109	RKF195	46.773303	105.663413	3	105.663413	3	90.137905	2	90.137905	2	0.862081142093249	0.8762816389845257
KUP002	KFJ036	58.223003	105.45302	3	105.45302	3	105.45302	3	88.803118	2	0.869257059261221	0.8957537235317115
RKF038	RKF023	45.878005	104.198092	3	104.198092	3	88.976902	2	88.976902	2	0.7456143669680804	0.8495075227321454
RKC029	RKC045	51.58430337905884	104.19750140409089	4	104.19750140409089	4	74.64120337905884	2	74.64120337905884	2	0.8196183774103641	0.9039511684511874
RKC026	RKC028	80.992997	104.008997	2	104.008997	2	104.008997	2	104.008997	2	0.8928657006293116	0.9073184265950336
RKF176	RKF147	44.43010091781616	103.83250591781616	4	93.13840441781616	3	81.01470491781616	2	81.01470491781616	2	0.7850377713038982	0.8881237940297378
RKF064	RKF201	40.4531	102.7128026336212	4	94.584702	3	94.584702	3	94.584702	3	0.6012006103943601	0.7008815406151867
RKF020	RKF141	58.9878	102.383893	4	91.9609	3	77.88380000000001	2	58.9878	1	0.8534044619323269	0.8961572900508241
RKF162	RKF031	23.4611	102.37459583206176	6	93.45349712295533	5	65.4813	3	46.5132	2	0.8697615174101119	0.8852357711273379
RKF113	RKC009	31.846595	102.1775785029602	5	92.70659118301393	4	77.21239318301392	3	77.21239318301392	3	0.8159484443771834	0.8899776777269116
RKF016	RKF155	30.205899477005	101.486313954483	6	81.401408477005	4	50.013798477005	2	30.205899477005	1	0.8520802592914886	0.8712748918567843
KFJ049	KFJ045	60.72759599999999	101.390796	2	101.390796	2	101.390796	2	101.390796	2	0.7891238823099138	0.8985156318968888
RKF135	RKC046	55.9232	101.2249	2	101.2249	2	101.2249	2	101.2249	2	0.8867491455740103	0.8943034063536504
RKF191	RKF015	49.0223	101.1257	3	92.137296	2	92.137296	2	92.137296	2	0.8717793500056752	0.8858663438134514
RKC018	KFJ006	52.170300000000005	100.999805	4	92.321202	3	79.6738	2	79.6738	2	0.9011262028173987	0.9008865851966756
RKF036	RKC020	72.807693	100.44138999999998	3	100.44138999999998	3	72.807693	1	72.807693	1	0.7646450506349867	0.9128674662328328
RKC029	RKC046	38.00010085105896	100.11109885105896	3	100.11109885105896	3	100.11109885105896	3	100.11109885105896	3	0.8196183774103641	0.8943034063536504
RKF007	RKC023	55.674595	99.34289917127992	4	87.3921991712799	3	74.689299	2	55.674595	1	0.6250362579294515	0.918340837148298
RKF007	RKF139	45.677298	99.19879441149902	4	99.19879441149902	4	68.87728541149902	2	68.87728541149902	2	0.6250362579294515	0.8723973112380664
RKF047	RKC002	50.8676	98.975999	3	98.975999	3	98.975999	3	79.53089600000001	2	0.8884012460116277	0.9120729446483296
RKF209	RKF032	30.907404	98.85460361584472	6	67.21379999999999	3	52.25549899999999	2	52.25549899999999	2	0.8416758099706153	0.8903181869774129
RKF016	RKF032	24.2006	98.53500130963133	5	98.53500130963133	5	82.8181982357483	4	66.137898	3	0.8520802592914886	0.8903181869774129
KFJ050	KFJ029	35.292602	98.292512	4	98.292512	4	84.672904	3	67.331505	2	0.7974600532203348	0.8771392178376402
RKF191	RKF213	26.1007	98.17430482749938	6	75.869898	4	45.848601	2	26.1007	1	0.8717793500056752	0.8949970363083752
RKF081	RKF226	75.9618	98.016103	2	98.016103	2	98.016103	2	98.016103	2	0.6682304869282282	0.8836341165046094
RKF231	RKF118	49.117702	97.581707	4	86.484307	3	73.805803	2	73.805803	2	0.7193447088645908	0.8588652213940701
RKF210	RKC020	40.2638	97.5137000793457	4	85.70380007934571	3	73.59700000000001	2	73.59700000000001	2	0.8723720883306219	0.9128674662328328
RKF231	RKF031	38.084	97.398106	5	77.036897	3	63.020698	2	63.020698	2	0.7193447088645908	0.8852357711273379
RKF231	RKF191	50.5101	96.99889717564392	4	87.11449800000001	3	87.11449800000001	3	70.71339800000001	2	0.7193447088645908	0.8717793500056752
RKF007	RKF038	33.1101	96.76209168481444	5	86.66719268481445	4	58.09989568481445	2	58.09989568481445	2	0.6250362579294515	0.7456143669680804
KFJ013	KFJ047	58.791703	96.7160075	4	77.107006	2	77.107006	2	58.791703	1	0.907621101484368	0.906032058315362
RKC047	RKF037	31.331897	96.584797	4	88.208592	3	88.208592	3	88.208592	3	0.8680463597038831	0.8975193270528293
RKF040	RKC023	24.801403	96.3496110656128	5	96.3496110656128	5	82.6027100656128	4	48.840303	2	0.6047065945291513	0.918340837148298
RKF163	RKF136	47.10639715194702	96.33109815194705	3	96.33109815194705	3	82.07069715194702	2	82.07069715194702	2	0.6917886824814297	0.846745614366968
RKF198	RKF155	50.7931	96.32710699999998	4	96.32710699999998	4	67.537308	2	50.7931	1	0.872283808154566	0.8712748918567843
RKC047	RKF213	41.928303	95.823505	4	86.694705	3	86.694705	3	86.694705	3	0.8680463597038831	0.8949970363083752
RKF158	RKF209	27.8584	95.716305	5	84.690003	4	84.690003	4	27.8584	1	0.7125345238545647	0.8416758099706153
RKF047	RKC038	41.0317	95.233297	3	95.233297	3	95.233297	3	95.233297	3	0.8884012460116277	0.914607846846506
RKF118	RKF032	31.03350400924682	95.1031150361328	5	95.1031150361328	5	66.13041176083374	3	31.03350400924682	1	0.8588652213940701	0.8903181869774129
RKC026	RKC046	94.99031	94.99031	1	94.99031	1	94.99031	1	94.99031	1	0.8928657006293116	0.8943034063536504
RKF191	RKF157	36.8623	94.76309865230712	5	83.42179805230712	4	56.209601	2	36.8623	1	0.8717793500056752	0.921228860050698
RKF099	RKF155	26.6091	94.698601	5	94.698601	5	49.290199	2	49.290199	2	0.7340622753584806	0.8712748918567843
RKF156	RKF036	23.854202	94.58780827609252	6	86.53051199999999	5	42.249002	2	23.854202	1	0.6884592586987502	0.7646450506349867
RKF210	RKF191	19.634	94.195811611969	7	49.07690099999999	3	19.634	1	0	0	0.8723720883306219	0.8717793500056752
RKF181	RKF104	47.204494	94.0950892187805	4	85.763397	3	70.775997	2	70.775997	2	0.834298109543087	0.8757141235670236
RKC029	RKC022	58.93009299999999	94.01097839999998	3	84.80217999999999	2	84.80217999999999	2	84.80217999999999	2	0.8196183774103641	0.8813640548346008
RKC027	RKC031	61.062706	93.860403	3	84.786803	2	84.786803	2	84.786803	2	0.6432219741969657	0.913119695307278
RKF160	RKC031	58.4586	93.5011	2	93.5011	2	93.5011	2	93.5011	2	0.8971157605337167	0.913119695307278
RKF113	RKF109	43.422294	93.057389	3	93.057389	3	93.057389	3	74.63829	2	0.8159484443771834	0.862081142093249
RKF036	RKF199	72.80769348144531	92.6449954814453	3	72.80769348144531	1	72.80769348144531	1	72.80769348144531	1	0.7646450506349867	0.8234396478882121
RKF007	RKF118	29.3286	92.40049464637757	5	72.12009764637757	3	72.12009764637757	3	72.12009764637757	3	0.6250362579294515	0.8588652213940701
RKF007	RKF013	29.212	91.1423976	5	72.721093	3	58.0738	2	58.0738	2	0.6250362579294515	0.7564223828080663
RKC050	RKC043	62.662494	91.04288834683229	3	80.303693	2	80.303693	2	62.662494	1	0.8533792390248824	0.9098785517006546
KUP009	KUP011	36.492097	91.01290220010377	4	91.01290220010377	4	65.114402	2	65.114402	2	0.8417767016003935	0.890557804598136
RKC047	RKF141	41.7575	90.49259659999998	4	67.7482	2	67.7482	2	67.7482	2	0.8680463597038831	0.8961572900508241
RKF002	RKF032	24.51599836349487	90.18910296349488	5	90.18910296349488	5	63.36890436349487	3	46.59349936349487	2	0.8210308602272584	0.8903181869774129
RKF118	RKF029	29.57599759101867	90.0766967405548	5	90.0766967405548	5	46.914094591018674	2	29.57599759101867	1	0.8588652213940701	0.88162889536276845
RKC033	RKF037	31.4611	89.888802	3	89.888802	3	89.888802	3	89.888802	3	0.5941381963098886	0.8975193270528293
RKF160	RKC039	62.14469700000001	89.482307	2	89.482307	2	89.482307	2	89.482307	2	0.8971157605337167	0.9075075984008676
RKF160	RKC042	45.3484	89.430404	3	89.430404	3	76.027298	2	76.027298	2	0.8971157605337167	0.9127161287881654
RKF036	RKF118	25.0527	88.44559207667541	5	79.720992	4	64.63978900000001	3	46.524197	2	0.7646450506349867	0.8588652213940701
RKF121	RKC009	47.22451	87.79291041351318	3	87.79291041351318	3	72.29401	2	72.29401	2	0.8931431526112015	0.8899776777269116
RKF052	RKF101	32.61479	87.77858	4	76.467287	3	76.467287	3	60.22619	2	0.8246377359918278	0.8486121095178641
RKF201	RKF226	43.039602	87.160616	4	87.160616	4	62.063201	2	43.039602	1	0.7008815406151867	0.8836341165046094
RKC036	RKC026	87.1352	87.1352	1	87.1352	1	87.1352	1	87.1352	1	0.7723002030444049	0.8928657006293116
RKF002	RKF046	39.197397	86.98999785308838	4	86.98999785308838	4	56.777	2	39.197397	1	0.8210308602272584	0.911997275925996
RKF014	RKC035	68.8777	86.926499	2	86.926499	2	86.926499	2	68.8777	1	0.8685255949453293	0.8932692671484243
RKF098	RKF237	46.9585	86.860096	3	76.324397	2	76.324397	2	76.324397	2	0.8645529870228141	0.8981751226463874
RKC046	RKC043	49.8536	86.38530404522704	4	77.81720204522705	3	49.8536	1	49.8536	1	0.8943034063536504	0.9098785517006546
KFJ049	KFJ015	38.9884	86.3721074	3	76.85620200000001	2	76.85620200000001	2	76.85620200000001	2	0.7891238823099138	0.9219603243665896
RKF162	RKF141	30.318308	86.098006	4	86.098006	4	72.74040799999999	3	53.779408	2	0.8697615174101119	0.8961572900508241
RKF118	RKF155	30.778795	85.30850960803221	5	64.116102	3	48.929101	2	30.778795	1	0.8588652213940701	0.8712748918567843
RKF147	RKF117	39.4676	84.514193	3	84.514193	3	72.07029200000001	2	72.07029200000001	2	0.8881237940297378	0.9103325640346562
RKC027	RKC047	32.02090263366699	84.23430263366699	3	84.23430263366699	3	84.23430263366699	3	84.23430263366699	3	0.6432219741969657	0.8680463597038831
RKF007	RKF034	39.649698	84.1792910953125	5	54.568395	2	39.649698	1	39.649698	1	0.6250362579294515	0.8514370751516527
RKF135	RKC045	32.3666	84.01599900000001	3	84.01599900000001	3	84.01599900000001	3	84.01599900000001	3	0.8867491455740103	0.9039511684511874
RKF088	RKF226	70.358104	83.99140299999999	2	83.99140299999999	2	70.358104	1	70.358104	1	0.8226829606648759	0.8836341165046094
RKF007	RKF199	27.44770050048828	83.818698236969	4	72.61179723696898	3	72.61179723696898	3	72.61179723696898	3	0.6250362579294515	0.8234396478882121
RKF192	RKC018	52.6471	83.672998	3	73.18160300000001	2	73.18160300000001	2	73.18160300000001	2	0.8982507913687211	0.9011262028173987
KFJ051	KFJ015	70.5153	83.42719193725586	2	83.42719193725586	2	70.5153	1	70.5153	1	0.8838611226716103	0.9219603243665896
RKF036	RKF191	26.452398	82.756799	4	82.756799	4	69.641098	3	50.443697	2	0.7646450506349867	0.8717793500056752
RKF155	RKC023	31.669104	82.543289	4	73.760491	3	61.468702	2	61.468702	2	0.8712748918567843	0.918340837148298
RKF015	RKF037	40.115595	82.418898	3	82.418898	3	68.203295	2	68.203295	2	0.8858663438134514	0.8975193270528293
RKF010	RKF032	20.332396	81.83009530987549	5	81.83009530987549	5	37.136596	2	20.332396	1	0.821850604719206	0.8903181869774129
RKF169	RKF160	24.973798	81.811702	5	81.811702	5	24.973798	1	24.973798	1	0.8460393729585209	0.8971157605337167
RKF020	RKF139	38.6697	81.53139995117186	3	81.53139995117186	3	81.53139995117186	3	64.99339995117187	2	0.8534044619323269	0.8723973112380664
RKF118	RKF089	49.851692	81.3634936	4	62.945891	2	49.851692	1	49.851692	1	0.8588652213940701	0.8822468565951598
RKF007	RKF158	27.26730108261108	81.27301008261108	5	60.834500082611086	3	48.13010108261108	2	48.13010108261108	2	0.6250362579294515	0.7125345238545647
RKF034	RKC047	41.225898	81.03220300000001	3	81.03220300000001	3	66.421401	2	66.421401	2	0.8514370751516527	0.8680463597038831
RKF182	RKC009	80.9306	80.9306	1	80.9306	1	80.9306	1	80.9306	1	0.8842899120981675	0.8899776777269116
RKF053	RKF147	37.976205	80.62910384867857	4	69.429707	3	57.056808	2	37.976205	1	0.8665203738034883	0.8881237940297378
RKF156	RKF046	21.71330451965332	80.10410751965333	5	71.12121051965332	4	43.25711151965332	2	43.25711151965332	2	0.6884592586987502	0.911997275925996
RKF199	RKF155	31.1476	80.1018	4	60.1668	2	60.1668	2	60.1668	2	0.8234396478882121	0.8712748918567843
RKF141	RKC039	41.332698	79.88249954452513	3	79.88249954452513	3	67.32779754452514	2	67.32779754452514	2	0.8961572900508241	0.9075075984008676
RKF201	RKF237	33.8875	79.7141986	4	70.81599700000001	3	56.564899	2	56.564899	2	0.7008815406151867	0.8981751226463874
RKF014	RKF135	29.02250289916992	79.17519329916993	5	58.611399899169925	3	29.02250289916992	1	29.02250289916992	1	0.8685255949453293	0.8867491455740103
RKF118	RKF046	29.31719422340393	78.61279222340394	4	78.61279222340394	4	65.55839222340394	3	29.31719422340393	1	0.8588652213940701	0.911997275925996
RKF074	RKF182	56.584	78.5109095	3	56.584	1	56.584	1	56.584	1	0.8252304743167745	0.8842899120981675
RKC027	RKC022	27.163702	78.3370022779541	5	60.847104	3	46.799505	2	27.163702	1	0.6432219741969657	0.8813640548346008
RKC050	RKF014	69.345504	78.153902	2	69.345504	1	69.345504	1	69.345504	1	0.8533792390248824	0.8685255949453293
RKC009	KFJ006	52.3661	78.07990000000001	2	78.07990000000001	2	78.07990000000001	2	78.07990000000001	2	0.8899776777269116	0.9008865851966756
RKF042	RKC039	31.003904	77.944523	4	69.03522	3	54.050302	2	54.050302	2	0.8349412936829228	0.9075075984008676
KFJ029	KFJ017	57.1124	77.924292	2	77.924292	2	77.924292	2	77.924292	2	0.8771392178376402	0.8991462045830023
RKF198	RKF032	37.574196	77.80739682628631	4	67.97239499999999	3	37.574196	1	37.574196	1	0.872283808154566	0.8903181869774129
RKF154	RKF162	46.510398	77.22789	3	67.71469099999999	2	67.71469099999999	2	67.71469099999999	2	0.7023192463395256	0.8697615174101119
RKF113	RKF148	64.734995	77.207696	2	77.207696	2	64.734995	1	64.734995	1	0.8159484443771834	0.8562924848347269
RKF109	RKF147	39.4676	77.07119300000001	2	77.07119300000001	2	77.07119300000001	2	77.07119300000001	2	0.862081142093249	0.8881237940297378
RKF099	RKF034	28.330302000000003	76.68280299999999	4	65.25320099999999	3	65.25320099999999	3	28.330302000000003	1	0.7340622753584806	0.8514370751516527
RKC033	RKF040	45.630398	76.31509706311034	3	76.31509706311034	3	62.53279706311034	2	45.630398	1	0.5941381963098886	0.6047065945291513
RKF198	RKF046	15.8458	76.29358239999999	6	45.845896	3	0	0	0	0	0.872283808154566	0.911997275925996
RKC027	RKF135	55.05581000000001	75.97771100000001	3	67.73401000000001	2	55.05581000000001	1	55.05581000000001	1	0.6432219741969657	0.8867491455740103
RKF099	RKF015	47.124398	75.66858599999999	2	75.66858599999999	2	75.66858599999999	2	75.66858599999999	2	0.7340622753584806	0.8858663438134514
RKF040	RKC020	39.196998	75.66279899999999	3	66.70919799999999	2	66.70919799999999	2	66.70919799999999	2	0.6047065945291513	0.9128674662328328
RKF182	RKC018	51.86879634857178	75.06739534857178	2	75.06739534857178	2	75.06739534857178	2	75.06739534857178	2	0.8842899120981675	0.9011262028173987
RKF191	RKF155	26.449	74.9616975	4	64.960199	3	49.115103000000005	2	49.115103000000005	2	0.8717793500056752	0.8712748918567843
RKF162	RKF032	29.0254	74.87000849931334	4	74.87000849931334	4	46.147901134872434	2	29.0254	1	0.8697615174101119	0.8903181869774129
RKF015	RKC023	40.882397	74.748699	3	64.522497	2	64.522497	2	64.522497	2	0.8858663438134514	0.918340837148298
RKF020	RKF032	58.9878	74.70429299999999	2	74.70429299999999	2	58.9878	1	58.9878	1	0.8534044619323269	0.8903181869774129
RKF213	RKC023	24.681701	74.69971000000001	4	63.208209	3	63.208209	3	45.6102	2	0.8949970363083752	0.918340837148298
RKF191	RKF141	19.390202	73.92539643503723	5	52.00349683503723	3	38.659602835037234	2	0	0	0.8717793500056752	0.8961572900508241
RKF037	RKC038	41.6108	72.87939699999998	2	72.87939699999998	2	72.87939699999998	2	72.87939699999998	2	0.8975193270528293	0.914607846846506
RKF156	RKF139	19.388497	72.78259950616454	5	52.27819650616456	3	36.341798	2	0	0	0.6884592586987502	0.8723973112380664
RKF162	RKF029	23.407099	72.68209212295532	5	64.65249412295532	4	23.407099	1	23.407099	1	0.8697615174101119	0.88162889536276845
RKC012	RKC046	26.85459852218628	72.41799815768432	4	62.92359815768432	3	50.915706157684326	2	50.915706157684326	2	0.8967500283757709	0.8943034063536504
RKF213	RKC039	41.926908000000005	72.23431283343506	3	62.057613833435056	2	62.057613833435056	2	62.057613833435056	2	0.8949970363083752	0.9075075984008676
RKF124	RKF226	27.163598	71.68109483020018	4	49.425897	2	49.425897	2	49.425897	2	0.880720870694765	0.8836341165046094
RKF231	RKF036	30.1564	71.51340070055235	5	44.3862	2	30.1564	1	30.1564	1	0.7193447088645908	0.7646450506349867
KUP004	KUP027	29.719901084899902	71.36350237121582	4	52.37730108489991	2	52.37730108489991	2	52.37730108489991	2	0.8794218909613711	0.8822216336877152
RKF007	RKF099	24.115199	71.18499604868927	4	62.55829664868927	3	47.08749964868927	2	47.08749964868927	2	0.6250362579294515	0.7340622753584806
RKF162	RKF157	23.4611	71.03950093341064	4	60.826102000000006	3	60.826102000000006	3	23.4611	1	0.8697615174101119	0.921228860050698
RKF135	RKC043	24.33430552482605	71.03210652482605	4	71.03210652482605	4	24.33430552482605	1	24.33430552482605	1	0.8867491455740103	0.9098785517006546
RKF047	RKC046	58.0813	70.954705	2	70.954705	2	58.0813	1	58.0813	1	0.8884012460116277	0.8943034063536504
RKF136	RKF098	41.425896	70.81649300000001	2	70.81649300000001	2	70.81649300000001	2	70.81649300000001	2	0.846745614366968	0.8645529870228141
RKC027	RKC014	27.433103	70.78371050083922	4	62.40791050083922	3	48.846608077362056	2	48.846608077362056	2	0.6432219741969657	0.9027909147087384
RKF148	RKF121	28.358397000000004	70.7341986193451	5	40.732399	2	28.358397000000004	1	28.358397000000004	1	0.8562924848347269	0.8931431526112015
RKF154	RKF038	25.825998	70.48920100000001	3	70.48920100000001	3	70.48920100000001	3	70.48920100000001	3	0.7023192463395256	0.7456143669680804
RKF173	RKF043	69.971	69.971	1	69.971	1	69.971	1	69.971	1	0.8339071544776967	0.873683679517738
RKF023	RKC023	53.07869911193848	69.90489911193848	2	69.90489911193848	2	69.90489911193848	2	53.07869911193848	1	0.8495075227321454	0.918340837148298
RKF098	RKC016	42.272496	69.55239149999998	3	58.699393	2	58.699393	2	42.272496	1	0.8645529870228141	0.900899196650398
RKF231	RKF157	42.7343	68.97309839999998	3	59.5062	2	59.5062	2	42.7343	1	0.7193447088645908	0.921228860050698
RKF162	RKF213	28.49420309066772	68.66290238978576	3	68.66290238978576	3	68.66290238978576	3	51.90120009066772	2	0.8697615174101119	0.8949970363083752
RKC030	RKF037	42.051100000000005	68.49739500000001	2	68.49739500000001	2	68.49739500000001	2	68.49739500000001	2	0.7986707527776726	0.8975193270528293
KUP010	KUP009	26.24880075454712	68.45631025454712	5	38.25440375454712	2	26.24880075454712	1	26.24880075454712	1	0.7572673502074584	0.8417767016003935
RKF156	RKF132	30.336	68.27019899999999	3	68.27019899999999	3	53.617601	2	53.617601	2	0.6884592586987502	0.9051997023696922
RKF199	RKF032	22.07061	67.92070899075317	4	67.92070899075317	4	38.98361299999999	2	22.07061	1	0.8234396478882121	0.8903181869774129
RKF173	RKF046	67.9149	67.9149	1	67.9149	1	67.9149	1	67.9149	1	0.8339071544776967	0.911997275925996
RKF238	RKF047	39.605206	67.664	3	57.439306	2	57.439306	2	39.605206	1	0.8913144918214723	0.8884012460116277
RKF158	RKF198	35.7268	67.6631917836914	3	67.6631917836914	3	54.924201	2	35.7268	1	0.7125345238545647	0.872283808154566
RKF020	RKF034	42.902398000000005	67.56440019100036	3	55.81189979100037	2	42.902398000000005	1	42.902398000000005	1	0.8534044619323269	0.8514370751516527
RKF007	RKF162	24.007195	67.43739900000001	4	58.093495	3	42.781594	2	24.007195	1	0.6250362579294515	0.8697615174101119
RKF062	RKF121	25.8613	67.32930040000001	4	47.379101	2	47.379101	2	47.379101	2	0.6632363512542091	0.8931431526112015
RKF156	RKF158	38.880998	67.2244936	3	55.507797	2	55.507797	2	38.880998	1	0.6884592586987502	0.7125345238545647
RKC027	RKC045	36.088705	67.12249511154175	2	67.12249511154175	2	67.12249511154175	2	67.12249511154175	2	0.6432219741969657	0.9039511684511874
KFJ029	KFJ025	26.9503	67.11179542427062	4	56.72630000000001	3	26.9503	1	26.9503	1	0.8771392178376402	0.9016054380588452
RKF099	RKF036	23.969498	67.00620047531127	5	37.1023	2	23.969498	1	23.969498	1	0.7340622753584806	0.7646450506349867
RKC033	RKF210	33.401904	66.9046015	3	57.653901	2	57.653901	2	57.653901	2	0.5941381963098886	0.8723720883306219
RKF037	RKC039	30.8676	66.746199	3	58.251202	2	58.251202	2	58.251202	2	0.8975193270528293	0.9075075984008676
RKF031	RKC017	46.1905	66.672396	2	66.672396	2	66.672396	2	66.672396	2	0.8852357711273379	0.8847565358858915
RKF081	RKC009	26.719700000000003	66.00259429278564	4	56.8206895	3	44.405793	2	26.719700000000003	1	0.6682304869282282	0.8899776777269116
RKF040	RKF015	24.6037	65.787407	3	65.787407	3	65.787407	3	46.1683	2	0.6047065945291513	0.8858663438134514
RKC030	RKF160	26.9123	65.653402	3	65.653402	3	53.27420000000001	2	53.27420000000001	2	0.7986707527776726	0.8971157605337167
RKC039	RKF157	41.332698	65.519813	3	56.139112	2	41.332698	1	41.332698	1	0.9075075984008676	0.921228860050698
RKF160	RKC002	45.5259	65.355203	2	65.355203	2	65.355203	2	45.5259	1	0.8971157605337167	0.9120729446483296
KFJ024	KFJ018	65.3027	65.3027	1	65.3027	1	65.3027	1	65.3027	1	0.8118118875562786	0.9185804547690212
RKF153	RKC016	40.9066	65.29040699999999	3	53.915707000000005	2	40.9066	1	40.9066	1	0.8666212654332665	0.900899196650398
KFJ010	KFJ006	17.3435	65.25949491653442	5	46.655994916534425	3	17.3435	1	0	0	0.8489778416758099	0.9008865851966756
RKF040	RKF238	40.0894	65.0225	2	65.0225	2	65.0225	2	65.0225	2	0.6047065945291513	0.8913144918214723
RKF029	RKC039	41.332698	64.97449589571534	3	55.63049329571533	2	41.332698	1	41.332698	1	0.88162889536276845	0.9075075984008676
RKF040	RKF191	20.008898	64.7851945	5	20.008898	1	20.008898	1	20.008898	1	0.6047065945291513	0.8717793500056752
RKF158	RKF038	33.432603	64.42890560000001	3	54.769803	2	54.769803	2	54.769803	2	0.7125345238545647	0.7456143669680804
RKC030	RKF029	41.104603	64.34160399999999	3	54.849504	2	41.104603	1	41.104603	1	0.7986707527776726	0.88162889536276845
RKC047	RKF142	32.203102	64.265204	3	55.094302000000006	2	55.094302000000006	2	55.094302000000006	2	0.8680463597038831	0.8843655808205012
RKF007	RKF020	29.742396	64.18018956910704	3	53.75029456910705	2	53.75029456910705	2	53.75029456910705	2	0.6250362579294515	0.8534044619323269
RKF042	RKC047	31.7855	63.979995	3	54.831898	2	54.831898	2	54.831898	2	0.8349412936829228	0.8680463597038831
RKF144	RKF150	63.9597	63.9597	1	63.9597	1	63.9597	1	63.9597	1	0.5732410174920863	0.8876319473345693
RKF013	RKF139	20.731997	63.9565924	4	53.220992	3	38.836991	2	20.731997	1	0.7564223828080663	0.8723973112380664
RKF099	RKF210	19.631502	63.736406021072376	4	51.76540602107238	3	51.76540602107238	3	0	0	0.7340622753584806	0.8723720883306219
RKF156	RKF032	21.518505	63.07100642089842	4	63.07100642089842	4	21.518505	1	21.518505	1	0.6884592586987502	0.8903181869774129
RKF226	RKF117	39.4676	62.852201	3	53.0269	2	39.4676	1	39.4676	1	0.8836341165046094	0.9103325640346562
RKF104	RKF182	48.59469	62.73988500000001	2	62.73988500000001	2	48.59469	1	48.59469	1	0.8757141235670236	0.8842899120981675
RKF142	RKC039	30.8226	62.65800749015808	3	53.712	2	53.712	2	53.712	2	0.8843655808205012	0.9075075984008676
RKF036	RKC017	40.4917	62.628412	2	62.628412	2	62.628412	2	62.628412	2	0.7646450506349867	0.8847565358858915
RKF098	RKF147	62.4675	62.4675	1	62.4675	1	62.4675	1	62.4675	1	0.8645529870228141	0.8881237940297378
RKF015	RKF141	31.9126	62.45981300000001	3	51.531707	2	51.531707	2	31.9126	1	0.8858663438134514	0.8961572900508241
RKF238	RKC012	29.36390042304992	62.417406423049925	3	54.10670642304992	2	54.10670642304992	2	54.10670642304992	2	0.8913144918214723	0.8967500283757709
RKF158	RKF099	37.062097	62.396599	3	53.691397	2	53.691397	2	37.062097	1	0.7125345238545647	0.7340622753584806
RKF231	RKF141	24.889702	62.359505360198966	4	41.661602	2	41.661602	2	24.889702	1	0.7193447088645908	0.8961572900508241
RKC050	RKC026	31.807208	62.202108	2	62.202108	2	62.202108	2	62.202108	2	0.8533792390248824	0.8928657006293116
RKF036	RKF002	17.783594	61.8053876	5	42.209291	3	17.783594	1	0	0	0.7646450506349867	0.8210308602272584
RKF062	RKF117	25.853598	61.76009648527908	3	61.76009648527908	3	48.281798	2	48.281798	2	0.6632363512542091	0.9103325640346562
RKF007	RKF023	33.3642	61.6955995	3	51.7811	2	51.7811	2	33.3642	1	0.6250362579294515	0.8495075227321454
RKC047	RKF157	41.7565	61.645297	3	41.7565	1	41.7565	1	41.7565	1	0.8680463597038831	0.921228860050698
RKF037	RKC031	31.268597	61.568897	2	61.568897	2	61.568897	2	61.568897	2	0.8975193270528293	0.913119695307278
RKF139	RKC020	16.012001	61.283486	4	61.283486	4	16.012001	1	0	0	0.8723973112380664	0.9128674662328328
RKF007	RKF164	31.523496	61.220600000000005	3	49.275096000000005	2	49.275096000000005	2	31.523496	1	0.6250362579294515	0.7855926752676781
RKF099	RKF139	19.934297	60.943697	4	50.138297	3	36.890897	2	0	0	0.7340622753584806	0.8723973112380664
RKF175	RKF101	21.007502	60.588804	4	49.276403	3	21.007502	1	21.007502	1	0.810197621479828	0.8486121095178641
RKF199	RKF034	30.1718	60.29810333883668	3	51.090199000000005	2	51.090199000000005	2	51.090199000000005	2	0.8234396478882121	0.8514370751516527
RKF176	RKF237	36.57161	60.20201000000001	3	48.872709	2	36.57161	1	36.57161	1	0.7850377713038982	0.8981751226463874
RKF201	RKF136	20.270899	59.754599500000005	5	20.270899	1	20.270899	1	20.270899	1	0.7008815406151867	0.846745614366968
RKF098	RKC009	30.894494	59.59379	3	51.406091	2	51.406091	2	51.406091	2	0.8645529870228141	0.8899776777269116
RKF038	RKF132	25.4373	59.58750094158936	3	59.58750094158936	3	45.25319794158935	2	25.4373	1	0.7456143669680804	0.9051997023696922
RKF231	RKF158	42.570698	59.394601	2	59.394601	2	59.394601	2	42.570698	1	0.7193447088645908	0.7125345238545647
RKF007	RKC042	36.779702	59.2074014	3	49.374301	2	36.779702	1	36.779702	1	0.6250362579294515	0.9127161287881654
RKF148	RKF195	41.626894	59.1555906	3	41.626894	1	41.626894	1	41.626894	1	0.8562924848347269	0.8762816389845257
RKC030	RKF141	45.185998	59.024298	2	59.024298	2	45.185998	1	45.185998	1	0.7986707527776726	0.8961572900508241
RKF155	RKF162	23.407099	59.01159406726073	4	38.588897	2	23.407099	1	23.407099	1	0.8712748918567843	0.8697615174101119
RKC007	RKF213	48.3307	58.981704	2	48.3307	1	48.3307	1	48.3307	1	0.8689669958256088	0.8949970363083752
RKF226	RKF110	26.986700000000003	58.933002	3	58.933002	3	46.2937	2	26.986700000000003	1	0.8836341165046094	0.9016306609662896
RKF156	RKF015	21.7264	58.7076014	4	38.439	2	38.439	2	21.7264	1	0.6884592586987502	0.8858663438134514
RKF160	RKC046	58.563095	58.563095	1	58.563095	1	58.563095	1	58.563095	1	0.8971157605337167	0.8943034063536504
RKC029	RKF135	23.454797	58.4875915	4	38.33689999999999	2	23.454797	1	23.454797	1	0.8196183774103641	0.8867491455740103
RKF198	RKF015	35.3894	58.3479	2	58.3479	2	58.3479	2	58.3479	2	0.872283808154566	0.8858663438134514
RKC030	RKF032	44.3642	58.2936	2	58.2936	2	44.3642	1	44.3642	1	0.7986707527776726	0.8903181869774129
RKF047	RKC052	34.973598	58.09690199999999	3	47.809303	2	34.973598	1	34.973598	1	0.8884012460116277	0.8967121940146041
RKF040	RKC031	39.357	58.0011	2	58.0011	2	58.0011	2	39.357	1	0.6047065945291513	0.913119695307278
RKC033	RKF032	44.213602	57.971202	2	57.971202	2	44.213602	1	44.213602	1	0.5941381963098886	0.8903181869774129
RKF038	RKF046	17.857897	57.9375	4	47.689098	3	34.689998	2	0	0	0.7456143669680804	0.911997275925996
RKF213	RKC031	32.6802	57.87949999999999	2	57.87949999999999	2	57.87949999999999	2	57.87949999999999	2	0.8949970363083752	0.913119695307278
RKF210	RKC031	33.5551	57.807097	2	57.807097	2	57.807097	2	57.807097	2	0.8723720883306219	0.913119695307278
RKC020	RKF046	27.586097	57.631296	3	57.631296	3	43.663794	2	27.586097	1	0.9128674662328328	0.911997275925996
RKF210	RKF238	33.258402	57.6276	2	57.6276	2	57.6276	2	57.6276	2	0.8723720883306219	0.8913144918214723
RKC033	RKF213	21.753699	57.52479855088807	4	38.846296	2	38.846296	2	21.753699	1	0.5941381963098886	0.8949970363083752
RKF238	RKF213	32.964298	57.349893	2	57.349893	2	57.349893	2	57.349893	2	0.8913144918214723	0.8949970363083752
RKF037	RKC052	34.973598	57.217098	3	47.807098	2	34.973598	1	34.973598	1	0.8975193270528293	0.8967121940146041
RKC027	RKC039	31.380302	57.08531765933227	2	57.08531765933227	2	57.08531765933227	2	57.08531765933227	2	0.6432219741969657	0.9075075984008676
RKF023	RKF046	22.913903	56.62831100000001	3	56.62831100000001	3	43.728608	2	43.728608	2	0.8495075227321454	0.911997275925996
RKF136	RKF129	18.3546	56.5719016	4	45.731201	3	18.3546	1	0	0	0.846745614366968	0.8947195843264854
RKF062	RKF109	25.8613	56.496697	3	47.536799	2	47.536799	2	47.536799	2	0.6632363512542091	0.862081142093249
RKC017	RKF213	48.32789897918701	56.43319897918702	2	48.32789897918701	1	48.32789897918701	1	48.32789897918701	1	0.8847565358858915	0.8949970363083752
RKF064	RKF176	35.81339	56.33028600000001	2	56.33028600000001	2	56.33028600000001	2	56.33028600000001	2	0.6012006103943601	0.7850377713038982
KFJ053	KFJ006	23.759499	56.316297000000006	3	56.316297000000006	3	43.879297	2	43.879297	2	0.8915036636273063	0.9008865851966756
RKF139	RKC039	41.545796	55.90441187524414	2	55.90441187524414	2	41.545796	1	41.545796	1	0.8723973112380664	0.9075075984008676
RKF038	RKF089	26.618897914886468	55.546295293212886	3	44.74649429321288	2	44.74649429321288	2	26.618897914886468	1	0.7456143669680804	0.8822468565951598
RKF074	RKF148	55.457294000000005	55.457294000000005	1	55.457294000000005	1	55.457294000000005	1	55.457294000000005	1	0.8252304743167745	0.8562924848347269
RKF007	RKF032	44.213602	55.429295	2	44.213602	1	44.213602	1	44.213602	1	0.6250362579294515	0.8903181869774129
RKF013	RKF046	40.567502	55.30689916815948	2	55.30689916815948	2	40.567502	1	40.567502	1	0.7564223828080663	0.911997275925996
KFJ023	KFJ047	46.70589566230774	55.27599766230774	2	46.70589566230774	1	46.70589566230774	1	46.70589566230774	1	0.8580328654484002	0.906032058315362
RKF034	RKC039	41.398	55.1466	2	55.1466	2	41.398	1	41.398	1	0.8514370751516527	0.9075075984008676
RKF231	RKF162	18.281001	54.87189649999999	4	43.754997	3	18.281001	1	0	0	0.7193447088645908	0.8697615174101119
RKF036	RKF162	16.271299	54.775600906112665	4	46.412503	3	16.271299	1	0	0	0.7646450506349867	0.8697615174101119
RKC007	RKF032	33.186792999999994	54.405891	3	33.186792999999994	1	33.186792999999994	1	33.186792999999994	1	0.8689669958256088	0.8903181869774129
RKF013	RKF034	18.053305	54.09870279973449	4	45.04590166753235	3	18.053305	1	0	0	0.7564223828080663	0.8514370751516527
RKF154	RKF191	29.561300000000003	53.998596600000006	3	53.998596600000006	3	29.561300000000003	1	29.561300000000003	1	0.7023192463395256	0.8717793500056752
RKF210	RKC047	24.382901	53.577795	3	44.448995	2	44.448995	2	44.448995	2	0.8723720883306219	0.8680463597038831
RKF040	RKF023	20.392191	53.544282	3	53.544282	3	40.419286	2	40.419286	2	0.6047065945291513	0.8495075227321454
RKF118	RKF132	26.929498	53.311401920816046	3	44.66059832081604	2	44.66059832081604	2	26.929498	1	0.8588652213940701	0.9051997023696922
RKF021	RKF175	16.610402	53.3040936	4	42.3403946	3	16.610402	1	0	0	0.8199084408459764	0.810197621479828
KUP022	KUP027	18.5446	53.221485550689685	4	34.615490426635745	2	34.615490426635745	2	0	0	0.7754152321138058	0.8822216336877152
RKF113	RKF117	41.736495	52.940696	2	41.736495	1	41.736495	1	41.736495	1	0.8159484443771834	0.9103325640346562
RKF021	RKF150	52.8457	52.8457	1	52.8457	1	52.8457	1	52.8457	1	0.8199084408459764	0.8876319473345693
RKF181	RKC016	31.6606	52.560516	2	52.560516	2	52.560516	2	52.560516	2	0.834298109543087	0.900899196650398
RKF158	RKF010	19.775605	52.47251062396239	4	33.772507	2	19.775605	1	0	0	0.7125345238545647	0.821850604719206
RKF175	RKF143	16.118598000000002	52.363395722613525	4	40.94369412261352	3	16.118598000000002	1	0	0	0.810197621479828	0.8982886257298879
RKF062	RKF136	26.327202	52.3120975	3	41.776899	2	26.327202	1	26.327202	1	0.6632363512542091	0.846745614366968
RKF144	RKC011	37.287498	52.080399277542114	2	52.080399277542114	2	37.287498	1	37.287498	1	0.5732410174920863	0.8776562874402533
RKF173	RKF101	22.208798	51.96249064831543	3	40.651198	2	40.651198	2	22.208798	1	0.8339071544776967	0.8486121095178641
RKF062	RKF113	30.0254	51.941098	2	51.941098	2	51.941098	2	51.941098	2	0.6632363512542091	0.8159484443771834
RKF098	RKF226	28.035498	51.91459699999999	3	41.378898	2	28.035498	1	28.035498	1	0.8645529870228141	0.8836341165046094
RKF034	RKC023	30.195397	51.905497	2	51.905497	2	51.905497	2	51.905497	2	0.8514370751516527	0.918340837148298
RKF162	RKF046	28.27089428901672	51.52758888901672	3	41.32529428901672	2	28.27089428901672	1	28.27089428901672	1	0.8697615174101119	0.911997275925996
RKF061	RKC009	34.909800000000004	51.35180100000001	2	51.35180100000001	2	51.35180100000001	2	34.909800000000004	1	0.7619840338995876	0.8899776777269116
RKF199	RKF139	32.668203	51.206404000000006	2	51.206404000000006	2	51.206404000000006	2	32.668203	1	0.8234396478882121	0.8723973112380664
RKF047	RKC043	23.0136	51.065597	3	40.5368	2	40.5368	2	23.0136	1	0.8884012460116277	0.9098785517006546
RKC036	RKF037	41.320896000000005	51.015195000000006	2	41.320896000000005	1	41.320896000000005	1	41.320896000000005	1	0.7723002030444049	0.8975193270528293
RKF118	RKF034	31.044197	50.89359600000001	2	50.89359600000001	2	50.89359600000001	2	31.044197	1	0.8588652213940701	0.8514370751516527
RKF196	RKF226	27.2596	50.86589423684692	3	39.664596	2	27.2596	1	27.2596	1	0.8742133605740734	0.8836341165046094
RKF104	RKC018	22.017503	50.7551075	3	42.551005	2	42.551005	2	42.551005	2	0.8757141235670236	0.9011262028173987
RKF007	RKF163	28.765702	50.57720938296508	3	41.91130199999999	2	28.765702	1	28.765702	1	0.6250362579294515	0.6917886824814297
RKC047	RKF029	41.7575	50.394702	2	41.7575	1	41.7575	1	41.7575	1	0.8680463597038831	0.88162889536276845
RKF181	RKF124	28.7308931350708	50.227999639953616	3	28.7308931350708	1	28.7308931350708	1	28.7308931350708	1	0.834298109543087	0.880720870694765
RKF154	RKF156	25.2522	50.124205	2	50.124205	2	50.124205	2	50.124205	2	0.7023192463395256	0.6884592586987502
RKF231	RKF209	14.873898	49.628299000000005	4	28.232598	2	0	0	0	0	0.7193447088645908	0.8416758099706153
RKC026	RKC012	41.509295	49.611593	2	41.509295	1	41.509295	1	41.509295	1	0.8928657006293116	0.8967500283757709
RKF172	RKF109	49.547502	49.547502	1	49.547502	1	49.547502	1	49.547502	1	0.7945972532253793	0.862081142093249
RKF023	RKF032	20.391798	49.147695	3	49.147695	3	20.391798	1	20.391798	1	0.8495075227321454	0.8903181869774129
RKF099	RKF032	31.8406	48.4669997554779	2	48.4669997554779	2	48.4669997554779	2	31.8406	1	0.7340622753584806	0.8903181869774129
RKC033	RKF029	34.5984	48.2848	2	48.2848	2	34.5984	1	34.5984	1	0.5941381963098886	0.88162889536276845
RKC026	RKC021	32.253695	47.661493	2	47.661493	2	32.253695	1	32.253695	1	0.8928657006293116	0.8912388230991386
RKC033	RKF034	24.628597	47.4367966	3	37.667497	2	24.628597	1	24.628597	1	0.5941381963098886	0.8514370751516527
RKF081	RKF237	30.289197	47.359896	2	47.359896	2	47.359896	2	30.289197	1	0.6682304869282282	0.8981751226463874
RKF158	RKF118	36.2045	47.1873025	2	36.2045	1	36.2045	1	36.2045	1	0.7125345238545647	0.8588652213940701
RKC026	RKC018	32.249403	47.174001	2	47.174001	2	32.249403	1	32.249403	1	0.8928657006293116	0.9011262028173987
RKF040	RKC017	29.71700429916382	47.07640129916382	3	29.71700429916382	1	29.71700429916382	1	29.71700429916382	1	0.6047065945291513	0.8847565358858915
RKF158	RKF191	27.7467	46.944101	2	46.944101	2	46.944101	2	27.7467	1	0.7125345238545647	0.8717793500056752
RKF231	RKF034	20.2274	46.6682016	3	36.999300000000005	2	36.999300000000005	2	20.2274	1	0.7193447088645908	0.8514370751516527
RKC012	RKC016	13.571203	46.61060936346435	4	38.47740936346435	3	0	0	0	0	0.8967500283757709	0.900899196650398
RKF231	RKF210	19.826698	46.60869741101074	3	36.598598	2	36.598598	2	0	0	0.7193447088645908	0.8723720883306219
RKF231	RKF029	16.771900000000002	46.5765827234497	4	16.771900000000002	1	16.771900000000002	1	0	0	0.7193447088645908	0.88162889536276845
RKC007	RKF031	46.463704	46.463704	1	46.463704	1	46.463704	1	46.463704	1	0.8689669958256088	0.8852357711273379
RKF199	RKF210	20.1986	46.356504	3	37.306802	2	37.306802	2	20.1986	1	0.8234396478882121	0.8723720883306219
RKF036	RKC007	46.3117	46.3117	1	46.3117	1	46.3117	1	46.3117	1	0.7646450506349867	0.8689669958256088
RKF139	RKF191	20.119300000000003	46.2433006	3	35.950401	2	20.119300000000003	1	20.119300000000003	1	0.8723973112380664	0.8717793500056752
RKF034	RKF191	19.8616	45.935602	3	34.506	2	19.8616	1	0	0	0.8514370751516527	0.8717793500056752
RKC017	RKF032	33.033192	45.855188000000005	2	45.855188000000005	2	33.033192	1	33.033192	1	0.8847565358858915	0.8903181869774129
RKC035	RKC012	34.041703	45.71479584210205	2	34.041703	1	34.041703	1	34.041703	1	0.8932692671484243	0.8967500283757709
RKF238	RKF141	45.6355	45.6355	1	45.6355	1	45.6355	1	45.6355	1	0.8913144918214723	0.8961572900508241
RKF098	RKF194	32.1324	45.4915	2	45.4915	2	32.1324	1	32.1324	1	0.8645529870228141	0.903333207218796
RKF172	RKF117	32.76929855346679	45.2131995534668	2	45.2131995534668	2	32.76929855346679	1	32.76929855346679	1	0.7945972532253793	0.9103325640346562
RKF144	RKC022	27.336	45.206003	3	27.336	1	27.336	1	27.336	1	0.5732410174920863	0.8813640548346008
RKF141	RKC031	45.125398	45.125398	1	45.125398	1	45.125398	1	45.125398	1	0.8961572900508241	0.913119695307278
KUP022	KFJ036	16.846299000000002	44.91620351998901	3	44.91620351998901	3	16.846299000000002	1	0	0	0.7754152321138058	0.8957537235317115
KUP022	KFJ045	12.564301	44.712299	4	12.564301	1	0	0	0	0	0.7754152321138058	0.8985156318968888
RKF007	RKF148	12.883699000000002	44.504395	4	24.946397600000005	2	0	0	0	0	0.6250362579294515	0.8562924848347269
RKF031	RKC039	31.856800000000003	44.496302	2	44.496302	2	31.856800000000003	1	31.856800000000003	1	0.8852357711273379	0.9075075984008676
RKF016	RKC052	35.0209	44.383501	2	35.0209	1	35.0209	1	35.0209	1	0.8520802592914886	0.8967121940146041
RKF032	RKC031	44.361702	44.361702	1	44.361702	1	44.361702	1	44.361702	1	0.8903181869774129	0.913119695307278
RKF238	RKF032	44.361398	44.361398	1	44.361398	1	44.361398	1	44.361398	1	0.8913144918214723	0.8903181869774129
RKC031	RKF046	44.3611	44.3611	1	44.3611	1	44.3611	1	44.3611	1	0.913119695307278	0.911997275925996
RKF098	RKF196	30.2804	44.2683	2	44.2683	2	30.2804	1	30.2804	1	0.8645529870228141	0.8742133605740734
RKF238	RKF046	44.1646	44.1646	1	44.1646	1	44.1646	1	44.1646	1	0.8913144918214723	0.911997275925996
RKF226	RKF121	12.384099	44.11449284867858	4	12.384099	1	0	0	0	0	0.8836341165046094	0.8931431526112015
RKF175	RKF034	29.575503	43.94890099999999	2	43.94890099999999	2	29.575503	1	29.575503	1	0.810197621479828	0.8514370751516527
RKC030	RKF046	43.908897	43.908897	1	43.908897	1	43.908897	1	43.908897	1	0.7986707527776726	0.911997275925996
RKC030	RKF031	29.889697	43.810098000000004	2	43.810098000000004	2	29.889697	1	29.889697	1	0.7986707527776726	0.8852357711273379
RKF156	RKF089	24.954599	43.782502	3	24.954599	1	24.954599	1	24.954599	1	0.6884592586987502	0.8822468565951598
RKF195	RKF117	43.605596000000006	43.605596000000006	1	43.605596000000006	1	43.605596000000006	1	43.605596000000006	1	0.8762816389845257	0.9103325640346562
RKF199	RKF046	28.547496	43.531198	2	43.531198	2	28.547496	1	28.547496	1	0.8234396478882121	0.911997275925996
RKC047	RKF031	31.34629726409912	43.23239926409912	2	31.34629726409912	1	31.34629726409912	1	31.34629726409912	1	0.8680463597038831	0.8852357711273379
RKC009	RKF192	19.907802	43.1719	3	32.652801	2	19.907802	1	0	0	0.8899776777269116	0.8982507913687211
KFJ032	KFJ011	11.240399	43.162096	4	0	0	0	0	0	0	0.8813388319271562	0.9180633851664082
RKF015	RKF031	31.6461	43.074504000000005	2	31.6461	1	31.6461	1	31.6461	1	0.8858663438134514	0.8852357711273379
RKF023	RKF157	23.972595	42.973697	2	42.973697	2	42.973697	2	23.972595	1	0.8495075227321454	0.921228860050698
RKF164	RKF194	19.253004	42.093105	3	19.253004	1	19.253004	1	0	0	0.7855926752676781	0.903333207218796
RKC030	RKF210	33.5587	42.0382	2	33.5587	1	33.5587	1	33.5587	1	0.7986707527776726	0.8723720883306219
RKF036	RKF015	32.2752	41.977787	2	32.2752	1	32.2752	1	32.2752	1	0.7646450506349867	0.8858663438134514
RKF029	RKC031	41.942003	41.942003	1	41.942003	1	41.942003	1	41.942003	1	0.88162889536276845	0.913119695307278
RKF210	RKC042	24.9152	41.912001	2	41.912001	2	41.912001	2	24.9152	1	0.8723720883306219	0.9127161287881654
RKF213	RKC042	24.913299	41.858697	2	41.858697	2	41.858697	2	24.913299	1	0.8949970363083752	0.9127161287881654
RKF176	RKC024	24.494404	41.8545079	3	24.494404	1	24.494404	1	24.494404	1	0.7850377713038982	0.820501179170923
RKC033	RKF031	28.0088	41.762	2	41.762	2	28.0088	1	28.0088	1	0.5941381963098886	0.8852357711273379
RKF029	RKF238	41.759697	41.759697	1	41.759697	1	41.759697	1	41.759697	1	0.88162889536276845	0.8913144918214723
RKF231	RKF213	16.825402	41.7046015	3	32.265902000000004	2	16.825402	1	0	0	0.7193447088645908	0.8949970363083752
RKC029	RKC014	28.5295	41.658705000000005	2	41.658705000000005	2	28.5295	1	28.5295	1	0.8196183774103641	0.9027909147087384
RKC033	RKF046	41.5693	41.5693	1	41.5693	1	41.5693	1	41.5693	1	0.5941381963098886	0.911997275925996
RKF053	RKF226	17.972099999999998	41.54439584867858	3	30.344999	2	17.972099999999998	1	0	0	0.8665203738034883	0.8836341165046094
RKF020	RKF031	16.014796	41.31949900000001	3	30.079696	2	16.014796	1	0	0	0.8534044619323269	0.8852357711273379
RKF020	RKF155	18.8474	41.304199	3	32.9123	2	18.8474	1	0	0	0.8534044619323269	0.8712748918567843
RKF049	RKF120	16.260993000000003	41.284791600000005	3	29.999491	2	16.260993000000003	1	0	0	0.6234976605753345	0.8093778769878804
RKF136	RKF109	21.404399	41.27429299999999	2	41.27429299999999	2	41.27429299999999	2	21.404399	1	0.846745614366968	0.862081142093249
RKC030	RKF213	32.676998000000005	41.191898	2	32.676998000000005	1	32.676998000000005	1	32.676998000000005	1	0.7986707527776726	0.8949970363083752
RKC033	RKF013	32.280093	40.9845884	2	32.280093	1	32.280093	1	32.280093	1	0.5941381963098886	0.7564223828080663
RKF139	RKC047	40.936494	40.936494	1	40.936494	1	40.936494	1	40.936494	1	0.8723973112380664	0.8680463597038831
RKF104	RKC009	20.936704	40.834105	2	40.834105	2	40.834105	2	20.936704	1	0.8757141235670236	0.8899776777269116
RKF172	RKF129	40.6969	40.6969	1	40.6969	1	40.6969	1	40.6969	1	0.7945972532253793	0.8947195843264854
RKF158	RKC016	40.622503	40.622503	1	40.622503	1	40.622503	1	40.622503	1	0.7125345238545647	0.900899196650398
RKF118	RKF015	28.3328	40.5873004	2	40.5873004	2	28.3328	1	28.3328	1	0.8588652213940701	0.8858663438134514
RKF010	RKC045	32.141393	40.47928400000001	2	32.141393	1	32.141393	1	32.141393	1	0.821850604719206	0.9039511684511874
RKF032	RKC023	24.5184	40.230697000000006	2	40.230697000000006	2	24.5184	1	24.5184	1	0.8903181869774129	0.918340837148298
RKC027	RKC050	20.789504	40.120506	2	40.120506	2	40.120506	2	20.789504	1	0.6432219741969657	0.8533792390248824
RKF038	RKF139	19.197401	40.0367945	3	19.197401	1	19.197401	1	0	0	0.7456143669680804	0.8723973112380664
KUP003	KFJ036	31.37579	40.0294844	2	31.37579	1	31.37579	1	31.37579	1	0.7313382013544701	0.8957537235317115
RKC047	RKC020	31.608397	40.003401	2	31.608397	1	31.608397	1	31.608397	1	0.8680463597038831	0.9128674662328328
RKF164	RKF196	19.057798	39.921498	3	19.057798	1	19.057798	1	0	0	0.7855926752676781	0.8742133605740734
RKF238	RKF160	39.772695	39.772695	1	39.772695	1	39.772695	1	39.772695	1	0.8913144918214723	0.8971157605337167
RKF021	RKF143	25.9708	39.716197	2	39.716197	2	25.9708	1	25.9708	1	0.8199084408459764	0.8982886257298879
RKF195	RKF147	39.450306000000005	39.450306000000005	1	39.450306000000005	1	39.450306000000005	1	39.450306000000005	1	0.8762816389845257	0.8881237940297378
RKF189	RKF089	39.3188	39.3188	1	39.3188	1	39.3188	1	39.3188	1	0.8849709305991702	0.8822468565951598
KUP004	KFJ036	10.5153024	39.28480158822631	4	0	0	0	0	0	0	0.8794218909613711	0.8957537235317115
RKF040	RKC030	39.214903	39.214903	1	39.214903	1	39.214903	1	39.214903	1	0.6047065945291513	0.7986707527776726
KFJ029	KFJ018	39.135498	39.135498	1	39.135498	1	39.135498	1	39.135498	1	0.8771392178376402	0.9185804547690212
RKC039	RKC020	30.7891	38.982408	2	30.7891	1	30.7891	1	30.7891	1	0.9075075984008676	0.9128674662328328
RKF007	RKF231	24.949399	38.515804	2	38.515804	2	24.949399	1	24.949399	1	0.6250362579294515	0.7193447088645908
RKF053	RKF237	18.050897	38.50309834785461	3	18.050897	1	18.050897	1	0	0	0.8665203738034883	0.8981751226463874
RKF154	RKF179	21.64620161056518	38.48630461056518	3	21.64620161056518	1	21.64620161056518	1	21.64620161056518	1	0.7023192463395256	0.8119758364546681
RKF209	RKC052	28.984904	38.473403	2	28.984904	1	28.984904	1	28.984904	1	0.8416758099706153	0.8967121940146041
RKF036	RKC039	25.916207000000004	38.367108	2	38.367108	2	25.916207000000004	1	25.916207000000004	1	0.7646450506349867	0.9075075984008676
RKF064	RKF053	28.118396	38.293194965454106	2	28.118396	1	28.118396	1	28.118396	1	0.6012006103943601	0.8665203738034883
RKF182	RKF192	24.88761	38.290811000000005	2	38.290811000000005	2	24.88761	1	24.88761	1	0.8842899120981675	0.8982507913687211
RKF136	RKF117	20.476204	38.137104	2	38.137104	2	38.137104	2	20.476204	1	0.846745614366968	0.9103325640346562
RKF036	RKC047	25.9117	38.1008975	2	38.1008975	2	25.9117	1	25.9117	1	0.7646450506349867	0.8680463597038831
RKF191	RKF046	14.665899	38.085601	3	27.7531	2	0	0	0	0	0.8717793500056752	0.911997275925996
RKF163	RKC016	38.0556	38.0556	1	38.0556	1	38.0556	1	38.0556	1	0.6917886824814297	0.900899196650398
RKF201	RKF195	38.002998	38.002998	1	38.002998	1	38.002998	1	38.002998	1	0.7008815406151867	0.8762816389845257
RKF040	RKC007	29.715705	37.919009	2	29.715705	1	29.715705	1	29.715705	1	0.6047065945291513	0.8689669958256088
RKF218	RKC039	23.094499	37.900698	2	37.900698	2	23.094499	1	23.094499	1	0.7906750911177531	0.9075075984008676
RKF158	RKF013	15.765901	37.65639862191772	3	15.765901	1	0	0	0	0	0.7125345238545647	0.7564223828080663
RKF191	RKF032	14.7082	37.601703	3	27.766701	2	0	0	0	0	0.8717793500056752	0.8903181869774129
RKC017	RKF029	24.27249	37.588895	2	37.588895	2	24.27249	1	24.27249	1	0.8847565358858915	0.88162889536276845
RKF007	RKC002	23.696998	37.446797	2	37.446797	2	23.696998	1	23.696998	1	0.6250362579294515	0.9120729446483296
RKF154	RKF201	37.406904	37.406904	1	37.406904	1	37.406904	1	37.406904	1	0.7023192463395256	0.7008815406151867
RKF089	RKC016	19.499505	37.315202	2	37.315202	2	37.315202	2	0	0	0.8822468565951598	0.900899196650398
RKF198	RKC039	23.046398	37.190699	2	37.190699	2	23.046398	1	23.046398	1	0.872283808154566	0.9075075984008676
RKF118	RKF210	19.928199	37.18269462072754	2	37.18269462072754	2	37.18269462072754	2	0	0	0.8588652213940701	0.8723720883306219
RKF034	RKC031	24.616402	37.0518025	2	37.0518025	2	24.616402	1	24.616402	1	0.8514370751516527	0.913119695307278
RKF064	RKF196	26.631104946136468	36.80550456047057	2	26.631104946136468	1	26.631104946136468	1	26.631104946136468	1	0.6012006103943601	0.8742133605740734
RKF064	RKF124	26.85940265655517	36.60899996757506	2	26.85940265655517	1	26.85940265655517	1	26.85940265655517	1	0.6012006103943601	0.880720870694765
RKF226	RKF194	26.8773	36.5931015	2	26.8773	1	26.8773	1	26.8773	1	0.8836341165046094	0.903333207218796
RKF148	RKF194	27.0131	36.488200000000006	2	27.0131	1	27.0131	1	27.0131	1	0.8562924848347269	0.903333207218796
RKF231	RKF002	17.340499	36.485999	3	17.340499	1	17.340499	1	0	0	0.7193447088645908	0.8210308602272584
RKF042	RKC052	26.110804	36.383203	2	26.110804	1	26.110804	1	26.110804	1	0.8349412936829228	0.8967121940146041
KFJ049	KFJ013	17.008209	36.3749155	3	17.008209	1	17.008209	1	0	0	0.7891238823099138	0.907621101484368
RKF021	RKC040	19.376299	36.1927	2	36.1927	2	36.1927	2	0	0	0.8199084408459764	0.8808469852319877
RKF036	RKF020	15.501599999999998	35.8791885	3	15.501599999999998	1	0	0	0	0	0.7646450506349867	0.8534044619323269
RKF034	RKC007	35.617995	35.617995	1	35.617995	1	35.617995	1	35.617995	1	0.8514370751516527	0.8689669958256088
RKF046	RKC023	17.7952	35.48109	2	35.48109	2	35.48109	2	0	0	0.911997275925996	0.918340837148298
RKF034	RKC017	35.46439409255981	35.46439409255981	1	35.46439409255981	1	35.46439409255981	1	35.46439409255981	1	0.8514370751516527	0.8847565358858915
RKF007	RKC036	23.8325	35.4095996	2	23.8325	1	23.8325	1	23.8325	1	0.6250362579294515	0.7723002030444049
RKF181	RKF192	13.458097	35.3831174	3	13.458097	1	0	0	0	0	0.834298109543087	0.8982507913687211
RKF209	RKC039	14.171886	35.2537805	3	26.300382	2	0	0	0	0	0.8416758099706153	0.9075075984008676
KFJ039	KUP022	18.521601	35.225204	3	18.521601	1	18.521601	1	0	0	0.7446432850314656	0.7754152321138058
KFJ017	KFJ036	27.111	35.181898000000004	2	27.111	1	27.111	1	27.111	1	0.8991462045830023	0.8957537235317115
KFJ028	KFJ030	13.964199999999998	34.997695500000006	3	13.964199999999998	1	0	0	0	0	0.6515833680148311	0.821383980931482
KFJ006	KFJ047	14.581501	34.937103	3	26.7379	2	0	0	0	0	0.9008865851966756	0.906032058315362
RKF139	RKC023	20.927298	34.840095	2	34.840095	2	20.927298	1	20.927298	1	0.8723973112380664	0.918340837148298
RKF007	RKC035	17.423797	34.743897000000004	2	34.743897000000004	2	34.743897000000004	2	0	0	0.6250362579294515	0.8932692671484243
KFJ039	KUP002	13.520002	34.669304000000004	3	25.5795	2	0	0	0	0	0.7446432850314656	0.869257059261221
RKF209	RKC051	25.151998	34.63569749999999	2	25.151998	1	25.151998	1	25.151998	1	0.8416758099706153	0.8862951332400085
RKF202	RKF169	23.443198	34.4621895	2	23.443198	1	23.443198	1	23.443198	1	0.7349576885727618	0.8460393729585209
RKF023	RKF213	22.3485	34.315998	2	22.3485	1	22.3485	1	22.3485	1	0.8495075227321454	0.8949970363083752
KFJ028	KFJ039	9.382093	34.24918702999877	4	0	0	0	0	0	0	0.6515833680148311	0.7446432850314656
RKF121	RKF147	12.384099	34.170896414062504	3	12.384099	1	0	0	0	0	0.8931431526112015	0.8881237940297378
RKF148	RKC021	20.472902	34.030202	2	34.030202	2	20.472902	1	20.472902	1	0.8562924848347269	0.8912388230991386
RKF010	RKC052	33.987606	33.987606	1	33.987606	1	33.987606	1	33.987606	1	0.821850604719206	0.8967121940146041
RKC051	RKF142	24.784899	33.808399	2	24.784899	1	24.784899	1	24.784899	1	0.8862951332400085	0.8843655808205012
KUP027	KFJ013	13.295388	33.78718770861816	3	13.295388	1	0	0	0	0	0.8822216336877152	0.907621101484368
RKF031	RKC031	33.756503	33.756503	1	33.756503	1	33.756503	1	33.756503	1	0.8852357711273379	0.913119695307278
RKF031	RKF238	33.753702000000004	33.753702000000004	1	33.753702000000004	1	33.753702000000004	1	33.753702000000004	1	0.8852357711273379	0.8913144918214723
RKF038	RKC039	17.549001999999998	33.730405	2	33.730405	2	33.730405	2	0	0	0.7456143669680804	0.9075075984008676
RKF036	RKF238	33.615002	33.615002	1	33.615002	1	33.615002	1	33.615002	1	0.7646450506349867	0.8913144918214723
RKF036	RKC031	33.612199999999994	33.612199999999994	1	33.612199999999994	1	33.612199999999994	1	33.612199999999994	1	0.7646450506349867	0.913119695307278
RKF036	RKC030	33.6109	33.6109	1	33.6109	1	33.6109	1	33.6109	1	0.7646450506349867	0.7986707527776726
RKF038	RKC047	17.779600000000002	33.598697	2	33.598697	2	17.779600000000002	1	0	0	0.7456143669680804	0.8680463597038831
RKF050	RKC040	33.589703	33.589703	1	33.589703	1	33.589703	1	33.589703	1	0.6935038401876584	0.8808469852319877
KFJ039	KUP005	33.479105999999994	33.479105999999994	1	33.479105999999994	1	33.479105999999994	1	33.479105999999994	1	0.7446432850314656	0.8391030734112721
RKF176	RKC014	25.026202	33.299201499999995	2	25.026202	1	25.026202	1	25.026202	1	0.7850377713038982	0.9027909147087384
RKF050	RKF021	19.132501	33.159104	2	33.159104	2	19.132501	1	0	0	0.6935038401876584	0.8199084408459764
RKF081	RKF201	12.8853	33.0519	3	12.8853	1	0	0	0	0	0.6682304869282282	0.7008815406151867
KFJ024	KFJ006	22.9608	33.001906000000005	2	22.9608	1	22.9608	1	22.9608	1	0.8118118875562786	0.9008865851966756
RKF042	RKC038	32.704604	32.704604	1	32.704604	1	32.704604	1	32.704604	1	0.8349412936829228	0.914607846846506
RKF038	RKF032	12.9991	32.689703	3	12.9991	1	0	0	0	0	0.7456143669680804	0.8903181869774129
RKF007	RKF015	32.6043	32.6043	1	32.6043	1	32.6043	1	32.6043	1	0.6250362579294515	0.8858663438134514
RKC033	RKF042	32.542598	32.542598	1	32.542598	1	32.542598	1	32.542598	1	0.5941381963098886	0.8349412936829228
KFJ034	KFJ006	23.5153	32.375501	2	23.5153	1	23.5153	1	23.5153	1	0.7307580744832457	0.9008865851966756
RKF013	RKC047	32.278794	32.278794	1	32.278794	1	32.278794	1	32.278794	1	0.7564223828080663	0.8680463597038831
RKF010	RKC002	32.278597	32.278597	1	32.278597	1	32.278597	1	32.278597	1	0.821850604719206	0.9120729446483296
RKF010	RKC031	32.278597	32.278597	1	32.278597	1	32.278597	1	32.278597	1	0.821850604719206	0.913119695307278
RKC033	RKF142	32.2648	32.2648	1	32.2648	1	32.2648	1	32.2648	1	0.5941381963098886	0.8843655808205012
RKF175	RKC040	32.255596	32.255596	1	32.255596	1	32.255596	1	32.255596	1	0.810197621479828	0.8808469852319877
RKF142	RKC045	32.162493	32.162493	1	32.162493	1	32.162493	1	32.162493	1	0.8843655808205012	0.9039511684511874
RKF062	RKF173	12.59240061044693	32.15070061044693	3	12.59240061044693	1	0	0	0	0	0.6632363512542091	0.8339071544776967
RKF047	RKC045	32.096595	32.096595	1	32.096595	1	32.096595	1	32.096595	1	0.8884012460116277	0.9039511684511874
RKF156	RKC045	31.992996	31.992996	1	31.992996	1	31.992996	1	31.992996	1	0.6884592586987502	0.9039511684511874
KFJ012	KFJ036	23.0142	31.7278984	2	23.0142	1	23.0142	1	23.0142	1	0.871350560579118	0.8957537235317115
RKF177	RKC048	22.915292	31.7005934	2	22.915292	1	22.915292	1	22.915292	1	0.842684726268397	0.8592687879131827
RKF037	RKC045	31.582797000000003	31.582797000000003	1	31.582797000000003	1	31.582797000000003	1	31.582797000000003	1	0.8975193270528293	0.9039511684511874
RKF037	RKC043	20.459503	31.574202	2	20.459503	1	20.459503	1	20.459503	1	0.8975193270528293	0.9098785517006546
RKF210	RKF162	16.911303997039788	31.525104997039787	2	31.525104997039787	2	16.911303997039788	1	0	0	0.8723720883306219	0.8697615174101119
RKF010	RKC047	31.5239	31.5239	1	31.5239	1	31.5239	1	31.5239	1	0.821850604719206	0.8680463597038831
RKF038	RKC052	21.53289318084716	31.418893180847164	2	21.53289318084716	1	21.53289318084716	1	21.53289318084716	1	0.7456143669680804	0.8967121940146041
RKC045	RKC020	31.418294000000003	31.418294000000003	1	31.418294000000003	1	31.418294000000003	1	31.418294000000003	1	0.9039511684511874	0.9128674662328328
KUP022	KFJ043	11.60879135131836	31.41109360287475	3	0	0	0	0	0	0	0.7754152321138058	0.8834575561524977
RKF037	RKC002	31.349796	31.349796	1	31.349796	1	31.349796	1	31.349796	1	0.8975193270528293	0.9120729446483296
RKF158	RKF162	20.1455	31.3367996	2	20.1455	1	20.1455	1	20.1455	1	0.7125345238545647	0.8697615174101119
RKC030	RKF042	31.3334	31.3334	1	31.3334	1	31.3334	1	31.3334	1	0.7986707527776726	0.8349412936829228
RKF142	RKC002	31.333	31.333	1	31.333	1	31.333	1	31.333	1	0.8843655808205012	0.9120729446483296
RKF013	RKC038	17.563699999999997	31.329696694564817	2	31.329696694564817	2	17.563699999999997	1	0	0	0.7564223828080663	0.914607846846506
RKF049	RKF015	16.9541	31.283596000000003	2	31.283596000000003	2	16.9541	1	0	0	0.6234976605753345	0.8858663438134514
RKC020	RKC002	31.268597	31.268597	1	31.268597	1	31.268597	1	31.268597	1	0.9128674662328328	0.9120729446483296
RKF013	RKC030	31.268597	31.268597	1	31.268597	1	31.268597	1	31.268597	1	0.7564223828080663	0.7986707527776726
RKC038	RKC020	31.2662	31.2662	1	31.2662	1	31.2662	1	31.2662	1	0.914607846846506	0.9128674662328328
RKF142	RKC031	31.2662	31.2662	1	31.2662	1	31.2662	1	31.2662	1	0.8843655808205012	0.913119695307278
RKC030	RKF142	31.2662	31.2662	1	31.2662	1	31.2662	1	31.2662	1	0.7986707527776726	0.8843655808205012
RKC030	RKC020	31.2662	31.2662	1	31.2662	1	31.2662	1	31.2662	1	0.7986707527776726	0.9128674662328328
RKC031	RKC020	31.255198	31.255198	1	31.255198	1	31.255198	1	31.255198	1	0.913119695307278	0.9128674662328328
RKF010	RKC038	31.230897	31.230897	1	31.230897	1	31.230897	1	31.230897	1	0.821850604719206	0.914607846846506
RKC030	RKF010	31.129497	31.129497	1	31.129497	1	31.129497	1	31.129497	1	0.7986707527776726	0.821850604719206
RKF081	RKF129	20.181203	31.126803	2	20.181203	1	20.181203	1	20.181203	1	0.6682304869282282	0.8947195843264854
RKC016	RKC028	19.1077	31.033111	2	19.1077	1	19.1077	1	0	0	0.900899196650398	0.9073184265950336
RKF042	RKC051	21.503103000000003	31.028402	2	21.503103000000003	1	21.503103000000003	1	21.503103000000003	1	0.8349412936829228	0.8862951332400085
RKF231	RKF155	21.245903	31.005004000000003	2	21.245903	1	21.245903	1	21.245903	1	0.7193447088645908	0.8712748918567843
RKF156	RKC038	30.958903	30.958903	1	30.958903	1	30.958903	1	30.958903	1	0.6884592586987502	0.914607846846506
RKC032	RKC043	30.863202	30.863202	1	30.863202	1	30.863202	1	30.863202	1	0.9009748653727316	0.9098785517006546
RKF156	RKC039	30.842102	30.842102	1	30.842102	1	30.842102	1	30.842102	1	0.6884592586987502	0.9075075984008676
RKF040	RKC042	18.193	30.785596000000005	2	30.785596000000005	2	18.193	1	0	0	0.6047065945291513	0.9127161287881654
RKF010	RKC039	30.751705	30.751705	1	30.751705	1	30.751705	1	30.751705	1	0.821850604719206	0.9075075984008676
KUP017	KUP011	17.46929883956909	30.72069883956909	2	30.72069883956909	2	17.46929883956909	1	0	0	0.8511470117160405	0.890557804598136
RKF199	RKC039	20.650303	30.696702	2	20.650303	1	20.650303	1	20.650303	1	0.8234396478882121	0.9075075984008676
RKF023	RKF139	16.138697	30.685699	2	30.685699	2	16.138697	1	0	0	0.8495075227321454	0.8723973112380664
RKF062	RKC016	16.60320162773132	30.67789673805236	2	30.67789673805236	2	16.60320162773132	1	0	0	0.6632363512542091	0.900899196650398
RKF013	RKC031	30.536997	30.536997	1	30.536997	1	30.536997	1	30.536997	1	0.7564223828080663	0.913119695307278
RKF013	RKC045	30.433697	30.433697	1	30.433697	1	30.433697	1	30.433697	1	0.7564223828080663	0.9039511684511874
RKF156	RKC031	30.428797000000003	30.428797000000003	1	30.428797000000003	1	30.428797000000003	1	30.428797000000003	1	0.6884592586987502	0.913119695307278
RKF144	RKC029	30.4237	30.4237	1	30.4237	1	30.4237	1	30.4237	1	0.5732410174920863	0.8196183774103641
RKF156	RKC002	30.323297	30.323297	1	30.323297	1	30.323297	1	30.323297	1	0.6884592586987502	0.9120729446483296
RKF156	RKC030	30.2625	30.2625	1	30.2625	1	30.2625	1	30.2625	1	0.6884592586987502	0.7986707527776726
RKF088	RKF109	17.2033	30.240504999999995	2	30.240504999999995	2	17.2033	1	0	0	0.8226829606648759	0.862081142093249
RKF013	RKC039	30.2248	30.2248	1	30.2248	1	30.2248	1	30.2248	1	0.7564223828080663	0.9075075984008676
RKF210	RKC007	19.349706	30.180311	2	19.349706	1	19.349706	1	0	0	0.8723720883306219	0.8689669958256088
RKF124	RKF237	21.1499	30.10679725875854	2	21.1499	1	21.1499	1	21.1499	1	0.880720870694765	0.8981751226463874
RKF099	RKF061	10.6848	30.079096	3	0	0	0	0	0	0	0.7340622753584806	0.7619840338995876
RKF226	RKC021	16.697305	30.018404	2	30.018404	2	16.697305	1	0	0	0.8836341165046094	0.8912388230991386
RKC033	RKF199	29.951108	29.951108	1	29.951108	1	29.951108	1	29.951108	1	0.5941381963098886	0.8234396478882121
RKF199	RKC047	29.950905	29.950905	1	29.950905	1	29.950905	1	29.950905	1	0.8234396478882121	0.8680463597038831
RKF231	RKC045	29.948694	29.948694	1	29.948694	1	29.948694	1	29.948694	1	0.7193447088645908	0.9039511684511874
KFJ009	KFJ032	11.269301	29.8931094	3	0	0	0	0	0	0	0.722384069211658	0.8813388319271562
RKF231	RKC047	29.873002	29.873002	1	29.873002	1	29.873002	1	29.873002	1	0.7193447088645908	0.8680463597038831
RKF158	RKF020	18.5328	29.8728936	2	18.5328	1	18.5328	1	0	0	0.7125345238545647	0.8534044619323269
RKC033	RKF010	16.724700000000002	29.86040141792297	2	29.86040141792297	2	16.724700000000002	1	0	0	0.5941381963098886	0.821850604719206
RKC033	RKF141	16.1279	29.814300000000003	2	29.814300000000003	2	16.1279	1	0	0	0.5941381963098886	0.8961572900508241
RKF011	RKF061	10.2712035	29.8031089	3	0	0	0	0	0	0	0.707653891264046	0.7619840338995876
RKF040	RKF231	11.84739917516708	29.79629517516708	3	0	0	0	0	0	0	0.6047065945291513	0.7193447088645908
RKC033	RKC020	16.624397	29.76009841792297	2	29.76009841792297	2	16.624397	1	0	0	0.5941381963098886	0.9128674662328328
RKC033	RKF231	29.593897	29.593897	1	29.593897	1	29.593897	1	29.593897	1	0.5941381963098886	0.7193447088645908
RKF037	RKC042	29.555398	29.555398	1	29.555398	1	29.555398	1	29.555398	1	0.8975193270528293	0.9127161287881654
RKC033	RKF036	29.490098	29.490098	1	29.490098	1	29.490098	1	29.490098	1	0.5941381963098886	0.7646450506349867
RKF210	RKC039	20.130706	29.425806	2	20.130706	1	20.130706	1	20.130706	1	0.8723720883306219	0.9075075984008676
RKF040	RKC047	18.3415	29.4141	2	18.3415	1	18.3415	1	0	0	0.6047065945291513	0.8680463597038831
RKF013	RKF032	14.788201	29.259598	2	29.259598	2	0	0	0	0	0.7564223828080663	0.8903181869774129
RKF198	RKF132	29.228103	29.228103	1	29.228103	1	29.228103	1	29.228103	1	0.872283808154566	0.9051997023696922
RKF231	RKC038	29.203498	29.203498	1	29.203498	1	29.203498	1	29.203498	1	0.7193447088645908	0.914607846846506
RKF231	RKC030	29.201102	29.201102	1	29.201102	1	29.201102	1	29.201102	1	0.7193447088645908	0.7986707527776726
RKF231	RKC002	29.201102	29.201102	1	29.201102	1	29.201102	1	29.201102	1	0.7193447088645908	0.9120729446483296
RKF231	RKC031	29.201102	29.201102	1	29.201102	1	29.201102	1	29.201102	1	0.7193447088645908	0.913119695307278
RKF032	RKC020	14.603794	29.198194	2	29.198194	2	0	0	0	0	0.8903181869774129	0.9128674662328328
RKC016	RKF117	28.945500000000003	28.945500000000003	1	28.945500000000003	1	28.945500000000003	1	28.945500000000003	1	0.900899196650398	0.9103325640346562
RKF109	RKC016	28.917402	28.917402	1	28.917402	1	28.917402	1	28.917402	1	0.862081142093249	0.900899196650398
RKF231	RKC039	28.822595	28.822595	1	28.822595	1	28.822595	1	28.822595	1	0.7193447088645908	0.9075075984008676
KFJ008	RKF039	10.2370024	28.629304493338008	3	0	0	0	0	0	0	0.6727327759070788	0.7397122066260577
RKF158	RKF016	17.511594	28.539893	2	17.511594	1	17.511594	1	0	0	0.7125345238545647	0.8520802592914886
RKF160	RKC038	28.4033	28.4033	1	28.4033	1	28.4033	1	28.4033	1	0.8971157605337167	0.914607846846506
KUP022	KFJ029	12.12267875671386	28.373876756713862	3	12.12267875671386	1	0	0	0	0	0.7754152321138058	0.8771392178376402
RKF142	RKC038	28.345406	28.345406	1	28.345406	1	28.345406	1	28.345406	1	0.8843655808205012	0.914607846846506
KUP022	KUP004	9.823102	28.307104	3	0	0	0	0	0	0	0.7754152321138058	0.8794218909613711
RKF099	RKF046	28.28209400177002	28.28209400177002	1	28.28209400177002	1	28.28209400177002	1	28.28209400177002	1	0.7340622753584806	0.911997275925996
RKF155	RKC016	16.796198	28.218397	2	16.796198	1	16.796198	1	0	0	0.8712748918567843	0.900899196650398
KUP002	KFJ018	10.861802	28.2017946	3	0	0	0	0	0	0	0.869257059261221	0.9185804547690212
KFJ020	KFJ036	27.8206	27.8206	1	27.8206	1	27.8206	1	27.8206	1	0.6489601856405988	0.8957537235317115
KFJ028	KUP022	14.2595	27.766795	2	27.766795	2	0	0	0	0	0.6515833680148311	0.7754152321138058
RKF064	RKF110	27.69880294799804	27.69880294799804	1	27.69880294799804	1	27.69880294799804	1	27.69880294799804	1	0.6012006103943601	0.9016306609662896
RKF172	RKF182	17.457000999999998	27.6812	2	17.457000999999998	1	17.457000999999998	1	0	0	0.7945972532253793	0.8842899120981675
HNJ016	KFJ049	10.346399	27.64831008377685	3	0	0	0	0	0	0	0.5541598880102909	0.7891238823099138
RKF176	RKF113	27.602804	27.602804	1	27.602804	1	27.602804	1	27.602804	1	0.7850377713038982	0.8159484443771834
KFJ039	KFJ038	10.330796	27.550697000000003	3	0	0	0	0	0	0	0.7446432850314656	0.8908226451263037
RKF081	RKF109	18.767989	27.3833874	2	18.767989	1	18.767989	1	0	0	0.6682304869282282	0.862081142093249
RKF034	RKC042	27.343798000000003	27.343798000000003	1	27.343798000000003	1	27.343798000000003	1	27.343798000000003	1	0.8514370751516527	0.9127161287881654
RKF185	RKC020	17.419	27.340098	2	17.419	1	17.419	1	0	0	0.8066664144375922	0.9128674662328328
RKF162	RKF089	16.259003	27.058804	2	16.259003	1	16.259003	1	0	0	0.8697615174101119	0.8822468565951598
RKF011	RKC045	17.035902	27.024702	2	17.035902	1	17.035902	1	0	0	0.707653891264046	0.9039511684511874
RKF118	RKF139	15.944296	27.009994	2	15.944296	1	0	0	0	0	0.8588652213940701	0.8723973112380664
RKF011	RKC040	17.009306	27.002606	2	17.009306	1	17.009306	1	0	0	0.707653891264046	0.8808469852319877
HNJ014	RKF042	13.9028	26.950203097152716	2	26.950203097152716	2	0	0	0	0	0.7933991651217636	0.8349412936829228
RKF147	RKF194	26.901498	26.901498	1	26.901498	1	26.901498	1	26.901498	1	0.8881237940297378	0.903333207218796
RKF013	RKC002	26.870906	26.870906	1	26.870906	1	26.870906	1	26.870906	1	0.7564223828080663	0.9120729446483296
RKF042	RKC002	26.845193	26.845193	1	26.845193	1	26.845193	1	26.845193	1	0.8349412936829228	0.9120729446483296
RKF049	RKC040	26.842594	26.842594	1	26.842594	1	26.842594	1	26.842594	1	0.6234976605753345	0.8808469852319877
RKF042	RKC031	26.839805	26.839805	1	26.839805	1	26.839805	1	26.839805	1	0.8349412936829228	0.913119695307278
RKF038	RKC038	17.720705	26.8280086	2	17.720705	1	17.720705	1	0	0	0.7456143669680804	0.914607846846506
RKF055	RKF135	26.815602	26.815602	1	26.815602	1	26.815602	1	26.815602	1	0.8272356954586155	0.8867491455740103
RKF040	RKC039	14.274406433105469	26.78680443310547	2	26.78680443310547	2	0	0	0	0	0.6047065945291513	0.9075075984008676
RKF042	RKC045	26.746404	26.746404	1	26.746404	1	26.746404	1	26.746404	1	0.8349412936829228	0.9039511684511874
RKF105	RKF176	26.726502000000004	26.726502000000004	1	26.726502000000004	1	26.726502000000004	1	26.726502000000004	1	0.7379844374661068	0.7850377713038982
RKF173	RKF129	26.718998	26.718998	1	26.718998	1	26.718998	1	26.718998	1	0.8339071544776967	0.8947195843264854
RKF190	RKF132	26.614416	26.614416	1	26.614416	1	26.614416	1	26.614416	1	0.6623535494936501	0.9051997023696922
RKF181	RKF109	16.5592	26.6021	2	16.5592	1	16.5592	1	0	0	0.834298109543087	0.862081142093249
RKF007	RKF190	26.53799653053283	26.53799653053283	1	26.53799653053283	1	26.53799653053283	1	26.53799653053283	1	0.6250362579294515	0.6623535494936501
KFJ032	KFJ045	26.298892	26.298892	1	26.298892	1	26.298892	1	26.298892	1	0.8813388319271562	0.8985156318968888
RKF064	RKF195	26.278597	26.278597	1	26.278597	1	26.278597	1	26.278597	1	0.6012006103943601	0.8762816389845257
RKF144	RKC027	26.242396	26.242396	1	26.242396	1	26.242396	1	26.242396	1	0.5732410174920863	0.6432219741969657
RKC030	RKF199	26.044095	26.044095	1	26.044095	1	26.044095	1	26.044095	1	0.7986707527776726	0.8234396478882121
RKF162	RKF015	13.7669	26.043599	2	26.043599	2	0	0	0	0	0.8697615174101119	0.8858663438134514
RKF139	RKF162	15.8836	25.969898	2	15.8836	1	0	0	0	0	0.8723973112380664	0.8697615174101119
RKF067	RKC014	25.951403	25.951403	1	25.951403	1	25.951403	1	25.951403	1	0.7936766171036536	0.9027909147087384
RKC033	RKF038	17.478895	25.844592	2	17.478895	1	17.478895	1	0	0	0.5941381963098886	0.7456143669680804
RKC026	RKF141	25.737	25.737	1	25.737	1	25.737	1	25.737	1	0.8928657006293116	0.8961572900508241
RKF198	RKC051	25.5958	25.5958	1	25.5958	1	25.5958	1	25.5958	1	0.872283808154566	0.8862951332400085
RKC011	RKC032	25.579400000000003	25.579400000000003	1	25.579400000000003	1	25.579400000000003	1	25.579400000000003	1	0.8776562874402533	0.9009748653727316
RKF063	RKC016	25.49579739570617	25.49579739570617	1	25.49579739570617	1	25.49579739570617	1	25.49579739570617	1	0.8649061077270377	0.900899196650398
RKF158	RKF002	13.0249	25.3483004	2	25.3483004	2	0	0	0	0	0.7125345238545647	0.8210308602272584
RKF067	RKC024	25.346696	25.346696	1	25.346696	1	25.346696	1	25.346696	1	0.7936766171036536	0.820501179170923
KFJ008	KFJ041	8.584999999999999	25.194395000000004	3	0	0	0	0	0	0	0.6727327759070788	0.8680841940650499
RKF164	RKF121	14.644301	25.06040040000001	2	14.644301	1	0	0	0	0	0.7855926752676781	0.8931431526112015
RKF007	RKC043	16.783202	25.034899	2	16.783202	1	16.783202	1	0	0	0.6250362579294515	0.9098785517006546
RKC047	RKC016	13.9065	24.9976965	2	13.9065	1	0	0	0	0	0.8680463597038831	0.900899196650398
RKF007	RKF237	16.4361	24.956	2	16.4361	1	16.4361	1	0	0	0.6250362579294515	0.8981751226463874
RKF164	RKF109	16.478801	24.955601	2	16.478801	1	16.478801	1	0	0	0.7855926752676781	0.862081142093249
RKF153	RKF029	24.913597000000003	24.913597000000003	1	24.913597000000003	1	24.913597000000003	1	24.913597000000003	1	0.8666212654332665	0.88162889536276845
KFJ028	KFJ015	16.23009443283081	24.47639703283081	2	16.23009443283081	1	16.23009443283081	1	0	0	0.6515833680148311	0.9219603243665896
RKF088	RKF196	13.879192000000002	24.410093	2	13.879192000000002	1	0	0	0	0	0.8226829606648759	0.8742133605740734
RKF139	RKC017	24.358511	24.358511	1	24.358511	1	24.358511	1	24.358511	1	0.8723973112380664	0.8847565358858915
RKF081	RKF194	13.4658	24.334898	2	13.4658	1	0	0	0	0	0.6682304869282282	0.903333207218796
RKF081	RKF121	13.462	24.328302	2	13.462	1	0	0	0	0	0.6682304869282282	0.8931431526112015
RKF163	RKF121	13.759601	24.3083	2	13.759601	1	0	0	0	0	0.6917886824814297	0.8931431526112015
RKC017	RKF157	24.27249	24.27249	1	24.27249	1	24.27249	1	24.27249	1	0.8847565358858915	0.921228860050698
RKF163	HNJ026	15.6261	24.21869963035583	2	15.6261	1	0	0	0	0	0.6917886824814297	0.8908730909411928
RKF158	RKC017	24.214196	24.214196	1	24.214196	1	24.214196	1	24.214196	1	0.7125345238545647	0.8847565358858915
RKF020	RKC051	24.202797	24.202797	1	24.202797	1	24.202797	1	24.202797	1	0.8534044619323269	0.8862951332400085
RKF218	RKC051	24.114299	24.114299	1	24.114299	1	24.114299	1	24.114299	1	0.7906750911177531	0.8862951332400085
KUP022	KFJ012	12.473804	24.094701	2	12.473804	1	0	0	0	0	0.7754152321138058	0.871350560579118
RKF164	HNJ026	15.5738	24.043	2	15.5738	1	0	0	0	0	0.7855926752676781	0.8908730909411928
RKF042	RKF153	24.001598	24.001598	1	24.001598	1	24.001598	1	24.001598	1	0.8349412936829228	0.8666212654332665
KUP007	RKF183	14.442503	23.981797	2	14.442503	1	0	0	0	0	0.8961699015045465	0.912136001916941
RKF173	RKF117	12.4341	23.938998965358728	2	12.4341	1	0	0	0	0	0.8339071544776967	0.9103325640346562
RKF156	RKC047	23.888505	23.888505	1	23.888505	1	23.888505	1	23.888505	1	0.6884592586987502	0.8680463597038831
KUP003	KFJ039	23.779899	23.779899	1	23.779899	1	23.779899	1	23.779899	1	0.7313382013544701	0.7446432850314656
RKF016	RKF089	12.083602	23.757005	2	12.083602	1	0	0	0	0	0.8520802592914886	0.8822468565951598
KFJ032	KUP004	14.424407482147211	23.65530748214721	2	14.424407482147211	1	0	0	0	0	0.8813388319271562	0.8794218909613711
KUP005	KUP004	23.639801	23.639801	1	23.639801	1	23.639801	1	23.639801	1	0.8391030734112721	0.8794218909613711
RKF034	RKF162	23.5686	23.5686	1	23.5686	1	23.5686	1	23.5686	1	0.8514370751516527	0.8697615174101119
KUP027	HNJ002	14.525002	23.5481975	2	14.525002	1	0	0	0	0	0.8822216336877152	0.903421487394852
RKF209	RKF153	23.540401	23.540401	1	23.540401	1	23.540401	1	23.540401	1	0.8416758099706153	0.8666212654332665
RKC011	RKC026	23.478502	23.478502	1	23.478502	1	23.478502	1	23.478502	1	0.8776562874402533	0.8928657006293116
RKF158	RKF142	12.4576	23.4404025	2	12.4576	1	0	0	0	0	0.7125345238545647	0.8843655808205012
RKF010	RKF153	23.433197	23.433197	1	23.433197	1	23.433197	1	23.433197	1	0.821850604719206	0.8666212654332665
RKC027	RKC026	23.398602	23.398602	1	23.398602	1	23.398602	1	23.398602	1	0.6432219741969657	0.8928657006293116
RKF014	RKC026	23.2822	23.2822	1	23.2822	1	23.2822	1	23.2822	1	0.8685255949453293	0.8928657006293116
RKF148	KUP027	14.593202	23.236102	2	14.593202	1	0	0	0	0	0.8562924848347269	0.8822216336877152
RKF162	RKF159	23.201495	23.201495	1	23.201495	1	23.201495	1	23.201495	1	0.8697615174101119	0.8820324618818811
RKF218	RKC047	23.054194	23.054194	1	23.054194	1	23.054194	1	23.054194	1	0.7906750911177531	0.8680463597038831
RKF198	RKC047	23.046398	23.046398	1	23.046398	1	23.046398	1	23.046398	1	0.872283808154566	0.8680463597038831
RKF099	RKF153	22.990403	22.990403	1	22.990403	1	22.990403	1	22.990403	1	0.7340622753584806	0.8666212654332665
RKF209	RKF089	11.629903	22.984409	2	0	0	0	0	0	0	0.8416758099706153	0.8822468565951598
KFJ049	KFJ032	14.305604	22.9558056	2	14.305604	1	0	0	0	0	0.7891238823099138	0.8813388319271562
RKF062	RKF172	11.532	22.94959902238845	2	0	0	0	0	0	0	0.6632363512542091	0.7945972532253793
RKF047	RKC028	22.933	22.933	1	22.933	1	22.933	1	22.933	1	0.8884012460116277	0.9073184265950336
RKC039	RKC023	22.8912	22.8912	1	22.8912	1	22.8912	1	22.8912	1	0.9075075984008676	0.918340837148298
RKC047	RKC023	22.8894	22.8894	1	22.8894	1	22.8894	1	22.8894	1	0.8680463597038831	0.918340837148298
RKF196	RKF089	22.7988	22.7988	1	22.7988	1	22.7988	1	22.7988	1	0.8742133605740734	0.8822468565951598
RKF124	RKF089	22.7988	22.7988	1	22.7988	1	22.7988	1	22.7988	1	0.880720870694765	0.8822468565951598
KFJ020	KUP022	13.091207	22.795308	2	13.091207	1	0	0	0	0	0.6489601856405988	0.7754152321138058
RKF053	RKF089	22.714198	22.714198	1	22.714198	1	22.714198	1	22.714198	1	0.8665203738034883	0.8822468565951598
HNJ014	RKF191	13.30649852752685	22.63869952752685	2	13.30649852752685	1	0	0	0	0	0.7933991651217636	0.8717793500056752
KUP027	RKF237	14.003098	22.625095	2	14.003098	1	0	0	0	0	0.8822216336877152	0.8981751226463874
RKF007	RKF136	13.883996000000002	22.543797	2	13.883996000000002	1	0	0	0	0	0.6250362579294515	0.846745614366968
RKF098	RKF121	14.5139	22.529497	2	14.5139	1	0	0	0	0	0.8645529870228141	0.8931431526112015
RKF023	RKF029	13.120002	22.51131	2	13.120002	1	0	0	0	0	0.8495075227321454	0.88162889536276845
RKF011	RKF155	22.490299	22.490299	1	22.490299	1	22.490299	1	22.490299	1	0.707653891264046	0.8712748918567843
RKF023	RKF210	12.496096	22.483903	2	12.496096	1	0	0	0	0	0.8495075227321454	0.8723720883306219
RKF011	RKF153	22.481698	22.481698	1	22.481698	1	22.481698	1	22.481698	1	0.707653891264046	0.8666212654332665
RKC051	RKF037	13.4166	22.4365	2	13.4166	1	0	0	0	0	0.8862951332400085	0.8975193270528293
RKF029	RKC002	12.817301	22.3063016	2	12.817301	1	0	0	0	0	0.88162889536276845	0.9120729446483296
RKF010	RKC051	22.302702	22.302702	1	22.302702	1	22.302702	1	22.302702	1	0.821850604719206	0.8862951332400085
RKF049	KUP003	12.999105	22.302317	2	12.999105	1	0	0	0	0	0.6234976605753345	0.7313382013544701
RKF153	RKF191	22.301802	22.301802	1	22.301802	1	22.301802	1	22.301802	1	0.8666212654332665	0.8717793500056752
KFJ050	KUP027	11.9905055	22.16220502392578	2	0	0	0	0	0	0	0.7974600532203348	0.8822216336877152
KFJ039	KUP027	22.138202	22.138202	1	22.138202	1	22.138202	1	22.138202	1	0.7446432850314656	0.8822216336877152
RKC051	RKF047	12.510502	22.035801	2	12.510502	1	0	0	0	0	0.8862951332400085	0.8884012460116277
RKF105	HNJ010	21.89151	21.89151	1	21.89151	1	21.89151	1	21.89151	1	0.7379844374661068	0.8756258433909677
KFJ049	KFJ006	12.156399	21.831097	2	12.156399	1	0	0	0	0	0.7891238823099138	0.9008865851966756
RKF014	RKC046	21.801305000000003	21.801305000000003	1	21.801305000000003	1	21.801305000000003	1	21.801305000000003	1	0.8685255949453293	0.8943034063536504
KFJ040	RKC012	13.379797339439389	21.74719833943939	2	13.379797339439389	1	0	0	0	0	0.8897002257450216	0.8967500283757709
KFJ017	RKC012	13.378998637199398	21.7463996371994	2	13.378998637199398	1	0	0	0	0	0.8991462045830023	0.8967500283757709
RKF038	RKC030	12.462598	21.628803	2	12.462598	1	0	0	0	0	0.7456143669680804	0.7986707527776726
RKF015	RKF029	21.562499	21.562499	1	21.562499	1	21.562499	1	21.562499	1	0.8858663438134514	0.88162889536276845
RKF034	RKC020	11.951	21.553201	2	0	0	0	0	0	0	0.8514370751516527	0.9128674662328328
RKF142	RKC043	21.514499	21.514499	1	21.514499	1	21.514499	1	21.514499	1	0.8843655808205012	0.9098785517006546
KUP022	KFJ041	12.0743	21.497401	2	12.0743	1	0	0	0	0	0.7754152321138058	0.8680841940650499
RKF055	RKF141	11.916998	21.4723974	2	0	0	0	0	0	0	0.8272356954586155	0.8961572900508241
RKF210	RKC038	21.343598	21.343598	1	21.343598	1	21.343598	1	21.343598	1	0.8723720883306219	0.914607846846506
RKF158	RKF202	21.329701	21.329701	1	21.329701	1	21.329701	1	21.329701	1	0.7125345238545647	0.7349576885727618
KFJ039	KFJ036	13.2641	21.31239597473144	2	13.2641	1	0	0	0	0	0.7446432850314656	0.8957537235317115
KFJ051	KFJ006	11.598	21.263698	2	0	0	0	0	0	0	0.8838611226716103	0.9008865851966756
KFJ007	KFJ032	11.3011	21.260798	2	0	0	0	0	0	0	0.8694336196133329	0.8813388319271562
RKF209	RKC047	12.097299	21.2549924	2	12.097299	1	0	0	0	0	0.8416758099706153	0.8680463597038831
RKF199	RKC002	21.233594	21.233594	1	21.233594	1	21.233594	1	21.233594	1	0.8234396478882121	0.9120729446483296
RKF202	RKF151	21.219492	21.219492	1	21.219492	1	21.219492	1	21.219492	1	0.7349576885727618	0.8511974575309296
RKF007	RKF226	12.1491015	21.1956025	2	12.1491015	1	0	0	0	0	0.6250362579294515	0.8836341165046094
RKF172	RKF181	11.811398	21.1805925	2	0	0	0	0	0	0	0.7945972532253793	0.834298109543087
KFJ048	KFJ038	12.957199999999998	21.176001	2	12.957199999999998	1	0	0	0	0	0.8704929817260035	0.8908226451263037
RKF081	RKF011	11.5752995	21.0694965	2	0	0	0	0	0	0	0.6682304869282282	0.707653891264046
KFJ008	KUP022	11.6047025	21.0201025	2	0	0	0	0	0	0	0.6727327759070788	0.7754152321138058
KFJ038	KFJ025	12.9896	21.012302	2	12.9896	1	0	0	0	0	0.8908226451263037	0.9016054380588452
KFJ028	KFJ025	10.522199	20.9678	2	0	0	0	0	0	0	0.6515833680148311	0.9016054380588452
RKF038	RKC002	12.3855054	20.9587034	2	12.3855054	1	0	0	0	0	0.7456143669680804	0.9120729446483296
RKF007	RKF147	12.3836994	20.9291014	2	12.3836994	1	0	0	0	0	0.6250362579294515	0.8881237940297378
RKF049	RKF023	11.88581	20.75121	2	0	0	0	0	0	0	0.6234976605753345	0.8495075227321454
RKC030	RKF021	20.733798	20.733798	1	20.733798	1	20.733798	1	20.733798	1	0.7986707527776726	0.8199084408459764
RKF052	RKF043	20.709701	20.709701	1	20.709701	1	20.709701	1	20.709701	1	0.8246377359918278	0.873683679517738
HNJ014	RKF159	20.694199	20.694199	1	20.694199	1	20.694199	1	20.694199	1	0.7933991651217636	0.8820324618818811
RKF081	RKC016	20.677698	20.677698	1	20.677698	1	20.677698	1	20.677698	1	0.6682304869282282	0.900899196650398
RKF199	RKC031	20.651293000000003	20.651293000000003	1	20.651293000000003	1	20.651293000000003	1	20.651293000000003	1	0.8234396478882121	0.913119695307278
RKF199	RKC038	20.6298	20.6298	1	20.6298	1	20.6298	1	20.6298	1	0.8234396478882121	0.914607846846506
RKF199	RKC045	20.615494	20.615494	1	20.615494	1	20.615494	1	20.615494	1	0.8234396478882121	0.9039511684511874
RKC012	KFJ022	12.363499402999867	20.611599402999868	2	12.363499402999867	1	0	0	0	0	0.8967500283757709	0.9113036459712712
RKF099	HNJ014	11.25989556312561	20.59449406312561	2	0	0	0	0	0	0	0.7340622753584806	0.7933991651217636
RKF081	RKF074	11.3655984	20.5644074	2	0	0	0	0	0	0	0.6682304869282282	0.8252304743167745
KFJ008	KFJ038	11.845198	20.529798	2	0	0	0	0	0	0	0.6727327759070788	0.8908226451263037
KFJ032	KFJ018	11.9498	20.5221996	2	0	0	0	0	0	0	0.8813388319271562	0.9185804547690212
RKF052	RKF046	20.4441	20.4441	1	20.4441	1	20.4441	1	20.4441	1	0.8246377359918278	0.911997275925996
RKC019	RKC037	10.233599	20.3826994	2	0	0	0	0	0	0	0.751188629513324	0.908087725272092
RKF007	RKC038	20.380601	20.380601	1	20.380601	1	20.380601	1	20.380601	1	0.6250362579294515	0.914607846846506
RKC030	RKF034	10.9415	20.375202	2	0	0	0	0	0	0	0.7986707527776726	0.8514370751516527
KFJ030	KFJ041	11.368698	20.357001000000004	2	0	0	0	0	0	0	0.821383980931482	0.8680841940650499
RKF032	RKC038	20.302698	20.302698	1	20.302698	1	20.302698	1	20.302698	1	0.8903181869774129	0.914607846846506
RKF039	KFJ032	11.3896996	20.2841076	2	0	0	0	0	0	0	0.7397122066260577	0.8813388319271562
RKF010	RKC043	20.270002	20.270002	1	20.270002	1	20.270002	1	20.270002	1	0.821850604719206	0.9098785517006546
RKC020	RKC043	20.270002	20.270002	1	20.270002	1	20.270002	1	20.270002	1	0.9128674662328328	0.9098785517006546
KUP022	KFJ017	11.964321	20.260417	2	0	0	0	0	0	0	0.7754152321138058	0.8991462045830023
RKF141	RKC038	20.253497	20.253497	1	20.253497	1	20.253497	1	20.253497	1	0.8961572900508241	0.914607846846506
RKF023	RKF155	20.244992	20.244992	1	20.244992	1	20.244992	1	20.244992	1	0.8495075227321454	0.8712748918567843
RKF034	RKC002	11.693899	20.218599	2	0	0	0	0	0	0	0.8514370751516527	0.9120729446483296
RKF029	RKC038	20.212802	20.212802	1	20.212802	1	20.212802	1	20.212802	1	0.88162889536276845	0.914607846846506
RKC038	RKF046	20.195398	20.195398	1	20.195398	1	20.195398	1	20.195398	1	0.914607846846506	0.911997275925996
RKF192	RKF129	20.181203	20.181203	1	20.181203	1	20.181203	1	20.181203	1	0.8982507913687211	0.8947195843264854
RKC007	RKF141	10.651004	20.175004	2	0	0	0	0	0	0	0.8689669958256088	0.8961572900508241
RKF104	RKF129	20.162308	20.162308	1	20.162308	1	20.162308	1	20.162308	1	0.8757141235670236	0.8947195843264854
RKF121	RKF237	10.615003000000002	20.149999747970583	2	0	0	0	0	0	0	0.8931431526112015	0.8981751226463874
RKF210	RKC026	20.130599	20.130599	1	20.130599	1	20.130599	1	20.130599	1	0.8723720883306219	0.8928657006293116
RKC026	RKF213	20.121801	20.121801	1	20.121801	1	20.121801	1	20.121801	1	0.8928657006293116	0.8949970363083752
RKF098	RKF129	20.106804	20.106804	1	20.106804	1	20.106804	1	20.106804	1	0.8645529870228141	0.8947195843264854
KFJ028	KFJ048	11.577499	20.0078965	2	0	0	0	0	0	0	0.6515833680148311	0.8704929817260035
KUP022	KFJ015	10.927701	20.00449896218872	2	0	0	0	0	0	0	0.7754152321138058	0.9219603243665896
RKF039	KFJ010	11.151701	19.97440436151123	2	0	0	0	0	0	0	0.7397122066260577	0.8489778416758099
RKF213	RKC038	19.917	19.917	1	19.917	1	19.917	1	0	0	0.8949970363083752	0.914607846846506
RKF038	RKF181	10.908896	19.912994	2	0	0	0	0	0	0	0.7456143669680804	0.834298109543087
HNJ012	RKC047	11.6471976	19.8627976	2	0	0	0	0	0	0	0.7849116567666755	0.8680463597038831
RKF042	RKC043	19.839996	19.839996	1	19.839996	1	19.839996	1	0	0	0.8349412936829228	0.9098785517006546
RKF061	RKC024	19.806099	19.806099	1	19.806099	1	19.806099	1	0	0	0.7619840338995876	0.820501179170923
RKF013	RKC051	19.6684	19.6684	1	19.6684	1	19.6684	1	0	0	0.7564223828080663	0.8862951332400085
RKF044	KFJ052	19.638896	19.638896	1	19.638896	1	19.638896	1	0	0	0.8493814081949226	0.8787030380992017
RKF074	RKC050	11.408496	19.624299	2	0	0	0	0	0	0	0.8252304743167745	0.8533792390248824
KFJ041	KFJ038	11.1521006	19.5451006	2	0	0	0	0	0	0	0.8680841940650499	0.8908226451263037
RKF081	RKF136	19.459605	19.459605	1	19.459605	1	19.459605	1	0	0	0.6682304869282282	0.846745614366968
RKF039	KUP022	19.391596	19.391596	1	19.391596	1	19.391596	1	0	0	0.7397122066260577	0.7754152321138058
RKC040	RKF143	19.37629878520965	19.37629878520965	1	19.37629878520965	1	19.37629878520965	1	0	0	0.8808469852319877	0.8982886257298879
RKF021	RKC047	19.3614	19.3614	1	19.3614	1	19.3614	1	0	0	0.8199084408459764	0.8680463597038831
RKF210	RKC017	19.36121	19.36121	1	19.36121	1	19.36121	1	0	0	0.8723720883306219	0.8847565358858915
KFJ053	KFJ036	11.227298	19.3410995	2	0	0	0	0	0	0	0.8915036636273063	0.8957537235317115
RKC033	RKF021	19.339502	19.339502	1	19.339502	1	19.339502	1	0	0	0.5941381963098886	0.8199084408459764
KFJ030	KFJ036	11.220193	19.317293000000003	2	0	0	0	0	0	0	0.821383980931482	0.8957537235317115
RKF049	RKF231	11.2747	19.300999	2	0	0	0	0	0	0	0.6234976605753345	0.7193447088645908
KFJ036	KFJ022	10.82021	19.2782045	2	0	0	0	0	0	0	0.8957537235317115	0.9113036459712712
KUP004	KFJ043	11.0186934	19.2466974	2	0	0	0	0	0	0	0.8794218909613711	0.8834575561524977
RKF181	RKF117	10.0429	19.231701	2	0	0	0	0	0	0	0.834298109543087	0.9103325640346562
RKF016	HNJ026	10.75691	19.192106	2	0	0	0	0	0	0	0.8520802592914886	0.8908730909411928
RKF196	RKF237	9.81950163841247	19.19140223841247	2	0	0	0	0	0	0	0.8742133605740734	0.8981751226463874
KUP002	KFJ029	10.0935936	19.183397600000003	2	0	0	0	0	0	0	0.869257059261221	0.8771392178376402
RKF181	RKF162	10.6714964	19.1334964	2	0	0	0	0	0	0	0.834298109543087	0.8697615174101119
KFJ039	RKF173	19.1183	19.1183	1	19.1183	1	19.1183	1	0	0	0.7446432850314656	0.8339071544776967
KFJ039	KFJ041	9.978795	19.102597	2	0	0	0	0	0	0	0.7446432850314656	0.8680841940650499
RKC006	RKF189	19.096804	19.096804	1	19.096804	1	19.096804	1	0	0	0.8166546857856305	0.8849709305991702
KFJ009	KUP005	9.674901	19.046307	2	0	0	0	0	0	0	0.722384069211658	0.8391030734112721
RKC011	RKC016	18.930292	18.930292	1	18.930292	1	18.930292	1	0	0	0.8776562874402533	0.900899196650398
RKC019	RKF185	18.7417	18.7417	1	18.7417	1	18.7417	1	0	0	0.751188629513324	0.8066664144375922
RKC019	RKF148	18.7316	18.7316	1	18.7316	1	18.7316	1	0	0	0.751188629513324	0.8562924848347269
RKF158	RKF015	18.640299	18.640299	1	18.640299	1	18.640299	1	0	0	0.7125345238545647	0.8858663438134514
RKF201	RKF098	10.126901	18.5983065	2	0	0	0	0	0	0	0.7008815406151867	0.8645529870228141
RKF018	HNJ010	10.423595	18.5525	2	0	0	0	0	0	0	0.8558636954081696	0.8756258433909677
RKF148	RKC023	18.540399	18.540399	1	18.540399	1	18.540399	1	0	0	0.8562924848347269	0.918340837148298
RKC033	RKF156	18.51740479469299	18.51740479469299	1	18.51740479469299	1	18.51740479469299	1	0	0	0.5941381963098886	0.6884592586987502
RKF038	RKF238	10.473496	18.484795	2	0	0	0	0	0	0	0.7456143669680804	0.8913144918214723
HNJ016	RKF156	9.8474994	18.457295	2	0	0	0	0	0	0	0.5541598880102909	0.6884592586987502
KFJ012	KFJ032	9.606397	18.4341966	2	0	0	0	0	0	0	0.871350560579118	0.8813388319271562
KFJ009	KFJ041	9.590596	18.402201	2	0	0	0	0	0	0	0.722384069211658	0.8680841940650499
RKF081	RKF179	10.2126956	18.3653951	2	0	0	0	0	0	0	0.6682304869282282	0.8119758364546681
RKF153	RKF142	18.361598	18.361598	1	18.361598	1	18.361598	1	0	0	0.8666212654332665	0.8843655808205012
RKF160	RKC012	18.336901	18.336901	1	18.336901	1	18.336901	1	0	0	0.8971157605337167	0.8967500283757709
RKF038	RKC031	18.237394	18.237394	1	18.237394	1	18.237394	1	0	0	0.7456143669680804	0.913119695307278
RKF179	RKF098	10.034001	18.197203	2	0	0	0	0	0	0	0.8119758364546681	0.8645529870228141
RKF144	HNJ011	9.149706	18.107801	2	0	0	0	0	0	0	0.5732410174920863	0.678660159156546
RKF231	RKC043	18.050599	18.050599	1	18.050599	1	18.050599	1	0	0	0.7193447088645908	0.9098785517006546
KFJ039	KFJ032	9.900522	17.943823000000002	2	0	0	0	0	0	0	0.7446432850314656	0.8813388319271562
RKF007	RKF182	8.989203	17.941803	2	0	0	0	0	0	0	0.6250362579294515	0.8842899120981675
RKF210	RKC043	17.912298	17.912298	1	17.912298	1	17.912298	1	0	0	0.8723720883306219	0.9098785517006546
KFJ028	KFJ038	9.140599	17.884302	2	0	0	0	0	0	0	0.6515833680148311	0.8908226451263037
KFJ004	KFJ053	9.796095	17.837501	2	0	0	0	0	0	0	0.8727756548497345	0.8915036636273063
KUP004	KFJ011	9.586802	17.834502	2	0	0	0	0	0	0	0.8794218909613711	0.9180633851664082
RKF044	KFJ018	17.8206	17.8206	1	17.8206	1	17.8206	1	0	0	0.8493814081949226	0.9185804547690212
KFJ030	KFJ004	9.796095	17.8148986	2	0	0	0	0	0	0	0.821383980931482	0.8727756548497345
RKF007	RKF191	9.485197	17.751902	2	0	0	0	0	0	0	0.6250362579294515	0.8717793500056752
RKF109	RKF192	17.7405	17.7405	1	17.7405	1	17.7405	1	0	0	0.862081142093249	0.8982507913687211
RKF109	RKF104	17.7405	17.7405	1	17.7405	1	17.7405	1	0	0	0.862081142093249	0.8757141235670236
RKC050	RKC045	17.706299	17.706299	1	17.706299	1	17.706299	1	0	0	0.8533792390248824	0.9039511684511874
RKF098	RKF109	17.683505999999998	17.683505999999998	1	17.683505999999998	1	17.683505999999998	1	0	0	0.8645529870228141	0.862081142093249
KFJ032	KFJ006	9.454197	17.620295600000002	2	0	0	0	0	0	0	0.8813388319271562	0.9008865851966756
KFJ009	KUP022	8.917901	17.5157995	2	0	0	0	0	0	0	0.722384069211658	0.7754152321138058
KFJ008	KUP005	9.15390253067016	17.49610303067016	2	0	0	0	0	0	0	0.6727327759070788	0.8391030734112721
KUP010	KUP017	17.46929883956909	17.46929883956909	1	17.46929883956909	1	17.46929883956909	1	0	0	0.7572673502074584	0.8511470117160405
RKF176	HNJ010	17.461503	17.461503	1	17.461503	1	17.461503	1	0	0	0.7850377713038982	0.8756258433909677
RKF055	RKF210	9.157097	17.448097	2	0	0	0	0	0	0	0.8272356954586155	0.8723720883306219
KFJ028	RKF133	9.245598	17.4309996	2	0	0	0	0	0	0	0.6515833680148311	0.8617406328427478
KFJ030	RKF044	9.174895	17.420195999999997	2	0	0	0	0	0	0	0.821383980931482	0.8493814081949226
KUP022	RKF164	17.399698	17.399698	1	17.399698	1	17.399698	1	0	0	0.7754152321138058	0.7855926752676781
RKF047	RKC012	17.383399999999998	17.383399999999998	1	17.383399999999998	1	17.383399999999998	1	0	0	0.8884012460116277	0.8967500283757709
RKF185	RKC023	17.364901	17.364901	1	17.364901	1	17.364901	1	0	0	0.8066664144375922	0.918340837148298
RKF044	KFJ041	9.012579917907711	17.28647951790771	2	0	0	0	0	0	0	0.8493814081949226	0.8680841940650499
KUP022	KFJ007	9.1903985	17.2728005	2	0	0	0	0	0	0	0.7754152321138058	0.8694336196133329
KUP022	RKF185	17.2683	17.2683	1	17.2683	1	17.2683	1	0	0	0.7754152321138058	0.8066664144375922
RKF039	KFJ036	9.214997	17.252197	2	0	0	0	0	0	0	0.7397122066260577	0.8957537235317115
KUP022	KFJ006	9.223801	17.242199284912108	2	0	0	0	0	0	0	0.7754152321138058	0.9008865851966756
RKF052	RKC031	17.239797000000003	17.239797000000003	1	17.239797000000003	1	17.239797000000003	1	0	0	0.8246377359918278	0.913119695307278
RKF064	RKF109	17.1883	17.1883	1	17.1883	1	17.1883	1	0	0	0.6012006103943601	0.862081142093249
KUP022	KFJ011	9.166199	17.18459728491211	2	0	0	0	0	0	0	0.7754152321138058	0.9180633851664082
RKF064	RKF117	17.174500000000002	17.174500000000002	1	17.174500000000002	1	17.174500000000002	1	0	0	0.6012006103943601	0.9103325640346562
RKC030	RKF052	17.159104	17.159104	1	17.159104	1	17.159104	1	0	0	0.7986707527776726	0.8246377359918278
RKF113	RKF138	17.088497	17.088497	1	17.088497	1	17.088497	1	0	0	0.8159484443771834	0.8750204936122987
KFJ039	KFJ010	8.805299	17.0877995	2	0	0	0	0	0	0	0.7446432850314656	0.8489778416758099
RKF105	HNJ012	17.08729267120361	17.08729267120361	1	17.08729267120361	1	17.08729267120361	1	0	0	0.7379844374661068	0.7849116567666755
RKF209	RKC037	17.0672	17.0672	1	17.0672	1	17.0672	1	0	0	0.8416758099706153	0.908087725272092
HNJ012	KFJ032	17.054093	17.054093	1	17.054093	1	17.054093	1	0	0	0.7849116567666755	0.8813388319271562
KFJ008	KFJ009	17.039501667022698	17.039501667022698	1	17.039501667022698	1	17.039501667022698	1	0	0	0.6727327759070788	0.722384069211658
RKF176	RKF091	17.026699	17.026699	1	17.026699	1	17.026699	1	0	0	0.7850377713038982	0.8913901605438059
RKF036	RKC038	17.002398	17.002398	1	17.002398	1	17.002398	1	0	0	0.7646450506349867	0.914607846846506
RKF029	RKC042	16.957098000000002	16.957098000000002	1	16.957098000000002	1	16.957098000000002	1	0	0	0.88162889536276845	0.9127161287881654
RKF032	RKC042	16.957098000000002	16.957098000000002	1	16.957098000000002	1	16.957098000000002	1	0	0	0.8903181869774129	0.9127161287881654
RKF141	RKC042	16.946602	16.946602	1	16.946602	1	16.946602	1	0	0	0.8961572900508241	0.9127161287881654
RKC042	RKF046	16.946	16.946	1	16.946	1	16.946	1	0	0	0.9127161287881654	0.911997275925996
RKF002	RKF196	16.9454	16.9454	1	16.9454	1	16.9454	1	0	0	0.8210308602272584	0.8742133605740734
HNJ016	KFJ032	16.938901	16.938901	1	16.938901	1	16.938901	1	0	0	0.5541598880102909	0.8813388319271562
RKF164	RKF028	16.932094	16.932094	1	16.932094	1	16.932094	1	0	0	0.7855926752676781	0.8328225694575814
RKF189	RKC039	16.916001	16.916001	1	16.916001	1	16.916001	1	0	0	0.8849709305991702	0.9075075984008676
RKC033	RKF016	16.9101	16.9101	1	16.9101	1	16.9101	1	0	0	0.5941381963098886	0.8520802592914886
RKF003	KFJ032	16.905	16.905	1	16.905	1	16.905	1	0	0	0.81616283909046194	0.8813388319271562
RKF190	KFJ043	16.865702	16.865702	1	16.865702	1	16.865702	1	0	0	0.6623535494936501	0.8834575561524977
RKF046	RKC043	16.8598	16.8598	1	16.8598	1	16.8598	1	0	0	0.911997275925996	0.9098785517006546
RKF044	KFJ048	8.6094975	16.8547985	2	0	0	0	0	0	0	0.8493814081949226	0.8704929817260035
KFJ032	KFJ038	8.5048914	16.854491799999998	2	0	0	0	0	0	0	0.8813388319271562	0.8908226451263037
RKF190	KFJ013	16.850701	16.850701	1	16.850701	1	16.850701	1	0	0	0.6623535494936501	0.907621101484368
RKF213	RKC043	16.847199	16.847199	1	16.847199	1	16.847199	1	0	0	0.8949970363083752	0.9098785517006546
RKF029	RKC043	16.819897	16.819897	1	16.819897	1	16.819897	1	0	0	0.88162889536276845	0.9098785517006546
RKF162	RKF132	16.8194	16.8194	1	16.8194	1	16.8194	1	0	0	0.8697615174101119	0.9051997023696922
RKF173	RKF182	16.7966	16.7966	1	16.7966	1	16.7966	1	0	0	0.8339071544776967	0.8842899120981675
RKF006	RKC042	16.789007	16.789007	1	16.789007	1	16.789007	1	0	0	0.8183824549455816	0.9127161287881654
RKF231	RKF139	16.771900000000002	16.771900000000002	1	16.771900000000002	1	16.771900000000002	1	0	0	0.7193447088645908	0.8723973112380664
RKF052	RKF182	16.7666	16.7666	1	16.7666	1	16.7666	1	0	0	0.8246377359918278	0.8842899120981675
KFJ032	HNJ026	16.745293	16.745293	1	16.745293	1	16.745293	1	0	0	0.8813388319271562	0.8908730909411928
RKF021	RKF088	16.680104	16.680104	1	16.680104	1	16.680104	1	0	0	0.8199084408459764	0.8226829606648759
RKF031	RKC038	16.6769	16.6769	1	16.6769	1	16.6769	1	0	0	0.8852357711273379	0.914607846846506
RKF141	RKC043	16.643998	16.643998	1	16.643998	1	16.643998	1	0	0	0.8961572900508241	0.9098785517006546
RKF032	RKC043	16.593999	16.593999	1	16.593999	1	16.593999	1	0	0	0.8903181869774129	0.9098785517006546
RKF164	RKC051	16.576004	16.576004	1	16.576004	1	16.576004	1	0	0	0.7855926752676781	0.8862951332400085
RKF164	RKC052	16.576004	16.576004	1	16.576004	1	16.576004	1	0	0	0.7855926752676781	0.8967121940146041
RKF173	RKF226	16.4887	16.4887	1	16.4887	1	16.4887	1	0	0	0.8339071544776967	0.8836341165046094
RKF052	RKF226	16.4876	16.4876	1	16.4876	1	16.4876	1	0	0	0.8246377359918278	0.8836341165046094
RKF172	RKF226	16.473599	16.473599	1	16.473599	1	16.473599	1	0	0	0.7945972532253793	0.8836341165046094
RKF052	RKF148	16.4481	16.4481	1	16.4481	1	16.4481	1	0	0	0.8246377359918278	0.8562924848347269
RKF016	RKC039	16.443604	16.443604	1	16.443604	1	16.443604	1	0	0	0.8520802592914886	0.9075075984008676
RKF172	RKF148	16.4424	16.4424	1	16.4424	1	16.4424	1	0	0	0.7945972532253793	0.8562924848347269
RKF173	RKF148	16.4385	16.4385	1	16.4385	1	16.4385	1	0	0	0.8339071544776967	0.8562924848347269
RKF198	RKC037	16.422600000000003	16.422600000000003	1	16.422600000000003	1	16.422600000000003	1	0	0	0.872283808154566	0.908087725272092
RKF062	RKF091	16.379696	16.379696	1	16.379696	1	16.379696	1	0	0	0.6632363512542091	0.8913901605438059
RKF052	RKF147	16.314999999999998	16.314999999999998	1	16.314999999999998	1	16.314999999999998	1	0	0	0.8246377359918278	0.8881237940297378
RKF172	RKF147	16.313	16.313	1	16.313	1	16.313	1	0	0	0.7945972532253793	0.8881237940297378
RKF173	RKF147	16.313	16.313	1	16.313	1	16.313	1	0	0	0.8339071544776967	0.8881237940297378
RKF190	RKF120	8.1508994	16.2757994	2	0	0	0	0	0	0	0.6623535494936501	0.8093778769878804
RKF154	RKC022	16.217804	16.217804	1	16.217804	1	16.217804	1	0	0	0.7023192463395256	0.8813640548346008
RKF016	RKC047	16.197103	16.197103	1	16.197103	1	16.197103	1	0	0	0.8520802592914886	0.8680463597038831
KFJ050	RKF020	16.067696	16.067696	1	16.067696	1	16.067696	1	0	0	0.7974600532203348	0.8534044619323269
RKF042	RKC037	16.055802	16.055802	1	16.055802	1	16.055802	1	0	0	0.8349412936829228	0.908087725272092
RKF098	RKF124	15.9958	15.9958	1	15.9958	1	0	0	0	0	0.8645529870228141	0.880720870694765
KFJ030	KFJ006	15.961900000000002	15.961900000000002	1	15.961900000000002	1	0	0	0	0	0.821383980931482	0.9008865851966756
KFJ041	KFJ029	15.953898	15.953898	1	15.953898	1	0	0	0	0	0.8680841940650499	0.8771392178376402
RKF038	RKC037	15.909400000000002	15.909400000000002	1	15.909400000000002	1	0	0	0	0	0.7456143669680804	0.908087725272092
HNJ016	RKF163	15.8927	15.8927	1	15.8927	1	0	0	0	0	0.5541598880102909	0.6917886824814297
RKF039	KFJ047	15.885597	15.885597	1	15.885597	1	0	0	0	0	0.7397122066260577	0.906032058315362
HNJ013	RKF192	15.878904	15.878904	1	15.878904	1	0	0	0	0	0.574439105595702	0.8982507913687211
RKF218	RKC037	15.8535	15.8535	1	15.8535	1	0	0	0	0	0.7906750911177531	0.908087725272092
HNJ014	RKF164	15.8381	15.8381	1	15.8381	1	0	0	0	0	0.7933991651217636	0.7855926752676781
RKF189	RKC021	15.734398	15.734398	1	15.734398	1	0	0	0	0	0.8849709305991702	0.8912388230991386
RKF153	RKC020	15.696299	15.696299	1	15.696299	1	0	0	0	0	0.8666212654332665	0.9128674662328328
RKF185	RKF028	15.6721	15.6721	1	15.6721	1	0	0	0	0	0.8066664144375922	0.8328225694575814
RKF163	HNJ014	15.660799	15.660799	1	15.660799	1	0	0	0	0	0.6917886824814297	0.7933991651217636
RKF013	RKC043	15.657002	15.657002	1	15.657002	1	0	0	0	0	0.7564223828080663	0.9098785517006546
RKF098	HNJ026	15.6261	15.6261	1	15.6261	1	0	0	0	0	0.8645529870228141	0.8908730909411928
RKF177	RKF139	15.542102	15.542102	1	15.542102	1	0	0	0	0	0.842684726268397	0.8723973112380664
KFJ039	RKF133	15.507704019546509	15.507704019546509	1	15.507704019546509	1	0	0	0	0	0.7446432850314656	0.8617406328427478
RKF016	RKC043	15.503496	15.503496	1	15.503496	1	0	0	0	0	0.8520802592914886	0.9098785517006546
RKC048	RKF162	15.3115	15.3115	1	15.3115	1	0	0	0	0	0.8592687879131827	0.8697615174101119
RKF185	RKF052	15.135694	15.135694	1	15.135694	1	0	0	0	0	0.8066664144375922	0.8246377359918278
HNJ010	RKF129	15.036606999999998	15.036606999999998	1	15.036606999999998	1	0	0	0	0	0.8756258433909677	0.8947195843264854
RKF185	RKC052	15.003198	15.003198	1	15.003198	1	0	0	0	0	0.8066664144375922	0.8967121940146041
RKF044	RKC022	14.970505	14.970505	1	14.970505	1	0	0	0	0	0.8493814081949226	0.8813640548346008
RKF185	RKC051	14.964598	14.964598	1	14.964598	1	0	0	0	0	0.8066664144375922	0.8862951332400085
RKC011	RKF015	14.95320200920105	14.95320200920105	1	14.95320200920105	1	0	0	0	0	0.8776562874402533	0.8858663438134514
RKF039	KFJ048	14.914703	14.914703	1	14.914703	1	0	0	0	0	0.7397122066260577	0.8704929817260035
RKC019	RKF052	14.882696	14.882696	1	14.882696	1	0	0	0	0	0.751188629513324	0.8246377359918278
RKC047	RKF143	14.882402	14.882402	1	14.882402	1	0	0	0	0	0.8680463597038831	0.8982886257298879
KUP005	RKF148	14.866799	14.866799	1	14.866799	1	0	0	0	0	0.8391030734112721	0.8562924848347269
RKF020	KFJ047	14.841598	14.841598	1	14.841598	1	0	0	0	0	0.8534044619323269	0.906032058315362
RKC026	RKC043	14.830600999999998	14.830600999999998	1	14.830600999999998	1	0	0	0	0	0.8928657006293116	0.9098785517006546
RKF063	RKC052	14.785397	14.785397	1	14.785397	1	0	0	0	0	0.8649061077270377	0.8967121940146041
KFJ029	KFJ038	14.779997	14.779997	1	14.779997	1	0	0	0	0	0.8771392178376402	0.8908226451263037
RKC033	RKF052	14.772302000000002	14.772302000000002	1	14.772302000000002	1	0	0	0	0	0.5941381963098886	0.8246377359918278
RKF016	RKC045	14.7362	14.7362	1	14.7362	1	0	0	0	0	0.8520802592914886	0.9039511684511874
RKF040	RKC043	14.730501	14.730501	1	14.730501	1	0	0	0	0	0.6047065945291513	0.9098785517006546
RKF064	RKF038	14.705682	14.705682	1	14.705682	1	0	0	0	0	0.6012006103943601	0.7456143669680804
RKF177	RKF155	14.7022	14.7022	1	14.7022	1	0	0	0	0	0.842684726268397	0.8712748918567843
RKF177	RKF029	14.671500000000002	14.671500000000002	1	14.671500000000002	1	0	0	0	0	0.842684726268397	0.88162889536276845
RKF177	RKF157	14.6701	14.6701	1	14.6701	1	0	0	0	0	0.842684726268397	0.921228860050698
RKC030	RKF016	14.640002999999998	14.640002999999998	1	14.640002999999998	1	0	0	0	0	0.7986707527776726	0.8520802592914886
RKF156	RKC043	14.5195	14.5195	1	14.5195	1	0	0	0	0	0.6884592586987502	0.9098785517006546
KFJ028	RKC037	14.512706	14.512706	1	14.512706	1	0	0	0	0	0.6515833680148311	0.908087725272092
RKF226	RKF192	14.489794	14.489794	1	14.489794	1	0	0	0	0	0.8836341165046094	0.8982507913687211
RKF182	KUP027	14.4782	14.4782	1	14.4782	1	0	0	0	0	0.8842899120981675	0.8822216336877152
KUP003	RKF133	14.477599	14.477599	1	14.477599	1	0	0	0	0	0.7313382013544701	0.8617406328427478
RKF158	RKF177	14.4754	14.4754	1	14.4754	1	0	0	0	0	0.7125345238545647	0.842684726268397
KUP005	RKF182	14.4705	14.4705	1	14.4705	1	0	0	0	0	0.8391030734112721	0.8842899120981675
RKF179	RKF091	14.398104	14.398104	1	14.398104	1	0	0	0	0	0.8119758364546681	0.8913901605438059
RKF148	RKF104	14.375806	14.375806	1	14.375806	1	0	0	0	0	0.8562924848347269	0.8757141235670236
KFJ004	KFJ038	14.371502	14.371502	1	14.371502	1	0	0	0	0	0.8727756548497345	0.8908226451263037
RKF062	HNJ010	14.355099	14.355099	1	14.355099	1	0	0	0	0	0.6632363512542091	0.8756258433909677
KFJ008	KFJ012	14.351892	14.351892	1	14.351892	1	0	0	0	0	0.6727327759070788	0.871350560579118
RKF040	RKC038	14.343101	14.343101	1	14.343101	1	0	0	0	0	0.6047065945291513	0.914607846846506
RKF055	RKC051	14.3314	14.3314	1	14.3314	1	0	0	0	0	0.8272356954586155	0.8862951332400085
RKF003	RKF101	14.304203	14.304203	1	14.304203	1	0	0	0	0	0.81616283909046194	0.8486121095178641
RKF133	KUP004	14.283597	14.283597	1	14.283597	1	0	0	0	0	0.8617406328427478	0.8794218909613711
RKF016	RKC031	14.275199	14.275199	1	14.275199	1	0	0	0	0	0.8520802592914886	0.913119695307278
RKF016	RKC002	14.275199	14.275199	1	14.275199	1	0	0	0	0	0.8520802592914886	0.9120729446483296
RKF016	RKC038	14.273596	14.273596	1	14.273596	1	0	0	0	0	0.8520802592914886	0.914607846846506
KUP005	HNJ002	14.273196	14.273196	1	14.273196	1	0	0	0	0	0.8391030734112721	0.903421487394852
RKF140	KUP005	14.2212	14.2212	1	14.2212	1	0	0	0	0	0.7660953678130478	0.8391030734112721
RKF218	RKF133	14.204001	14.204001	1	14.204001	1	0	0	0	0	0.7906750911177531	0.8617406328427478
KUP005	RKF237	14.150196	14.150196	1	14.150196	1	0	0	0	0	0.8391030734112721	0.8981751226463874
RKF106	KUP007	14.112997	14.112997	1	14.112997	1	0	0	0	0	0.6425283442422408	0.8961699015045465
RKF050	RKC051	14.013398	14.013398	1	14.013398	1	0	0	0	0	0.6935038401876584	0.8862951332400085
KUP002	KFJ038	14.012396	14.012396	1	14.012396	1	0	0	0	0	0.869257059261221	0.8908226451263037
RKF176	RKC002	14.003599	14.003599	1	14.003599	1	0	0	0	0	0.7850377713038982	0.9120729446483296
RKF176	RKF135	13.999999	13.999999	1	13.999999	1	0	0	0	0	0.7850377713038982	0.8867491455740103
RKF053	RKF098	13.9879	13.9879	1	13.9879	1	0	0	0	0	0.8665203738034883	0.8645529870228141
KFJ041	KFJ032	13.909698	13.909698	1	13.909698	1	0	0	0	0	0.8680841940650499	0.8813388319271562
RKC019	RKF218	13.8987	13.8987	1	13.8987	1	0	0	0	0	0.751188629513324	0.7906750911177531
KUP010	RKF138	13.853201	13.853201	1	13.853201	1	0	0	0	0	0.7572673502074584	0.8750204936122987
KUP005	RKF044	13.833093643188471	13.833093643188471	1	13.833093643188471	1	0	0	0	0	0.8391030734112721	0.8493814081949226
KFJ039	RKF039	13.830101	13.830101	1	13.830101	1	0	0	0	0	0.7446432850314656	0.7397122066260577
KUP004	RKF117	13.793707	13.793707	1	13.793707	1	0	0	0	0	0.8794218909613711	0.9103325640346562
RKF011	RKF006	13.786703	13.786703	1	13.786703	1	0	0	0	0	0.707653891264046	0.8183824549455816
RKF021	RKF032	13.783002	13.783002	1	13.783002	1	0	0	0	0	0.8199084408459764	0.8903181869774129
RKF143	RKC039	13.780302	13.780302	1	13.780302	1	0	0	0	0	0.8982886257298879	0.9075075984008676
RKF148	RKF192	13.764203	13.764203	1	13.764203	1	0	0	0	0	0.8562924848347269	0.8982507913687211
RKF067	RKF089	13.738298	13.738298	1	13.738298	1	0	0	0	0	0.7936766171036536	0.8822468565951598
RKF067	RKF116	13.722801	13.722801	1	13.722801	1	0	0	0	0	0.7936766171036536	0.8661294187380979
RKF138	KUP011	13.659903000000002	13.659903000000002	1	13.659903000000002	1	0	0	0	0	0.8750204936122987	0.890557804598136
RKF031	RKC043	13.611197	13.611197	1	13.611197	1	0	0	0	0	0.8852357711273379	0.9098785517006546
RKF158	RKF199	13.597699999999998	13.597699999999998	1	13.597699999999998	1	0	0	0	0	0.7125345238545647	0.8234396478882121
RKF023	RKF136	13.569400000000002	13.569400000000002	1	13.569400000000002	1	0	0	0	0	0.8495075227321454	0.846745614366968
KUP005	RKC022	13.5583	13.5583	1	13.5583	1	0	0	0	0	0.8391030734112721	0.8813640548346008
RKF231	RKF020	13.551998	13.551998	1	13.551998	1	0	0	0	0	0.7193447088645908	0.8534044619323269
RKF043	KUP002	13.547799	13.547799	1	13.547799	1	0	0	0	0	0.873683679517738	0.869257059261221
RKF109	RKF046	13.5465	13.5465	1	13.5465	1	0	0	0	0	0.862081142093249	0.911997275925996
RKF190	KFJ009	13.514399999999998	13.514399999999998	1	13.514399999999998	1	0	0	0	0	0.6623535494936501	0.722384069211658
RKF034	RKC028	13.5003	13.5003	1	13.5003	1	0	0	0	0	0.8514370751516527	0.9073184265950336
RKF049	KUP027	13.426602	13.426602	1	13.426602	1	0	0	0	0	0.6234976605753345	0.8822216336877152
RKF104	RKF226	13.403201	13.403201	1	13.403201	1	0	0	0	0	0.8757141235670236	0.8836341165046094
RKF037	RKC012	13.394499	13.394499	1	13.394499	1	0	0	0	0	0.8975193270528293	0.8967500283757709
RKF044	RKF153	13.3847	13.3847	1	13.3847	1	0	0	0	0	0.8493814081949226	0.8666212654332665
HNJ014	RKF162	13.347399	13.347399	1	13.347399	1	0	0	0	0	0.7933991651217636	0.8697615174101119
RKF036	RKC043	13.340202	13.340202	1	13.340202	1	0	0	0	0	0.7646450506349867	0.9098785517006546
HNJ010	KFJ015	13.340099	13.340099	1	13.340099	1	0	0	0	0	0.8756258433909677	0.9219603243665896
RKF088	RKF237	13.3214	13.3214	1	13.3214	1	0	0	0	0	0.8226829606648759	0.8981751226463874
RKC021	RKF237	13.321099	13.321099	1	13.321099	1	0	0	0	0	0.8912388230991386	0.8981751226463874
RKF081	RKF124	13.3192	13.3192	1	13.3192	1	0	0	0	0	0.6682304869282282	0.880720870694765
HNJ014	RKF118	13.306397	13.306397	1	13.306397	1	0	0	0	0	0.7933991651217636	0.8588652213940701
HNJ012	KFJ015	13.3014	13.3014	1	13.3014	1	0	0	0	0	0.7849116567666755	0.9219603243665896
KFJ023	KUP027	13.28659	13.28659	1	13.28659	1	0	0	0	0	0.8580328654484002	0.8822216336877152
KFJ028	KFJ013	13.2725	13.2725	1	13.2725	1	0	0	0	0	0.6515833680148311	0.907621101484368
HNJ013	RKF098	13.271296	13.271296	1	13.271296	1	0	0	0	0	0.574439105595702	0.8645529870228141
RKC006	KFJ032	13.265693	13.265693	1	13.265693	1	0	0	0	0	0.8166546857856305	0.8813388319271562
RKC019	RKF028	13.243097	13.243097	1	13.243097	1	0	0	0	0	0.751188629513324	0.8328225694575814
HNJ014	RKF218	13.241397999999998	13.241397999999998	1	13.241397999999998	1	0	0	0	0	0.7933991651217636	0.7906750911177531
RKF190	KFJ040	13.205299	13.205299	1	13.205299	1	0	0	0	0	0.6623535494936501	0.8897002257450216
RKF192	RKF117	13.201296	13.201296	1	13.201296	1	0	0	0	0	0.8982507913687211	0.9103325640346562
RKC036	HNJ014	13.1805	13.1805	1	13.1805	1	0	0	0	0	0.7723002030444049	0.7933991651217636
RKF104	RKF117	13.162506	13.162506	1	13.162506	1	0	0	0	0	0.8757141235670236	0.9103325640346562
RKF043	KUP027	13.1399	13.1399	1	13.1399	1	0	0	0	0	0.873683679517738	0.8822216336877152
RKF109	RKF043	13.1194	13.1194	1	13.1194	1	0	0	0	0	0.862081142093249	0.873683679517738
RKF028	RKF133	13.1194	13.1194	1	13.1194	1	0	0	0	0	0.8328225694575814	0.8617406328427478
RKF074	RKF167	13.113809000000002	13.113809000000002	1	13.113809000000002	1	0	0	0	0	0.8252304743167745	0.8551952883608893
RKF098	RKF117	13.071	13.071	1	13.071	1	0	0	0	0	0.8645529870228141	0.9103325640346562
RKF017	RKF032	13.067603	13.067603	1	13.067603	1	0	0	0	0	0.7524245519781065	0.8903181869774129
RKC019	RKF198	13.0674	13.0674	1	13.0674	1	0	0	0	0	0.751188629513324	0.872283808154566
RKC019	RKF020	13.060802	13.060802	1	13.060802	1	0	0	0	0	0.751188629513324	0.8534044619323269
RKF210	RKC014	13.0499	13.0499	1	13.0499	1	0	0	0	0	0.8723720883306219	0.9027909147087384
HNJ014	RKF016	13.047403	13.047403	1	13.047403	1	0	0	0	0	0.7933991651217636	0.8520802592914886
HNJ014	RKC047	13.011798	13.011798	1	13.011798	1	0	0	0	0	0.7933991651217636	0.8680463597038831
RKF190	KFJ017	12.9848	12.9848	1	12.9848	1	0	0	0	0	0.6623535494936501	0.8991462045830023
RKF148	RKF157	12.9745	12.9745	1	12.9745	1	0	0	0	0	0.8562924848347269	0.921228860050698
RKF148	RKF031	12.9745	12.9745	1	12.9745	1	0	0	0	0	0.8562924848347269	0.8852357711273379
RKF081	RKF196	12.9617	12.9617	1	12.9617	1	0	0	0	0	0.6682304869282282	0.8742133605740734
RKF081	RKF053	12.9617	12.9617	1	12.9617	1	0	0	0	0	0.6682304869282282	0.8665203738034883
RKC017	RKF141	12.956297	12.956297	1	12.956297	1	0	0	0	0	0.8847565358858915	0.8961572900508241
RKF044	RKF155	12.955809	12.955809	1	12.955809	1	0	0	0	0	0.8493814081949226	0.8712748918567843
HNJ002	RKC003	12.955797	12.955797	1	12.955797	1	0	0	0	0	0.903421487394852	0.91618427856179
RKF039	KFJ049	12.947798	12.947798	1	12.947798	1	0	0	0	0	0.7397122066260577	0.7891238823099138
RKF181	RKF043	12.929194999999998	12.929194999999998	1	12.929194999999998	1	0	0	0	0	0.834298109543087	0.873683679517738
KFJ029	KFJ036	12.927599	12.927599	1	12.927599	1	0	0	0	0	0.8771392178376402	0.8957537235317115
KUP027	KFJ017	12.912297	12.912297	1	12.912297	1	0	0	0	0	0.8822216336877152	0.8991462045830023
RKF176	RKC042	12.866294	12.866294	1	12.866294	1	0	0	0	0	0.7850377713038982	0.9127161287881654
KFJ034	RKC032	12.863295999999998	12.863295999999998	1	12.863295999999998	1	0	0	0	0	0.7307580744832457	0.9009748653727316
RKF049	RKF047	12.8296	12.8296	1	12.8296	1	0	0	0	0	0.6234976605753345	0.8884012460116277
RKF139	RKF226	12.828898	12.828898	1	12.828898	1	0	0	0	0	0.8723973112380664	0.8836341165046094
RKF190	KFJ022	12.8227	12.8227	1	12.8227	1	0	0	0	0	0.6623535494936501	0.9113036459712712
KFJ034	RKF105	12.819701	12.819701	1	12.819701	1	0	0	0	0	0.7307580744832457	0.7379844374661068
RKF031	RKC002	12.8169	12.8169	1	12.8169	1	0	0	0	0	0.8852357711273379	0.9120729446483296
KFJ043	KUP027	12.810099	12.810099	1	12.810099	1	0	0	0	0	0.8834575561524977	0.8822216336877152
RKF088	RKF173	12.8009	12.8009	1	12.8009	1	0	0	0	0	0.8226829606648759	0.8339071544776967
RKF176	RKC038	12.793899	12.793899	1	12.793899	1	0	0	0	0	0.7850377713038982	0.914607846846506
RKF141	RKC002	12.7838	12.7838	1	12.7838	1	0	0	0	0	0.8961572900508241	0.9120729446483296
HNJ010	RKF192	12.781203	12.781203	1	12.781203	1	0	0	0	0	0.8756258433909677	0.8982507913687211
RKF049	RKC032	12.75481	12.75481	1	12.75481	1	0	0	0	0	0.6234976605753345	0.9009748653727316
RKF038	RKC046	12.704498	12.704498	1	12.704498	1	0	0	0	0	0.7456143669680804	0.8943034063536504
RKF162	RKC052	12.7038	12.7038	1	12.7038	1	0	0	0	0	0.8697615174101119	0.8967121940146041
KUP027	KFJ045	12.6912	12.6912	1	12.6912	1	0	0	0	0	0.8822216336877152	0.8985156318968888
RKF190	KFJ010	12.669499	12.669499	1	12.669499	1	0	0	0	0	0.6623535494936501	0.8489778416758099
RKC037	RKC023	12.655401	12.655401	1	12.655401	1	0	0	0	0	0.908087725272092	0.918340837148298
HNJ011	RKC047	12.642002	12.642002	1	12.642002	1	0	0	0	0	0.678660159156546	0.8680463597038831
RKF031	RKF089	12.617397	12.617397	1	12.617397	1	0	0	0	0	0.8852357711273379	0.8822468565951598
RKC048	RKC016	12.6006	12.6006	1	12.6006	1	0	0	0	0	0.8592687879131827	0.900899196650398
RKC029	RKC016	12.593901	12.593901	1	12.593901	1	0	0	0	0	0.8196183774103641	0.900899196650398
RKF021	RKF199	12.588102	12.588102	1	12.588102	1	0	0	0	0	0.8199084408459764	0.8234396478882121
RKF106	RKC004	12.586802	12.586802	1	12.586802	1	0	0	0	0	0.6425283442422408	0.8785138662933676
HNJ016	RKF063	12.574601	12.574601	1	12.574601	1	0	0	0	0	0.5541598880102909	0.8649061077270377
RKF181	RKF132	12.5534	12.5534	1	12.5534	1	0	0	0	0	0.834298109543087	0.9051997023696922
RKF028	RKF143	12.5378	12.5378	1	12.5378	1	0	0	0	0	0.8328225694575814	0.8982886257298879
RKF050	RKF101	12.535608000000002	12.535608000000002	1	12.535608000000002	1	0	0	0	0	0.6935038401876584	0.8486121095178641
RKF143	RKC045	12.4954015	12.4954015	1	12.4954015	1	0	0	0	0	0.8982886257298879	0.9039511684511874
RKF034	RKC038	12.467	12.467	1	12.467	1	0	0	0	0	0.8514370751516527	0.914607846846506
RKF052	RKF117	12.443901	12.443901	1	12.443901	1	0	0	0	0	0.8246377359918278	0.9103325640346562
KFJ028	KFJ053	12.437606	12.437606	1	12.437606	1	0	0	0	0	0.6515833680148311	0.8915036636273063
RKF109	HNJ010	12.430203	12.430203	1	12.430203	1	0	0	0	0	0.862081142093249	0.8756258433909677
RKC007	RKF189	12.415898	12.415898	1	12.415898	1	0	0	0	0	0.8689669958256088	0.8849709305991702
RKF189	RKC017	12.409806	12.409806	1	12.409806	1	0	0	0	0	0.8849709305991702	0.8847565358858915
RKF201	KFJ041	12.3974994	12.3974994	1	12.3974994	1	0	0	0	0	0.7008815406151867	0.8680841940650499
RKC037	RKC020	12.374908	12.374908	1	12.374908	1	0	0	0	0	0.908087725272092	0.9128674662328328
RKF089	RKF157	12.3741984	12.3741984	1	12.3741984	1	0	0	0	0	0.8822468565951598	0.921228860050698
RKF113	RKF147	12.372899	12.372899	1	12.372899	1	0	0	0	0	0.8159484443771834	0.8881237940297378
RKF113	RKF226	12.372899	12.372899	1	12.372899	1	0	0	0	0	0.8159484443771834	0.8836341165046094
RKF067	RKF113	12.335703	12.335703	1	12.335703	1	0	0	0	0	0.7936766171036536	0.8159484443771834
RKF226	RKF032	12.3349965	12.3349965	1	12.3349965	1	0	0	0	0	0.8836341165046094	0.8903181869774129
RKF032	RKF237	12.321097	12.321097	1	12.321097	1	0	0	0	0	0.8903181869774129	0.8981751226463874
RKF003	RKF132	12.318802	12.318802	1	12.318802	1	0	0	0	0	0.81616283909046194	0.9051997023696922
RKF237	RKF157	12.315196	12.315196	1	12.315196	1	0	0	0	0	0.8981751226463874	0.921228860050698
RKF031	RKF237	12.308496	12.308496	1	12.308496	1	0	0	0	0	0.8852357711273379	0.8981751226463874
RKF226	RKF157	12.304801	12.304801	1	12.304801	1	0	0	0	0	0.8836341165046094	0.921228860050698
RKF031	RKF226	12.304801	12.304801	1	12.304801	1	0	0	0	0	0.8852357711273379	0.8836341165046094
HNJ012	RKC016	12.294102	12.294102	1	12.294102	1	0	0	0	0	0.7849116567666755	0.900899196650398
KFJ041	KUP027	12.289	12.289	1	12.289	1	0	0	0	0	0.8680841940650499	0.8822216336877152
KUP027	RKF110	12.286502	12.286502	1	12.286502	1	0	0	0	0	0.8822216336877152	0.9016306609662896
RKF176	RKF136	12.268399	12.268399	1	12.268399	1	0	0	0	0	0.7850377713038982	0.846745614366968
RKF144	RKF188	12.258297	12.258297	1	12.258297	1	0	0	0	0	0.5732410174920863	0.9193497534460796
RKF196	KUP027	12.2456014	12.2456014	1	12.2456014	1	0	0	0	0	0.8742133605740734	0.8822216336877152
RKF195	KUP027	12.2456014	12.2456014	1	12.2456014	1	0	0	0	0	0.8762816389845257	0.8822216336877152
RKF032	RKC002	12.2398995	12.2398995	1	12.2398995	1	0	0	0	0	0.8903181869774129	0.9120729446483296
RKF185	RKF031	12.237704	12.237704	1	12.237704	1	0	0	0	0	0.8066664144375922	0.8852357711273379
RKF185	RKF157	12.237704	12.237704	1	12.237704	1	0	0	0	0	0.8066664144375922	0.921228860050698
RKF039	KFJ007	12.234199	12.234199	1	12.234199	1	0	0	0	0	0.7397122066260577	0.8694336196133329
RKF144	RKF039	12.226802	12.226802	1	12.226802	1	0	0	0	0	0.5732410174920863	0.7397122066260577
KFJ036	RKC020	12.2226	12.2226	1	12.2226	1	0	0	0	0	0.8957537235317115	0.9128674662328328
RKC017	RKF046	12.2208	12.2208	1	12.2208	1	0	0	0	0	0.8847565358858915	0.911997275925996
RKF118	RKC037	12.200302	12.200302	1	12.200302	1	0	0	0	0	0.8588652213940701	0.908087725272092
RKF172	RKC051	12.191808	12.191808	1	12.191808	1	0	0	0	0	0.7945972532253793	0.8862951332400085
RKF172	RKF088	12.178899	12.178899	1	12.178899	1	0	0	0	0	0.7945972532253793	0.8226829606648759
KUP027	RKF046	12.170103	12.170103	1	12.170103	1	0	0	0	0	0.8822216336877152	0.911997275925996
KFJ009	KFJ043	12.143397	12.143397	1	12.143397	1	0	0	0	0	0.722384069211658	0.8834575561524977
RKF181	RKF173	12.121399	12.121399	1	12.121399	1	0	0	0	0	0.834298109543087	0.8339071544776967
RKF195	RKF150	12.1176004	12.1176004	1	12.1176004	1	0	0	0	0	0.8762816389845257	0.8876319473345693
RKF185	RKF032	12.0921016	12.0921016	1	12.0921016	1	0	0	0	0	0.8066664144375922	0.8903181869774129
RKF148	RKF032	12.089503	12.089503	1	12.089503	1	0	0	0	0	0.8562924848347269	0.8903181869774129
RKF142	RKF089	12.086904	12.086904	1	12.086904	1	0	0	0	0	0.8843655808205012	0.8822468565951598
HNJ014	RKF063	12.0808125	12.0808125	1	12.0808125	1	0	0	0	0	0.7933991651217636	0.8649061077270377
KUP002	RKF046	12.072	12.072	1	12.072	1	0	0	0	0	0.869257059261221	0.911997275925996
RKF039	RKC037	12.068194	12.068194	1	12.068194	1	0	0	0	0	0.7397122066260577	0.908087725272092
RKF158	RKC037	12.065402	12.065402	1	12.065402	1	0	0	0	0	0.7125345238545647	0.908087725272092
HNJ010	RKF189	12.06459999084472	12.06459999084472	1	12.06459999084472	1	0	0	0	0	0.8756258433909677	0.8849709305991702
RKF138	HNJ002	12.0579004	12.0579004	1	12.0579004	1	0	0	0	0	0.8750204936122987	0.903421487394852
RKF098	HNJ010	12.0556	12.0556	1	12.0556	1	0	0	0	0	0.8645529870228141	0.8756258433909677
RKF173	RKC051	12.0547056	12.0547056	1	12.0547056	1	0	0	0	0	0.8339071544776967	0.8862951332400085
RKC046	RKC020	12.023902	12.023902	1	12.023902	1	0	0	0	0	0.8943034063536504	0.9128674662328328
KUP027	RKF117	12.021899	12.021899	1	12.021899	1	0	0	0	0	0.8822216336877152	0.9103325640346562
RKF164	RKF173	12.020999	12.020999	1	12.020999	1	0	0	0	0	0.7855926752676781	0.8339071544776967
RKF140	RKF089	12.0002985	12.0002985	1	12.0002985	1	0	0	0	0	0.7660953678130478	0.8822468565951598
HNJ012	RKC012	11.995	11.995	1	0	0	0	0	0	0	0.7849116567666755	0.8967500283757709
RKC015	RKF140	11.993796	11.993796	1	0	0	0	0	0	0	0.7079944005145473	0.7660953678130478
KUP027	KFJ047	11.9905055	11.9905055	1	0	0	0	0	0	0	0.8822216336877152	0.906032058315362
RKF142	KFJ036	11.960602	11.960602	1	0	0	0	0	0	0	0.8843655808205012	0.8957537235317115
KFJ009	KFJ024	11.951101	11.951101	1	0	0	0	0	0	0	0.722384069211658	0.8118118875562786
RKF238	KFJ036	11.943102	11.943102	1	0	0	0	0	0	0	0.8913144918214723	0.8957537235317115
KFJ036	RKC023	11.935699	11.935699	1	0	0	0	0	0	0	0.8957537235317115	0.918340837148298
RKF055	RKF029	11.916998	11.916998	1	0	0	0	0	0	0	0.8272356954586155	0.88162889536276845
RKF055	RKF157	11.916998	11.916998	1	0	0	0	0	0	0	0.8272356954586155	0.921228860050698
RKF143	RKC002	11.910601	11.910601	1	0	0	0	0	0	0	0.8982886257298879	0.9120729446483296
RKF143	RKC038	11.906801	11.906801	1	0	0	0	0	0	0	0.8982886257298879	0.914607846846506
RKF133	RKF155	11.89099550247192	11.89099550247192	1	0	0	0	0	0	0	0.8617406328427478	0.8712748918567843
RKF196	KFJ013	11.8716955	11.8716955	1	0	0	0	0	0	0	0.8742133605740734	0.907621101484368
RKF053	KFJ013	11.8716955	11.8716955	1	0	0	0	0	0	0	0.8665203738034883	0.907621101484368
RKF144	KFJ004	11.867696	11.867696	1	0	0	0	0	0	0	0.5732410174920863	0.8727756548497345
KFJ030	KFJ043	11.854899	11.854899	1	0	0	0	0	0	0	0.821383980931482	0.8834575561524977
RKF049	RKF116	11.8512034	11.8512034	1	0	0	0	0	0	0	0.6234976605753345	0.8661294187380979
RKF121	KFJ013	11.850202	11.850202	1	0	0	0	0	0	0	0.8931431526112015	0.907621101484368
RKF143	RKC028	11.8248016	11.8248016	1	0	0	0	0	0	0	0.8982886257298879	0.9073184265950336
KUP004	RKF029	11.8061006	11.8061006	1	0	0	0	0	0	0	0.8794218909613711	0.88162889536276845
RKF181	RKF194	11.805999	11.805999	1	0	0	0	0	0	0	0.834298109543087	0.903333207218796
HNJ011	RKF099	11.7947996	11.7947996	1	0	0	0	0	0	0	0.678660159156546	0.7340622753584806
KUP004	RKF213	11.782098	11.782098	1	0	0	0	0	0	0	0.8794218909613711	0.8949970363083752
RKF062	RKF014	11.778499	11.778499	1	0	0	0	0	0	0	0.6632363512542091	0.8685255949453293
KFJ005	RKF021	11.773601	11.773601	1	0	0	0	0	0	0	0.7998562294275661	0.8199084408459764
KUP022	KFJ040	11.76280975341796	11.76280975341796	1	0	0	0	0	0	0	0.7754152321138058	0.8897002257450216
RKF053	RKF091	11.762099	11.762099	1	0	0	0	0	0	0	0.8665203738034883	0.8913901605438059
RKF195	RKF091	11.754099	11.754099	1	0	0	0	0	0	0	0.8762816389845257	0.8913901605438059
KUP022	KFJ018	11.754012	11.754012	1	0	0	0	0	0	0	0.7754152321138058	0.9185804547690212
RKF176	RKF043	11.74179911613464	11.74179911613464	1	0	0	0	0	0	0	0.7850377713038982	0.873683679517738
RKF191	RKC045	11.7046	11.7046	1	0	0	0	0	0	0	0.8717793500056752	0.9039511684511874
RKF032	RKC039	11.689702	11.689702	1	0	0	0	0	0	0	0.8903181869774129	0.9075075984008676
RKC039	RKF046	11.689702	11.689702	1	0	0	0	0	0	0	0.9075075984008676	0.911997275925996
RKF133	KUP027	11.682299	11.682299	1	0	0	0	0	0	0	0.8617406328427478	0.8822216336877152
RKF133	RKF150	11.671001	11.671001	1	0	0	0	0	0	0	0.8617406328427478	0.8876319473345693
RKF018	RKC038	11.668098	11.668098	1	0	0	0	0	0	0	0.8558636954081696	0.914607846846506
RKF199	RKF089	11.664808	11.664808	1	0	0	0	0	0	0	0.8234396478882121	0.8822468565951598
RKF105	RKF199	11.658698	11.658698	1	0	0	0	0	0	0	0.7379844374661068	0.8234396478882121
RKF211	RKF081	11.653	11.653	1	0	0	0	0	0	0	0.6366892411688295	0.6682304869282282
KFJ050	RKF018	11.641908	11.641908	1	0	0	0	0	0	0	0.7974600532203348	0.8558636954081696
RKF140	KFJ036	11.639798	11.639798	1	0	0	0	0	0	0	0.7660953678130478	0.8957537235317115
RKF040	RKF089	11.6368055	11.6368055	1	0	0	0	0	0	0	0.6047065945291513	0.8822468565951598
KFJ029	RKC032	11.633795500000002	11.633795500000002	1	0	0	0	0	0	0	0.8771392178376402	0.9009748653727316
RKF034	RKC045	11.6300985	11.6300985	1	0	0	0	0	0	0	0.8514370751516527	0.9039511684511874
RKF036	RKF089	11.629999	11.629999	1	0	0	0	0	0	0	0.7646450506349867	0.8822468565951598
KFJ049	KUP027	11.617905	11.617905	1	0	0	0	0	0	0	0.7891238823099138	0.8822216336877152
RKF062	RKF140	11.6169006	11.6169006	1	0	0	0	0	0	0	0.6632363512542091	0.7660953678130478
KFJ051	KUP027	11.616701	11.616701	1	0	0	0	0	0	0	0.8838611226716103	0.8822216336877152
RKF074	RKC047	11.612511	11.612511	1	0	0	0	0	0	0	0.8252304743167745	0.8680463597038831
RKF154	RKF091	11.610699	11.610699	1	0	0	0	0	0	0	0.7023192463395256	0.8913901605438059
RKF150	RKF192	11.597705	11.597705	1	0	0	0	0	0	0	0.8876319473345693	0.8982507913687211
RKF143	RKC031	11.5942	11.5942	1	0	0	0	0	0	0	0.8982886257298879	0.913119695307278
RKF006	KUP004	11.57341	11.57341	1	0	0	0	0	0	0	0.8183824549455816	0.8794218909613711
RKF040	RKF201	11.5663946	11.5663946	1	0	0	0	0	0	0	0.6047065945291513	0.7008815406151867
RKF074	KFJ032	11.566305	11.566305	1	0	0	0	0	0	0	0.8252304743167745	0.8813388319271562
RKF139	RKF089	11.565399	11.565399	1	0	0	0	0	0	0	0.8723973112380664	0.8822468565951598
RKC033	RKF143	11.561701	11.561701	1	0	0	0	0	0	0	0.5941381963098886	0.8982886257298879
RKF191	RKC037	11.5522	11.5522	1	0	0	0	0	0	0	0.8717793500056752	0.908087725272092
RKF021	KFJ006	11.5518	11.5518	1	0	0	0	0	0	0	0.8199084408459764	0.9008865851966756
RKF089	RKF037	11.551309	11.551309	1	0	0	0	0	0	0	0.8822468565951598	0.8975193270528293
RKF148	RKF139	11.546701	11.546701	1	0	0	0	0	0	0	0.8562924848347269	0.8723973112380664
RKF185	RKF139	11.546701	11.546701	1	0	0	0	0	0	0	0.8066664144375922	0.8723973112380664
KFJ005	RKF159	11.5262985	11.5262985	1	0	0	0	0	0	0	0.7998562294275661	0.8820324618818811
RKF062	RKF043	11.5044	11.5044	1	0	0	0	0	0	0	0.6632363512542091	0.873683679517738
RKF039	KFJ018	11.468804	11.468804	1	0	0	0	0	0	0	0.7397122066260577	0.9185804547690212
RKF142	RKC046	11.461002	11.461002	1	0	0	0	0	0	0	0.8843655808205012	0.8943034063536504
HNJ014	RKC028	11.4548	11.4548	1	0	0	0	0	0	0	0.7933991651217636	0.9073184265950336
RKF072	KFJ038	11.4519954	11.4519954	1	0	0	0	0	0	0	0.8072969871237058	0.8908226451263037
RKF043	RKF129	11.451	11.451	1	0	0	0	0	0	0	0.873683679517738	0.8947195843264854
RKF163	RKC043	11.450499	11.450499	1	0	0	0	0	0	0	0.6917886824814297	0.9098785517006546
RKF034	RKC011	11.449298	11.449298	1	0	0	0	0	0	0	0.8514370751516527	0.8776562874402533
RKF190	KUP027	11.448598	11.448598	1	0	0	0	0	0	0	0.6623535494936501	0.8822216336877152
RKF037	RKC046	11.4386976	11.4386976	1	0	0	0	0	0	0	0.8975193270528293	0.8943034063536504
RKF231	RKC046	11.435002	11.435002	1	0	0	0	0	0	0	0.7193447088645908	0.8943034063536504
RKF010	RKC046	11.4336014	11.4336014	1	0	0	0	0	0	0	0.821850604719206	0.8943034063536504
RKF172	RKF176	11.41780018806457	11.41780018806457	1	0	0	0	0	0	0	0.7945972532253793	0.7850377713038982
HNJ015	RKF037	11.380494	11.380494	1	0	0	0	0	0	0	0.8581715914393452	0.8975193270528293
RKF209	HNJ015	11.380494	11.380494	1	0	0	0	0	0	0	0.8416758099706153	0.8581715914393452
RKF163	RKC011	11.37909889221191	11.37909889221191	1	0	0	0	0	0	0	0.6917886824814297	0.8776562874402533
HNJ015	RKC052	11.378193	11.378193	1	0	0	0	0	0	0	0.8581715914393452	0.8967121940146041
RKF209	HNJ026	11.376691	11.376691	1	0	0	0	0	0	0	0.8416758099706153	0.8908730909411928
RKF089	RKF047	11.3698006	11.3698006	1	0	0	0	0	0	0	0.8822468565951598	0.8884012460116277
RKF042	RKF089	11.358905	11.358905	1	0	0	0	0	0	0	0.8349412936829228	0.8822468565951598
RKF191	RKC040	11.3552004	11.3552004	1	0	0	0	0	0	0	0.8717793500056752	0.8808469852319877
RKF089	RKF046	11.354506	11.354506	1	0	0	0	0	0	0	0.8822468565951598	0.911997275925996
HNJ014	RKF047	11.352402	11.352402	1	0	0	0	0	0	0	0.7933991651217636	0.8884012460116277
RKC050	RKF135	11.343205	11.343205	1	0	0	0	0	0	0	0.8533792390248824	0.8867491455740103
RKF163	RKF150	11.3334954	11.3334954	1	0	0	0	0	0	0	0.6917886824814297	0.8876319473345693
KFJ008	RKF121	11.327195	11.327195	1	0	0	0	0	0	0	0.6727327759070788	0.8931431526112015
KFJ028	RKF036	11.320901	11.320901	1	0	0	0	0	0	0	0.6515833680148311	0.7646450506349867
KFJ028	KFJ009	11.3198996	11.3198996	1	0	0	0	0	0	0	0.6515833680148311	0.722384069211658
RKC027	RKF163	11.31989955902099	11.31989955902099	1	0	0	0	0	0	0	0.6432219741969657	0.6917886824814297
KUP027	KFJ040	11.318499	11.318499	1	0	0	0	0	0	0	0.8822216336877152	0.8897002257450216
RKF198	KFJ043	11.3175035	11.3175035	1	0	0	0	0	0	0	0.872283808154566	0.8834575561524977
KUP027	KFJ022	11.314398	11.314398	1	0	0	0	0	0	0	0.8822216336877152	0.9113036459712712
KFJ007	KUP027	11.313599	11.313599	1	0	0	0	0	0	0	0.8694336196133329	0.8822216336877152
RKF039	KUP004	11.3012075	11.3012075	1	0	0	0	0	0	0	0.7397122066260577	0.8794218909613711
HNJ011	RKC012	11.2775	11.2775	1	0	0	0	0	0	0	0.678660159156546	0.8967500283757709
RKF054	RKC049	11.263698	11.263698	1	0	0	0	0	0	0	0.8851727138587265	0.899272319120225
RKF044	KFJ004	11.252892	11.252892	1	0	0	0	0	0	0	0.8493814081949226	0.8727756548497345
RKC006	RKF195	11.2430096	11.2430096	1	0	0	0	0	0	0	0.8166546857856305	0.8762816389845257
RKF034	RKF238	11.225802	11.225802	1	0	0	0	0	0	0	0.8514370751516527	0.8913144918214723
RKF176	RKF173	11.21129989624023	11.21129989624023	1	0	0	0	0	0	0	0.7850377713038982	0.8339071544776967
RKF074	RKC035	11.202812	11.202812	1	0	0	0	0	0	0	0.8252304743167745	0.8932692671484243
HNJ014	RKF135	11.1894995	11.1894995	1	0	0	0	0	0	0	0.7933991651217636	0.8867491455740103
RKF190	KUP003	11.170602	11.170602	1	0	0	0	0	0	0	0.6623535494936501	0.7313382013544701
HNJ026	RKF037	11.169398	11.169398	1	0	0	0	0	0	0	0.8908730909411928	0.8975193270528293
RKC010	KFJ022	11.1673	11.1673	1	0	0	0	0	0	0	0.901882890040735	0.9113036459712712
KFJ017	RKC010	11.155093	11.155093	1	0	0	0	0	0	0	0.8991462045830023	0.901882890040735
RKF039	KFJ011	11.1518025	11.1518025	1	0	0	0	0	0	0	0.7397122066260577	0.9180633851664082
HNJ014	RKC038	11.147201	11.147201	1	0	0	0	0	0	0	0.7933991651217636	0.914607846846506
KUP027	KFJ015	11.140299	11.140299	1	0	0	0	0	0	0	0.8822216336877152	0.9219603243665896
KFJ040	KFJ036	11.139095	11.139095	1	0	0	0	0	0	0	0.8897002257450216	0.8957537235317115
KUP004	KFJ029	11.1386	11.1386	1	0	0	0	0	0	0	0.8794218909613711	0.8771392178376402
RKF099	RKF104	11.115205	11.115205	1	0	0	0	0	0	0	0.7340622753584806	0.8757141235670236
RKC010	KFJ018	11.115193	11.115193	1	0	0	0	0	0	0	0.901882890040735	0.9185804547690212
RKF003	KFJ012	11.1083984	11.1083984	1	0	0	0	0	0	0	0.81616283909046194	0.871350560579118
RKF105	RKF181	11.1072004	11.1072004	1	0	0	0	0	0	0	0.7379844374661068	0.834298109543087
RKF039	KFJ053	11.1001015	11.1001015	1	0	0	0	0	0	0	0.7397122066260577	0.8915036636273063
RKF062	RKF179	11.0964	11.0964	1	0	0	0	0	0	0	0.6632363512542091	0.8119758364546681
RKF207	RKC007	11.091709	11.091709	1	0	0	0	0	0	0	0.7671925642868853	0.8689669958256088
KFJ010	RKC012	11.08430027961731	11.08430027961731	1	0	0	0	0	0	0	0.8489778416758099	0.8967500283757709
RKF043	KFJ015	11.075401	11.075401	1	0	0	0	0	0	0	0.873683679517738	0.9219603243665896
KFJ008	RKF043	11.073798	11.073798	1	0	0	0	0	0	0	0.6727327759070788	0.873683679517738
KFJ008	RKF003	11.073601	11.073601	1	0	0	0	0	0	0	0.6727327759070788	0.81616283909046194
RKF185	RKF043	11.0717	11.0717	1	0	0	0	0	0	0	0.8066664144375922	0.873683679517738
RKC024	KFJ010	11.063501	11.063501	1	0	0	0	0	0	0	0.820501179170923	0.8489778416758099
RKC033	RKF074	11.0560894	11.0560894	1	0	0	0	0	0	0	0.5941381963098886	0.8252304743167745
HNJ012	RKF098	11.0517	11.0517	1	0	0	0	0	0	0	0.7849116567666755	0.8645529870228141
KFJ028	RKF153	11.0515	11.0515	1	0	0	0	0	0	0	0.6515833680148311	0.8666212654332665
RKC047	RKF032	11.044499	11.044499	1	0	0	0	0	0	0	0.8680463597038831	0.8903181869774129
RKF044	KFJ047	11.03930473327636	11.03930473327636	1	0	0	0	0	0	0	0.8493814081949226	0.906032058315362
HNJ014	RKC043	11.022499	11.022499	1	0	0	0	0	0	0	0.7933991651217636	0.9098785517006546
KFJ020	KFJ008	11.017609	11.017609	1	0	0	0	0	0	0	0.6489601856405988	0.6727327759070788
RKF199	RKC043	11.0018015	11.0018015	1	0	0	0	0	0	0	0.8234396478882121	0.9098785517006546
KFJ024	RKF117	10.996306	10.996306	1	0	0	0	0	0	0	0.8118118875562786	0.9103325640346562
RKF144	RKF191	10.994196	10.994196	1	0	0	0	0	0	0	0.5732410174920863	0.8717793500056752
KFJ008	KFJ024	10.9923005	10.9923005	1	0	0	0	0	0	0	0.6727327759070788	0.8118118875562786
KFJ028	KFJ012	10.9907985	10.9907985	1	0	0	0	0	0	0	0.6515833680148311	0.871350560579118
RKF198	RKC040	10.980001	10.980001	1	0	0	0	0	0	0	0.872283808154566	0.8808469852319877
RKF028	RKF089	10.952902	10.952902	1	0	0	0	0	0	0	0.8328225694575814	0.8822468565951598
HNJ011	HNJ010	10.943103	10.943103	1	0	0	0	0	0	0	0.678660159156546	0.8756258433909677
RKF190	KFJ036	10.938698	10.938698	1	0	0	0	0	0	0	0.6623535494936501	0.8957537235317115
HNJ012	RKF117	10.93699932098388	10.93699932098388	1	0	0	0	0	0	0	0.7849116567666755	0.9103325640346562
RKC036	RKF074	10.934496	10.934496	1	0	0	0	0	0	0	0.7723002030444049	0.8252304743167745
HNJ010	RKF117	10.934198	10.934198	1	0	0	0	0	0	0	0.8756258433909677	0.9103325640346562
KUP003	KFJ032	10.9331004	10.9331004	1	0	0	0	0	0	0	0.7313382013544701	0.8813388319271562
RKF153	RKF046	10.930103	10.930103	1	0	0	0	0	0	0	0.8666212654332665	0.911997275925996
RKF162	RKC010	10.930002	10.930002	1	0	0	0	0	0	0	0.8697615174101119	0.901882890040735
RKF153	RKF032	10.927802	10.927802	1	0	0	0	0	0	0	0.8666212654332665	0.8903181869774129
RKF177	RKF031	10.9146	10.9146	1	0	0	0	0	0	0	0.842684726268397	0.8852357711273379
RKF150	RKF117	10.9144986	10.9144986	1	0	0	0	0	0	0	0.8876319473345693	0.9103325640346562
KFJ039	KUP004	10.90950369834899	10.90950369834899	1	0	0	0	0	0	0	0.7446432850314656	0.8794218909613711
KFJ028	RKF164	10.908	10.908	1	0	0	0	0	0	0	0.6515833680148311	0.7855926752676781
RKF164	RKF053	10.907701	10.907701	1	0	0	0	0	0	0	0.7855926752676781	0.8665203738034883
RKF011	RKF201	10.903096	10.903096	1	0	0	0	0	0	0	0.707653891264046	0.7008815406151867
RKF164	HNJ012	10.9029	10.9029	1	0	0	0	0	0	0	0.7855926752676781	0.7849116567666755
RKF139	RKF237	10.899097	10.899097	1	0	0	0	0	0	0	0.8723973112380664	0.8981751226463874
RKF074	RKF226	10.895598	10.895598	1	0	0	0	0	0	0	0.8252304743167745	0.8836341165046094
RKF164	RKF074	10.892403	10.892403	1	0	0	0	0	0	0	0.7855926752676781	0.8252304743167745
RKF190	RKC040	10.888201	10.888201	1	0	0	0	0	0	0	0.6623535494936501	0.8808469852319877
RKF148	RKC020	10.887401	10.887401	1	0	0	0	0	0	0	0.8562924848347269	0.9128674662328328
RKC037	RKF117	10.881102	10.881102	1	0	0	0	0	0	0	0.908087725272092	0.9103325640346562
RKF039	KFJ012	10.864502	10.864502	1	0	0	0	0	0	0	0.7397122066260577	0.871350560579118
RKF039	KFJ040	10.864502	10.864502	1	0	0	0	0	0	0	0.7397122066260577	0.8897002257450216
RKF039	KFJ022	10.864103	10.864103	1	0	0	0	0	0	0	0.7397122066260577	0.9113036459712712
RKF039	KFJ017	10.864103	10.864103	1	0	0	0	0	0	0	0.7397122066260577	0.8991462045830023
RKF040	RKF148	10.8613014	10.8613014	1	0	0	0	0	0	0	0.6047065945291513	0.8562924848347269
RKF023	RKC002	10.829401	10.829401	1	0	0	0	0	0	0	0.8495075227321454	0.9120729446483296
RKF163	RKF074	10.8242035	10.8242035	1	0	0	0	0	0	0	0.6917886824814297	0.8252304743167745
RKF011	RKF036	10.809201	10.809201	1	0	0	0	0	0	0	0.707653891264046	0.7646450506349867
KFJ009	RKF039	10.8076036	10.8076036	1	0	0	0	0	0	0	0.722384069211658	0.7397122066260577
KFJ040	RKC010	10.8052015	10.8052015	1	0	0	0	0	0	0	0.8897002257450216	0.901882890040735
KFJ010	RKC010	10.804999	10.804999	1	0	0	0	0	0	0	0.8489778416758099	0.901882890040735
RKF196	RKF091	10.8014	10.8014	1	0	0	0	0	0	0	0.8742133605740734	0.8913901605438059
KUP022	KFJ032	10.78720092773437	10.78720092773437	1	0	0	0	0	0	0	0.7754152321138058	0.8813388319271562
RKF003	KFJ022	10.7871056	10.7871056	1	0	0	0	0	0	0	0.81616283909046194	0.9113036459712712
RKF028	RKF210	10.783005	10.783005	1	0	0	0	0	0	0	0.8328225694575814	0.8723720883306219
HNJ002	RKC037	10.782698	10.782698	1	0	0	0	0	0	0	0.903421487394852	0.908087725272092
RKF156	RKC046	10.772896	10.772896	1	0	0	0	0	0	0	0.6884592586987502	0.8943034063536504
RKF163	RKF194	10.768002	10.768002	1	0	0	0	0	0	0	0.6917886824814297	0.903333207218796
RKF042	HNJ015	10.760903	10.760903	1	0	0	0	0	0	0	0.8349412936829228	0.8581715914393452
HNJ015	RKF016	10.757303	10.757303	1	0	0	0	0	0	0	0.8581715914393452	0.8520802592914886
KFJ023	KFJ052	10.750002	10.750002	1	0	0	0	0	0	0	0.8580328654484002	0.8787030380992017
RKF023	RKC031	10.7466996	10.7466996	1	0	0	0	0	0	0	0.8495075227321454	0.913119695307278
RKF105	RKC037	10.746598	10.746598	1	0	0	0	0	0	0	0.7379844374661068	0.908087725272092
KFJ005	KFJ047	10.744703	10.744703	1	0	0	0	0	0	0	0.7998562294275661	0.906032058315362
HNJ016	KFJ053	10.742	10.742	1	0	0	0	0	0	0	0.5541598880102909	0.8915036636273063
RKF175	KFJ030	10.735905	10.735905	1	0	0	0	0	0	0	0.810197621479828	0.821383980931482
RKF017	RKF029	10.733098	10.733098	1	0	0	0	0	0	0	0.7524245519781065	0.88162889536276845
RKF017	RKF141	10.722995	10.722995	1	0	0	0	0	0	0	0.7524245519781065	0.8961572900508241
RKF017	RKF031	10.7178986	10.7178986	1	0	0	0	0	0	0	0.7524245519781065	0.8852357711273379
RKC006	KUP005	10.712397	10.712397	1	0	0	0	0	0	0	0.8166546857856305	0.8391030734112721
RKF017	RKF213	10.712296	10.712296	1	0	0	0	0	0	0	0.7524245519781065	0.8949970363083752
RKF038	HNJ015	10.700393	10.700393	1	0	0	0	0	0	0	0.7456143669680804	0.8581715914393452
RKF176	RKF226	10.6941015	10.6941015	1	0	0	0	0	0	0	0.7850377713038982	0.8836341165046094
KFJ010	RKF014	10.692799	10.692799	1	0	0	0	0	0	0	0.8489778416758099	0.8685255949453293
RKF038	HNJ026	10.691106	10.691106	1	0	0	0	0	0	0	0.7456143669680804	0.8908730909411928
KUP005	RKC007	10.689703	10.689703	1	0	0	0	0	0	0	0.8391030734112721	0.8689669958256088
RKF010	HNJ015	10.689092	10.689092	1	0	0	0	0	0	0	0.821850604719206	0.8581715914393452
RKF010	HNJ026	10.68759	10.68759	1	0	0	0	0	0	0	0.821850604719206	0.8908730909411928
RKF199	RKF117	10.680902	10.680902	1	0	0	0	0	0	0	0.8234396478882121	0.9103325640346562
HNJ013	RKC027	10.677004	10.677004	1	0	0	0	0	0	0	0.574439105595702	0.6432219741969657
RKC007	RKF157	10.6763005	10.6763005	1	0	0	0	0	0	0	0.8689669958256088	0.921228860050698
RKF017	RKF034	10.6753945	10.6753945	1	0	0	0	0	0	0	0.7524245519781065	0.8514370751516527
KFJ023	RKF196	10.674703	10.674703	1	0	0	0	0	0	0	0.8580328654484002	0.8742133605740734
HNJ014	KFJ047	10.664798	10.664798	1	0	0	0	0	0	0	0.7933991651217636	0.906032058315362
KFJ023	RKF053	10.6601	10.6601	1	0	0	0	0	0	0	0.8580328654484002	0.8665203738034883
RKF158	RKF017	10.658002	10.658002	1	0	0	0	0	0	0	0.7125345238545647	0.7524245519781065
RKC047	RKF046	10.657999	10.657999	1	0	0	0	0	0	0	0.8680463597038831	0.911997275925996
RKF099	RKF129	10.65469980239868	10.65469980239868	1	0	0	0	0	0	0	0.7340622753584806	0.8947195843264854
KFJ023	RKF121	10.6516	10.6516	1	0	0	0	0	0	0	0.8580328654484002	0.8931431526112015
RKF158	RKC023	10.6267005	10.6267005	1	0	0	0	0	0	0	0.7125345238545647	0.918340837148298
RKF195	RKF237	10.6163025	10.6163025	1	0	0	0	0	0	0	0.8762816389845257	0.8981751226463874
RKF185	RKC050	10.6130004	10.6130004	1	0	0	0	0	0	0	0.8066664144375922	0.8533792390248824
RKF113	RKF237	10.612899	10.612899	1	0	0	0	0	0	0	0.8159484443771834	0.8981751226463874
RKF164	RKF110	10.612202	10.612202	1	0	0	0	0	0	0	0.7855926752676781	0.9016306609662896
RKF098	RKF110	10.605699	10.605699	1	0	0	0	0	0	0	0.8645529870228141	0.9016306609662896
RKF052	RKC035	10.591596	10.591596	1	0	0	0	0	0	0	0.8246377359918278	0.8932692671484243
KFJ004	KUP027	10.580298	10.580298	1	0	0	0	0	0	0	0.8727756548497345	0.8822216336877152
RKF018	RKF047	10.569501	10.569501	1	0	0	0	0	0	0	0.8558636954081696	0.8884012460116277
RKF015	RKF213	10.564995	10.564995	1	0	0	0	0	0	0	0.8858663438134514	0.8949970363083752
KFJ032	KFJ040	10.552001	10.552001	1	0	0	0	0	0	0	0.8813388319271562	0.8897002257450216
KFJ010	KFJ032	10.543901	10.543901	1	0	0	0	0	0	0	0.8489778416758099	0.8813388319271562
RKF209	KFJ051	10.539305	10.539305	1	0	0	0	0	0	0	0.8416758099706153	0.8838611226716103
RKC011	RKF143	10.5342	10.5342	1	0	0	0	0	0	0	0.8776562874402533	0.8982886257298879
RKF181	RKC032	10.522701	10.522701	1	0	0	0	0	0	0	0.834298109543087	0.9009748653727316
KFJ039	KFJ005	10.522199	10.522199	1	0	0	0	0	0	0	0.7446432850314656	0.7998562294275661
KFJ028	RKF044	10.521597	10.521597	1	0	0	0	0	0	0	0.6515833680148311	0.8493814081949226
KUP022	KFJ049	10.5164886	10.5164886	1	0	0	0	0	0	0	0.7754152321138058	0.7891238823099138
RKC036	RKF052	10.512805	10.512805	1	0	0	0	0	0	0	0.7723002030444049	0.8246377359918278
RKF018	RKF210	10.507703	10.507703	1	0	0	0	0	0	0	0.8558636954081696	0.8723720883306219
KFJ041	KFJ025	10.500395	10.500395	1	0	0	0	0	0	0	0.8680841940650499	0.9016054380588452
KFJ051	RKF238	10.4990005	10.4990005	1	0	0	0	0	0	0	0.8838611226716103	0.8913144918214723
RKF238	KFJ047	10.4969025	10.4969025	1	0	0	0	0	0	0	0.8913144918214723	0.906032058315362
RKF135	HNJ026	10.4937	10.4937	1	0	0	0	0	0	0	0.8867491455740103	0.8908730909411928
RKF140	KFJ049	10.483098	10.483098	1	0	0	0	0	0	0	0.7660953678130478	0.7891238823099138
RKF213	RKC037	10.480499	10.480499	1	0	0	0	0	0	0	0.8949970363083752	0.908087725272092
RKF106	RKF134	10.473096	10.473096	1	0	0	0	0	0	0	0.6425283442422408	0.9152258080788972
RKF011	RKF067	10.468805	10.468805	1	0	0	0	0	0	0	0.707653891264046	0.7936766171036536
RKC040	RKF138	10.459697	10.459697	1	0	0	0	0	0	0	0.8808469852319877	0.8750204936122987
KFJ051	RKF091	10.4536	10.4536	1	0	0	0	0	0	0	0.8838611226716103	0.8913901605438059
RKF018	RKF213	10.447693	10.447693	1	0	0	0	0	0	0	0.8558636954081696	0.8949970363083752
RKF018	RKF029	10.447693	10.447693	1	0	0	0	0	0	0	0.8558636954081696	0.88162889536276845
RKF140	KFJ047	10.4423046	10.4423046	1	0	0	0	0	0	0	0.7660953678130478	0.906032058315362
RKF023	RKC045	10.437399	10.437399	1	0	0	0	0	0	0	0.8495075227321454	0.9039511684511874
RKF023	RKC039	10.437399	10.437399	1	0	0	0	0	0	0	0.8495075227321454	0.9075075984008676
RKF023	RKC038	10.437399	10.437399	1	0	0	0	0	0	0	0.8495075227321454	0.914607846846506
RKF088	RKF117	10.435799	10.435799	1	0	0	0	0	0	0	0.8226829606648759	0.9103325640346562
RKC030	RKF023	10.435796	10.435796	1	0	0	0	0	0	0	0.7986707527776726	0.8495075227321454
RKF023	RKC043	10.424	10.424	1	0	0	0	0	0	0	0.8495075227321454	0.9098785517006546
RKF023	RKC047	10.424	10.424	1	0	0	0	0	0	0	0.8495075227321454	0.8680463597038831
RKC033	RKF176	10.4213	10.4213	1	0	0	0	0	0	0	0.5941381963098886	0.7850377713038982
RKC016	RKC043	10.4211986	10.4211986	1	0	0	0	0	0	0	0.900899196650398	0.9098785517006546
RKF201	RKF099	10.4209065	10.4209065	1	0	0	0	0	0	0	0.7008815406151867	0.7340622753584806
HNJ014	RKF210	10.4179144	10.4179144	1	0	0	0	0	0	0	0.7933991651217636	0.8723720883306219
KFJ034	RKF117	10.413301	10.413301	1	0	0	0	0	0	0	0.7307580744832457	0.9103325640346562
RKF018	RKF157	10.409105	10.409105	1	0	0	0	0	0	0	0.8558636954081696	0.921228860050698
RKF018	RKF141	10.409105	10.409105	1	0	0	0	0	0	0	0.8558636954081696	0.8961572900508241
KFJ048	RKF091	10.3811026	10.3811026	1	0	0	0	0	0	0	0.8704929817260035	0.8913901605438059
KFJ028	RKF163	10.3776	10.3776	1	0	0	0	0	0	0	0.6515833680148311	0.6917886824814297
KFJ028	RKF143	10.364103	10.364103	1	0	0	0	0	0	0	0.6515833680148311	0.8982886257298879
RKF209	KFJ047	10.355401	10.355401	1	0	0	0	0	0	0	0.8416758099706153	0.906032058315362
RKF031	RKC037	10.354102	10.354102	1	0	0	0	0	0	0	0.8852357711273379	0.908087725272092
RKF007	RKC046	10.3535	10.3535	1	0	0	0	0	0	0	0.6250362579294515	0.8943034063536504
RKF118	RKC051	10.3529006	10.3529006	1	0	0	0	0	0	0	0.8588652213940701	0.8862951332400085
RKF039	KFJ029	10.3514075	10.3514075	1	0	0	0	0	0	0	0.7397122066260577	0.8771392178376402
RKF163	RKF038	10.3477955	10.3477955	1	0	0	0	0	0	0	0.6917886824814297	0.7456143669680804
KFJ007	RKC010	10.347593	10.347593	1	0	0	0	0	0	0	0.8694336196133329	0.901882890040735
KFJ034	RKC010	10.347593	10.347593	1	0	0	0	0	0	0	0.7307580744832457	0.901882890040735
RKF163	RKF118	10.3462994	10.3462994	1	0	0	0	0	0	0	0.6917886824814297	0.8588652213940701
HNJ012	RKF015	10.3425026	10.3425026	1	0	0	0	0	0	0	0.7849116567666755	0.8858663438134514
RKF231	HNJ012	10.3383064	10.3383064	1	0	0	0	0	0	0	0.7193447088645908	0.7849116567666755
RKF081	RKF191	10.337204	10.337204	1	0	0	0	0	0	0	0.6682304869282282	0.8717793500056752
KUP003	KFJ043	10.329807	10.329807	1	0	0	0	0	0	0	0.7313382013544701	0.8834575561524977
RKF099	RKF067	10.3083014	10.3083014	1	0	0	0	0	0	0	0.7340622753584806	0.7936766171036536
RKF067	RKF179	10.305804	10.305804	1	0	0	0	0	0	0	0.7936766171036536	0.8119758364546681
RKF206	RKF101	10.3043914	10.3043914	1	0	0	0	0	0	0	0.5207647585537185	0.8486121095178641
RKF074	KUP004	10.292101	10.292101	1	0	0	0	0	0	0	0.8252304743167745	0.8794218909613711
RKC033	RKF062	10.2884054	10.2884054	1	0	0	0	0	0	0	0.5941381963098886	0.6632363512542091
RKF196	KFJ017	10.285199	10.285199	1	0	0	0	0	0	0	0.8742133605740734	0.8991462045830023
RKF196	KFJ040	10.285199	10.285199	1	0	0	0	0	0	0	0.8742133605740734	0.8897002257450216
RKF196	KFJ022	10.271996	10.271996	1	0	0	0	0	0	0	0.8742133605740734	0.9113036459712712
RKF163	RKF053	10.263699	10.263699	1	0	0	0	0	0	0	0.6917886824814297	0.8665203738034883
RKF133	KFJ015	10.261598	10.261598	1	0	0	0	0	0	0	0.8617406328427478	0.9219603243665896
KFJ020	RKF138	10.256904	10.256904	1	0	0	0	0	0	0	0.6489601856405988	0.8750204936122987
RKF116	RKF138	10.2531016	10.2531016	1	0	0	0	0	0	0	0.8661294187380979	0.8750204936122987
HNJ026	RKC052	10.247898	10.247898	1	0	0	0	0	0	0	0.8908730909411928	0.8967121940146041
RKF011	RKF129	10.244608	10.244608	1	0	0	0	0	0	0	0.707653891264046	0.8947195843264854
KUP022	RKF142	10.242605	10.242605	1	0	0	0	0	0	0	0.7754152321138058	0.8843655808205012
KUP003	RKF124	10.2423071861267	10.2423071861267	1	0	0	0	0	0	0	0.7313382013544701	0.880720870694765
RKF118	RKC052	10.240200000000002	10.240200000000002	1	0	0	0	0	0	0	0.8588652213940701	0.8967121940146041
RKF020	RKF133	10.238099	10.238099	1	0	0	0	0	0	0	0.8534044619323269	0.8617406328427478
RKF016	RKF117	10.233301	10.233301	1	0	0	0	0	0	0	0.8520802592914886	0.9103325640346562
RKF003	KFJ040	10.227597	10.227597	1	0	0	0	0	0	0	0.81616283909046194	0.8897002257450216
RKF074	RKC032	10.218215	10.218215	1	0	0	0	0	0	0	0.8252304743167745	0.9009748653727316
KFJ041	KFJ036	10.217607	10.217607	1	0	0	0	0	0	0	0.8680841940650499	0.8957537235317115
RKF081	RKF099	10.214901	10.214901	1	0	0	0	0	0	0	0.6682304869282282	0.7340622753584806
RKF201	RKF061	10.2126956	10.2126956	1	0	0	0	0	0	0	0.7008815406151867	0.7619840338995876
KUP027	KFJ018	10.201204	10.201204	1	0	0	0	0	0	0	0.8822216336877152	0.9185804547690212
RKF018	RKF160	10.1915	10.1915	1	0	0	0	0	0	0	0.8558636954081696	0.8971157605337167
KFJ043	RKC010	10.190201	10.190201	1	0	0	0	0	0	0	0.8834575561524977	0.901882890040735
RKC045	RKC016	10.186303	10.186303	1	0	0	0	0	0	0	0.9039511684511874	0.900899196650398
RKF099	RKF098	10.183692	10.183692	1	0	0	0	0	0	0	0.7340622753584806	0.8645529870228141
RKF010	RKF133	10.170603	10.170603	1	0	0	0	0	0	0	0.821850604719206	0.8617406328427478
RKF064	RKF121	10.16389727592468	10.16389727592468	1	0	0	0	0	0	0	0.6012006103943601	0.8931431526112015
HNJ014	RKC016	10.162398	10.162398	1	0	0	0	0	0	0	0.7933991651217636	0.900899196650398
RKF181	RKC035	10.160901	10.160901	1	0	0	0	0	0	0	0.834298109543087	0.8932692671484243
RKF032	RKC037	10.160202	10.160202	1	0	0	0	0	0	0	0.8903181869774129	0.908087725272092
RKF042	RKF117	10.146201	10.146201	1	0	0	0	0	0	0	0.8349412936829228	0.9103325640346562
HNJ015	RKF047	10.144901	10.144901	1	0	0	0	0	0	0	0.8581715914393452	0.8884012460116277
KFJ041	KFJ022	10.1381004	10.1381004	1	0	0	0	0	0	0	0.8680841940650499	0.9113036459712712
KFJ041	KFJ017	10.1381004	10.1381004	1	0	0	0	0	0	0	0.8680841940650499	0.8991462045830023
RKF142	RKF117	10.133803	10.133803	1	0	0	0	0	0	0	0.8843655808205012	0.9103325640346562
RKF199	RKC046	10.131097	10.131097	1	0	0	0	0	0	0	0.8234396478882121	0.8943034063536504
KFJ009	RKC024	10.128999	10.128999	1	0	0	0	0	0	0	0.722384069211658	0.820501179170923
RKC007	RKF046	10.1285934	10.1285934	1	0	0	0	0	0	0	0.8689669958256088	0.911997275925996
HNJ026	RKF047	10.1184964	10.1184964	1	0	0	0	0	0	0	0.8908730909411928	0.8884012460116277
RKC020	RKF117	10.111499	10.111499	1	0	0	0	0	0	0	0.9128674662328328	0.9103325640346562
RKF136	RKF121	10.10890007019043	10.10890007019043	1	0	0	0	0	0	0	0.846745614366968	0.8931431526112015
RKC007	RKF117	10.107201	10.107201	1	0	0	0	0	0	0	0.8689669958256088	0.9103325640346562
RKF181	RKF191	10.097295	10.097295	1	0	0	0	0	0	0	0.834298109543087	0.8717793500056752
KUP005	RKC009	10.096201	10.096201	1	0	0	0	0	0	0	0.8391030734112721	0.8899776777269116
KUP022	KFJ025	10.0942016	10.0942016	1	0	0	0	0	0	0	0.7754152321138058	0.9016054380588452
RKF017	RKF088	10.0808024	10.0808024	1	0	0	0	0	0	0	0.7524245519781065	0.8226829606648759
RKC009	RKF046	10.0721	10.0721	1	0	0	0	0	0	0	0.8899776777269116	0.911997275925996
KFJ008	HNJ012	10.065001	10.065001	1	0	0	0	0	0	0	0.6727327759070788	0.7849116567666755
RKF032	RKC009	10.0511074	10.0511074	1	0	0	0	0	0	0	0.8903181869774129	0.8899776777269116
RKF043	RKF162	10.0446045	10.0446045	1	0	0	0	0	0	0	0.873683679517738	0.8697615174101119
KFJ052	KFJ043	10.0419044	10.0419044	1	0	0	0	0	0	0	0.8787030380992017	0.8834575561524977
RKC012	RKF141	10.033095	10.033095	1	0	0	0	0	0	0	0.8967500283757709	0.8961572900508241
KUP005	RKC017	10.029501	10.029501	1	0	0	0	0	0	0	0.8391030734112721	0.8847565358858915
RKF176	RKF179	10.016	10.016	1	0	0	0	0	0	0	0.7850377713038982	0.8119758364546681
RKF199	KFJ029	10.01569	10.01569	1	0	0	0	0	0	0	0.8234396478882121	0.8771392178376402
RKF062	RKF163	10.004389	10.004389	1	0	0	0	0	0	0	0.6632363512542091	0.6917886824814297
RKC024	KFJ040	9.996098	9.996098	1	0	0	0	0	0	0	0.820501179170923	0.8897002257450216
RKC024	KFJ022	9.9952996	9.9952996	1	0	0	0	0	0	0	0.820501179170923	0.9113036459712712
RKC024	KFJ017	9.9952996	9.9952996	1	0	0	0	0	0	0	0.820501179170923	0.8991462045830023
RKF237	RKF110	9.9938035	9.9938035	1	0	0	0	0	0	0	0.8981751226463874	0.9016306609662896
RKF081	RKC006	9.9905014	9.9905014	1	0	0	0	0	0	0	0.6682304869282282	0.8166546857856305
RKF181	RKF196	9.9866	9.9866	1	0	0	0	0	0	0	0.834298109543087	0.8742133605740734
KUP005	KFJ032	9.986001	9.986001	1	0	0	0	0	0	0	0.8391030734112721	0.8813388319271562
HNJ015	KFJ047	9.9847004	9.9847004	1	0	0	0	0	0	0	0.8581715914393452	0.906032058315362
KFJ049	HNJ015	9.9818006	9.9818006	1	0	0	0	0	0	0	0.7891238823099138	0.8581715914393452
HNJ016	RKF164	9.9664	9.9664	1	0	0	0	0	0	0	0.5541598880102909	0.7855926752676781
RKF034	RKF053	9.9658966	9.9658966	1	0	0	0	0	0	0	0.8514370751516527	0.8665203738034883
RKC047	RKC032	9.964585	9.964585	1	0	0	0	0	0	0	0.8680463597038831	0.9009748653727316
RKF010	RKF238	9.963399	9.963399	1	0	0	0	0	0	0	0.821850604719206	0.8913144918214723
RKF144	RKF132	9.960401	9.960401	1	0	0	0	0	0	0	0.5732410174920863	0.9051997023696922
RKF044	KUP002	9.947109	9.947109	1	0	0	0	0	0	0	0.8493814081949226	0.869257059261221
KFJ007	RKF135	9.9466026	9.9466026	1	0	0	0	0	0	0	0.8694336196133329	0.8867491455740103
RKF062	RKF055	9.93489	9.93489	1	0	0	0	0	0	0	0.6632363512542091	0.8272356954586155
RKF121	RKF091	9.9341	9.9341	1	0	0	0	0	0	0	0.8931431526112015	0.8913901605438059
RKF113	RKF192	9.930599	9.930599	1	0	0	0	0	0	0	0.8159484443771834	0.8982507913687211
RKF023	KFJ004	9.9267006	9.9267006	1	0	0	0	0	0	0	0.8495075227321454	0.8727756548497345
KUP022	KFJ048	9.92589	9.92589	1	0	0	0	0	0	0	0.7754152321138058	0.8704929817260035
HNJ011	RKF163	9.9171	9.9171	1	0	0	0	0	0	0	0.678660159156546	0.6917886824814297
HNJ013	RKF105	9.907603	9.907603	1	0	0	0	0	0	0	0.574439105595702	0.7379844374661068
KFJ028	KFJ032	9.9044085	9.9044085	1	0	0	0	0	0	0	0.6515833680148311	0.8813388319271562
RKF013	RKC011	9.89480018615722	9.89480018615722	1	0	0	0	0	0	0	0.7564223828080663	0.8776562874402533
RKF028	RKC020	9.885603	9.885603	1	0	0	0	0	0	0	0.8328225694575814	0.9128674662328328
RKF064	RKF007	9.878999	9.878999	1	0	0	0	0	0	0	0.6012006103943601	0.6250362579294515
KUP005	RKC020	9.8748	9.8748	1	0	0	0	0	0	0	0.8391030734112721	0.9128674662328328
KFJ047	KFJ011	9.864199	9.864199	1	0	0	0	0	0	0	0.906032058315362	0.9180633851664082
KUP022	KFJ023	9.839702	9.839702	1	0	0	0	0	0	0	0.7754152321138058	0.8580328654484002
RKF017	RKF118	9.8336995	9.8336995	1	0	0	0	0	0	0	0.7524245519781065	0.8588652213940701
RKF067	HNJ010	9.8334014	9.8334014	1	0	0	0	0	0	0	0.7936766171036536	0.8756258433909677
KUP017	RKF046	9.8324	9.8324	1	0	0	0	0	0	0	0.8511470117160405	0.911997275925996
RKF042	RKF238	9.8279	9.8279	1	0	0	0	0	0	0	0.8349412936829228	0.8913144918214723
RKF238	RKF037	9.825301	9.825301	1	0	0	0	0	0	0	0.8913144918214723	0.8975193270528293
RKF201	KFJ043	9.825015	9.825015	1	0	0	0	0	0	0	0.7008815406151867	0.8834575561524977
RKF231	RKF238	9.8234	9.8234	1	0	0	0	0	0	0	0.7193447088645908	0.8913144918214723
RKF173	KUP002	9.819698	9.819698	1	0	0	0	0	0	0	0.8339071544776967	0.869257059261221
HNJ013	RKC047	9.797406	9.797406	1	0	0	0	0	0	0	0.574439105595702	0.8680463597038831
RKC050	RKC016	9.791696	9.791696	1	0	0	0	0	0	0	0.8533792390248824	0.900899196650398
HNJ014	RKF098	9.7886994	9.7886994	1	0	0	0	0	0	0	0.7933991651217636	0.8645529870228141
RKF061	RKF179	9.786093	9.786093	1	0	0	0	0	0	0	0.7619840338995876	0.8119758364546681
KFJ024	RKF153	9.7728014	9.7728014	1	0	0	0	0	0	0	0.8118118875562786	0.8666212654332665
RKF036	KFJ024	9.770703	9.770703	1	0	0	0	0	0	0	0.7646450506349867	0.8118118875562786
RKC024	RKF063	9.7576	9.7576	1	0	0	0	0	0	0	0.820501179170923	0.8649061077270377
RKF105	RKF016	9.7449005	9.7449005	1	0	0	0	0	0	0	0.7379844374661068	0.8520802592914886
RKF105	RKF042	9.7449005	9.7449005	1	0	0	0	0	0	0	0.7379844374661068	0.8349412936829228
RKF105	RKF142	9.738797	9.738797	1	0	0	0	0	0	0	0.7379844374661068	0.8843655808205012
RKF105	RKF209	9.7380996	9.7380996	1	0	0	0	0	0	0	0.7379844374661068	0.8416758099706153
RKF105	RKC020	9.73489880561828	9.73489880561828	1	0	0	0	0	0	0	0.7379844374661068	0.9128674662328328
RKF063	RKF014	9.7343	9.7343	1	0	0	0	0	0	0	0.8649061077270377	0.8685255949453293
KFJ004	KFJ022	9.729195	9.729195	1	0	0	0	0	0	0	0.8727756548497345	0.9113036459712712
HNJ013	RKC011	9.722698	9.722698	1	0	0	0	0	0	0	0.574439105595702	0.8776562874402533
RKC027	RKF113	9.717798	9.717798	1	0	0	0	0	0	0	0.6432219741969657	0.8159484443771834
RKC014	RKC016	9.714997	9.714997	1	0	0	0	0	0	0	0.9027909147087384	0.900899196650398
RKF154	HNJ002	9.708601	9.708601	1	0	0	0	0	0	0	0.7023192463395256	0.903421487394852
RKF081	RKF117	9.697294	9.697294	1	0	0	0	0	0	0	0.6682304869282282	0.9103325640346562
KFJ049	KFJ043	9.69099998474121	9.69099998474121	1	0	0	0	0	0	0	0.7891238823099138	0.8834575561524977
KFJ020	RKF196	9.689498	9.689498	1	0	0	0	0	0	0	0.6489601856405988	0.8742133605740734
RKF163	HNJ012	9.6877	9.6877	1	0	0	0	0	0	0	0.6917886824814297	0.7849116567666755
KFJ051	KFJ011	9.6789	9.6789	1	0	0	0	0	0	0	0.8838611226716103	0.9180633851664082
KFJ049	KFJ011	9.6789	9.6789	1	0	0	0	0	0	0	0.7891238823099138	0.9180633851664082
RKF201	RKF164	9.678495	9.678495	1	0	0	0	0	0	0	0.7008815406151867	0.7855926752676781
RKC027	RKC035	9.672606	9.672606	1	0	0	0	0	0	0	0.6432219741969657	0.8932692671484243
RKF023	RKF129	9.670597	9.670597	1	0	0	0	0	0	0	0.8495075227321454	0.8947195843264854
RKF038	RKC051	9.6705005	9.6705005	1	0	0	0	0	0	0	0.7456143669680804	0.8862951332400085
RKF067	RKC052	9.666097	9.666097	1	0	0	0	0	0	0	0.7936766171036536	0.8967121940146041
RKF117	KFJ015	9.657499	9.657499	1	0	0	0	0	0	0	0.9103325640346562	0.9219603243665896
RKF109	KFJ015	9.6558005	9.6558005	1	0	0	0	0	0	0	0.862081142093249	0.9219603243665896
KFJ007	RKC045	9.6543014	9.6543014	1	0	0	0	0	0	0	0.8694336196133329	0.9039511684511874
HNJ014	HNJ002	9.650901	9.650901	1	0	0	0	0	0	0	0.7933991651217636	0.903421487394852
RKF028	KUP027	9.6468985	9.6468985	1	0	0	0	0	0	0	0.8328225694575814	0.8822216336877152
RKC019	RKF089	9.646803	9.646803	1	0	0	0	0	0	0	0.751188629513324	0.8822468565951598
RKC015	RKC037	9.645599	9.645599	1	0	0	0	0	0	0	0.7079944005145473	0.908087725272092
KUP002	KFJ043	9.645	9.645	1	0	0	0	0	0	0	0.869257059261221	0.8834575561524977
RKF175	RKC051	9.6447945	9.6447945	1	0	0	0	0	0	0	0.810197621479828	0.8862951332400085
RKF164	RKF238	9.643	9.643	1	0	0	0	0	0	0	0.7855926752676781	0.8913144918214723
KFJ004	KFJ012	9.642494	9.642494	1	0	0	0	0	0	0	0.8727756548497345	0.871350560579118
RKF199	RKC051	9.6397	9.6397	1	0	0	0	0	0	0	0.8234396478882121	0.8862951332400085
KFJ032	KFJ017	9.637892	9.637892	1	0	0	0	0	0	0	0.8813388319271562	0.8991462045830023
RKF021	RKF194	9.617901	9.617901	1	0	0	0	0	0	0	0.8199084408459764	0.903333207218796
RKF061	RKF218	9.612799	9.612799	1	0	0	0	0	0	0	0.7619840338995876	0.7906750911177531
RKF040	RKF055	9.612498	9.612498	1	0	0	0	0	0	0	0.6047065945291513	0.8272356954586155
RKF192	RKC016	9.607899	9.607899	1	0	0	0	0	0	0	0.8982507913687211	0.900899196650398
KUP017	RKF043	9.601703	9.601703	1	0	0	0	0	0	0	0.8511470117160405	0.873683679517738
RKF135	KFJ006	9.597504	9.597504	1	0	0	0	0	0	0	0.8867491455740103	0.9008865851966756
RKF053	RKC016	9.566498	9.566498	1	0	0	0	0	0	0	0.8665203738034883	0.900899196650398
KFJ034	RKF113	9.5587015	9.5587015	1	0	0	0	0	0	0	0.7307580744832457	0.8159484443771834
RKF218	KFJ004	9.558499	9.558499	1	0	0	0	0	0	0	0.7906750911177531	0.8727756548497345
RKF055	RKF213	9.552899	9.552899	1	0	0	0	0	0	0	0.8272356954586155	0.8949970363083752
RKF063	RKC028	9.552	9.552	1	0	0	0	0	0	0	0.8649061077270377	0.9073184265950336
RKF039	RKF006	9.542799	9.542799	1	0	0	0	0	0	0	0.7397122066260577	0.8183824549455816
RKF036	RKF044	9.5406055	9.5406055	1	0	0	0	0	0	0	0.7646450506349867	0.8493814081949226
HNJ016	KFJ030	9.535301	9.535301	1	0	0	0	0	0	0	0.5541598880102909	0.821383980931482
RKF164	RKF043	9.535003	9.535003	1	0	0	0	0	0	0	0.7855926752676781	0.873683679517738
KFJ008	KFJ005	9.5236	9.5236	1	0	0	0	0	0	0	0.6727327759070788	0.7998562294275661
RKC009	RKF141	9.5210075	9.5210075	1	0	0	0	0	0	0	0.8899776777269116	0.8961572900508241
RKF099	RKF143	9.5203	9.5203	1	0	0	0	0	0	0	0.7340622753584806	0.8982886257298879
RKF034	RKF015	9.5191	9.5191	1	0	0	0	0	0	0	0.8514370751516527	0.8858663438134514
RKF029	RKC009	9.5165014	9.5165014	1	0	0	0	0	0	0	0.88162889536276845	0.8899776777269116
RKF154	HNJ010	9.516406	9.516406	1	0	0	0	0	0	0	0.7023192463395256	0.8756258433909677
RKF163	RKF129	9.5137954	9.5137954	1	0	0	0	0	0	0	0.6917886824814297	0.8947195843264854
KFJ028	RKF185	9.508908	9.508908	1	0	0	0	0	0	0	0.6515833680148311	0.8066664144375922
RKF199	RKC052	9.508	9.508	1	0	0	0	0	0	0	0.8234396478882121	0.8967121940146041
RKF175	KFJ011	9.507799	9.507799	1	0	0	0	0	0	0	0.810197621479828	0.9180633851664082
KFJ045	RKF129	9.505296	9.505296	1	0	0	0	0	0	0	0.8985156318968888	0.8947195843264854
RKF189	RKC016	9.5025	9.5025	1	0	0	0	0	0	0	0.8849709305991702	0.900899196650398
RKF062	RKF003	9.4955996	9.4955996	1	0	0	0	0	0	0	0.6632363512542091	0.81616283909046194
KUP004	RKC032	9.4891	9.4891	1	0	0	0	0	0	0	0.8794218909613711	0.9009748653727316
KFJ049	KUP002	9.4883025	9.4883025	1	0	0	0	0	0	0	0.7891238823099138	0.869257059261221
RKF176	RKC037	9.48441	9.48441	1	0	0	0	0	0	0	0.7850377713038982	0.908087725272092
RKF057	KUP017	9.484202	9.484202	1	0	0	0	0	0	0	0.8399102064494974	0.8511470117160405
RKF088	RKF020	9.481192	9.481192	1	0	0	0	0	0	0	0.8226829606648759	0.8534044619323269
RKF088	RKF018	9.481192	9.481192	1	0	0	0	0	0	0	0.8226829606648759	0.8558636954081696
HNJ015	RKF015	9.479308	9.479308	1	0	0	0	0	0	0	0.8581715914393452	0.8858663438134514
HNJ012	RKC022	9.476209	9.476209	1	0	0	0	0	0	0	0.7849116567666755	0.8813640548346008
RKF018	RKC026	9.4713	9.4713	1	0	0	0	0	0	0	0.8558636954081696	0.8928657006293116
KFJ048	KFJ043	9.4707966	9.4707966	1	0	0	0	0	0	0	0.8704929817260035	0.8834575561524977
RKF137	RKF072	9.4706	9.4706	1	0	0	0	0	0	0	0.7214129872750432	0.8072969871237058
HNJ011	RKF188	9.467298	9.467298	1	0	0	0	0	0	0	0.678660159156546	0.9193497534460796
RKF040	RKF017	9.4659984	9.4659984	1	0	0	0	0	0	0	0.6047065945291513	0.7524245519781065
HNJ012	RKF135	9.463799	9.463799	1	0	0	0	0	0	0	0.7849116567666755	0.8867491455740103
KUP015	RKF134	9.462398	9.462398	1	0	0	0	0	0	0	0.682342703643449	0.9152258080788972
RKF020	RKC026	9.4482005	9.4482005	1	0	0	0	0	0	0	0.8534044619323269	0.8928657006293116
RKC048	KFJ032	9.4478965	9.4478965	1	0	0	0	0	0	0	0.8592687879131827	0.8813388319271562
HNJ016	KFJ008	9.43379402160644	9.43379402160644	1	0	0	0	0	0	0	0.5541598880102909	0.6727327759070788
RKC047	KFJ018	9.4336	9.4336	1	0	0	0	0	0	0	0.8680463597038831	0.9185804547690212
RKF050	KUP004	9.429601	9.429601	1	0	0	0	0	0	0	0.6935038401876584	0.8794218909613711
RKF142	KFJ043	9.4226	9.4226	1	0	0	0	0	0	0	0.8843655808205012	0.8834575561524977
RKC052	RKC023	9.4211	9.4211	1	0	0	0	0	0	0	0.8967121940146041	0.918340837148298
RKF172	RKF164	9.4208956	9.4208956	1	0	0	0	0	0	0	0.7945972532253793	0.7855926752676781
KFJ032	RKF150	9.419596	9.419596	1	0	0	0	0	0	0	0.8813388319271562	0.8876319473345693
RKF052	RKC051	9.4098926	9.4098926	1	0	0	0	0	0	0	0.8246377359918278	0.8862951332400085
KUP004	RKC023	9.4012976	9.4012976	1	0	0	0	0	0	0	0.8794218909613711	0.918340837148298
RKF099	RKF192	9.3976974	9.3976974	1	0	0	0	0	0	0	0.7340622753584806	0.8982507913687211
KFJ034	RKF195	9.396303	9.396303	1	0	0	0	0	0	0	0.7307580744832457	0.8762816389845257
KFJ041	KFJ011	9.3959	9.3959	1	0	0	0	0	0	0	0.8680841940650499	0.9180633851664082
RKF002	RKC052	9.3958005	9.3958005	1	0	0	0	0	0	0	0.8210308602272584	0.8967121940146041
KUP022	KFJ004	9.378803	9.378803	1	0	0	0	0	0	0	0.7754152321138058	0.8727756548497345
RKF142	RKC052	9.3783006	9.3783006	1	0	0	0	0	0	0	0.8843655808205012	0.8967121940146041
RKF181	RKF118	9.377003	9.377003	1	0	0	0	0	0	0	0.834298109543087	0.8588652213940701
RKF190	RKF137	9.3710996	9.3710996	1	0	0	0	0	0	0	0.6623535494936501	0.7214129872750432
RKF091	KFJ047	9.3710005	9.3710005	1	0	0	0	0	0	0	0.8913901605438059	0.906032058315362
RKF163	RKF172	9.3691945	9.3691945	1	0	0	0	0	0	0	0.6917886824814297	0.7945972532253793
RKF011	RKF072	9.367597	9.367597	1	0	0	0	0	0	0	0.707653891264046	0.8072969871237058
KUP002	KFJ047	9.365302	9.365302	1	0	0	0	0	0	0	0.869257059261221	0.906032058315362
RKF015	HNJ026	9.358001	9.358001	1	0	0	0	0	0	0	0.8858663438134514	0.8908730909411928
RKF176	RKF010	9.355104	9.355104	1	0	0	0	0	0	0	0.7850377713038982	0.821850604719206
KUP004	KFJ047	9.3485	9.3485	1	0	0	0	0	0	0	0.8794218909613711	0.906032058315362
KFJ008	RKF006	9.3475014	9.3475014	1	0	0	0	0	0	0	0.6727327759070788	0.8183824549455816
KFJ050	KUP004	9.340906	9.340906	1	0	0	0	0	0	0	0.7974600532203348	0.8794218909613711
HNJ014	KFJ049	9.331301	9.331301	1	0	0	0	0	0	0	0.7933991651217636	0.7891238823099138
KFJ024	RKF133	9.3294024	9.3294024	1	0	0	0	0	0	0	0.8118118875562786	0.8617406328427478
RKC015	RKC016	9.327099	9.327099	1	0	0	0	0	0	0	0.7079944005145473	0.900899196650398
RKF099	KFJ007	9.3193054	9.3193054	1	0	0	0	0	0	0	0.7340622753584806	0.8694336196133329
RKF154	RKF036	9.317303	9.317303	1	0	0	0	0	0	0	0.7023192463395256	0.7646450506349867
RKF147	RKF046	9.312901	9.312901	1	0	0	0	0	0	0	0.8881237940297378	0.911997275925996
RKC040	RKC016	9.310204	9.310204	1	0	0	0	0	0	0	0.8808469852319877	0.900899196650398
RKF181	RKF018	9.3087	9.3087	1	0	0	0	0	0	0	0.834298109543087	0.8558636954081696
KFJ028	KFJ008	9.305	9.305	1	0	0	0	0	0	0	0.6515833680148311	0.6727327759070788
RKF231	HNJ015	9.3008995	9.3008995	1	0	0	0	0	0	0	0.7193447088645908	0.8581715914393452
RKF231	HNJ026	9.3008995	9.3008995	1	0	0	0	0	0	0	0.7193447088645908	0.8908730909411928
RKF211	RKF213	9.294599	9.294599	1	0	0	0	0	0	0	0.6366892411688295	0.8949970363083752
HNJ011	RKF053	9.2940986	9.2940986	1	0	0	0	0	0	0	0.678660159156546	0.8665203738034883
KUP003	RKC045	9.292	9.292	1	0	0	0	0	0	0	0.7313382013544701	0.9039511684511874
KUP002	RKC003	9.290695	9.290695	1	0	0	0	0	0	0	0.869257059261221	0.91618427856179
RKF021	RKF138	9.290099	9.290099	1	0	0	0	0	0	0	0.8199084408459764	0.8750204936122987
KFJ028	RKF039	9.273201	9.273201	1	0	0	0	0	0	0	0.6515833680148311	0.7397122066260577
RKF115	RKF069	9.2613995	9.2613995	1	0	0	0	0	0	0	0.7747846594276923	0.8108155827122192
RKF044	KFJ043	9.260094	9.260094	1	0	0	0	0	0	0	0.8493814081949226	0.8834575561524977
RKF011	RKF192	9.2584014	9.2584014	1	0	0	0	0	0	0	0.707653891264046	0.8982507913687211
RKC037	RKC003	9.2556	9.2556	1	0	0	0	0	0	0	0.908087725272092	0.91618427856179
KUP004	RKC020	9.2494965	9.2494965	1	0	0	0	0	0	0	0.8794218909613711	0.9128674662328328
KUP022	RKC002	9.2483	9.2483	1	0	0	0	0	0	0	0.7754152321138058	0.9120729446483296
KFJ028	RKF117	9.246802	9.246802	1	0	0	0	0	0	0	0.6515833680148311	0.9103325640346562
HNJ016	RKF098	9.2409	9.2409	1	0	0	0	0	0	0	0.5541598880102909	0.8645529870228141
RKF099	RKC040	9.240401	9.240401	1	0	0	0	0	0	0	0.7340622753584806	0.8808469852319877
RKF021	RKF018	9.2383	9.2383	1	0	0	0	0	0	0	0.8199084408459764	0.8558636954081696
KFJ039	KFJ052	9.2369914	9.2369914	1	0	0	0	0	0	0	0.7446432850314656	0.8787030380992017
RKF081	RKC024	9.236401	9.236401	1	0	0	0	0	0	0	0.6682304869282282	0.820501179170923
RKF007	RKF201	9.230602	9.230602	1	0	0	0	0	0	0	0.6250362579294515	0.7008815406151867
RKF164	RKF117	9.2291	9.2291	1	0	0	0	0	0	0	0.7855926752676781	0.9103325640346562
RKF064	RKF156	9.22389	9.22389	1	0	0	0	0	0	0	0.6012006103943601	0.6884592586987502
RKF160	RKC043	9.2222035000000009	9.2222035000000009	1	0	0	0	0	0	0	0.8971157605337167	0.9098785517006546
RKF136	RKF089	9.216702	9.216702	1	0	0	0	0	0	0	0.846745614366968	0.8822468565951598
RKF176	KFJ043	9.212589	9.212589	1	0	0	0	0	0	0	0.7850377713038982	0.8834575561524977
KFJ020	RKF176	9.212589	9.212589	1	0	0	0	0	0	0	0.6489601856405988	0.7850377713038982
RKF210	RKF015	9.207904	9.207904	1	0	0	0	0	0	0	0.8723720883306219	0.8858663438134514
KFJ050	KUP002	9.200901	9.200901	1	0	0	0	0	0	0	0.7974600532203348	0.869257059261221
RKF062	RKF032	9.1878	9.1878	1	0	0	0	0	0	0	0.6632363512542091	0.8903181869774129
RKF044	KFJ053	9.187597	9.187597	1	0	0	0	0	0	0	0.8493814081949226	0.8915036636273063
KUP022	RKC030	9.1863	9.1863	1	0	0	0	0	0	0	0.7754152321138058	0.7986707527776726
HNJ016	KFJ047	9.1829	9.1829	1	0	0	0	0	0	0	0.5541598880102909	0.906032058315362
RKC015	KFJ011	9.17010307312011	9.17010307312011	1	0	0	0	0	0	0	0.7079944005145473	0.9180633851664082
HNJ013	KFJ013	9.159601	9.159601	1	0	0	0	0	0	0	0.574439105595702	0.907621101484368
KUP005	RKF014	9.1590986	9.1590986	1	0	0	0	0	0	0	0.8391030734112721	0.8685255949453293
KFJ032	KFJ052	9.154299	9.154299	1	0	0	0	0	0	0	0.8813388319271562	0.8787030380992017
RKF105	RKF043	9.1529995	9.1529995	1	0	0	0	0	0	0	0.7379844374661068	0.873683679517738
KFJ043	RKF129	9.1526985	9.1526985	1	0	0	0	0	0	0	0.8834575561524977	0.8947195843264854
KFJ030	KFJ032	9.138	9.138	1	0	0	0	0	0	0	0.821383980931482	0.8813388319271562
RKF144	RKF105	9.131396	9.131396	1	0	0	0	0	0	0	0.5732410174920863	0.7379844374661068
RKF196	KFJ007	9.130603	9.130603	1	0	0	0	0	0	0	0.8742133605740734	0.8694336196133329
RKF231	RKF132	9.129499	9.129499	1	0	0	0	0	0	0	0.7193447088645908	0.9051997023696922
KUP005	RKF142	9.125899	9.125899	1	0	0	0	0	0	0	0.8391030734112721	0.8843655808205012
HNJ013	RKF154	9.121895	9.121895	1	0	0	0	0	0	0	0.574439105595702	0.7023192463395256
RKF154	HNJ012	9.121895	9.121895	1	0	0	0	0	0	0	0.7023192463395256	0.7849116567666755
RKF154	RKC031	9.1190994	9.1190994	1	0	0	0	0	0	0	0.7023192463395256	0.913119695307278
RKF067	RKF032	9.117299	9.117299	1	0	0	0	0	0	0	0.7936766171036536	0.8903181869774129
RKF011	RKC043	9.115803	9.115803	1	0	0	0	0	0	0	0.707653891264046	0.9098785517006546
RKF201	KFJ045	9.111905	9.111905	1	0	0	0	0	0	0	0.7008815406151867	0.8985156318968888
RKF081	RKF062	9.10759	9.10759	1	0	0	0	0	0	0	0.6682304869282282	0.6632363512542091
RKF020	KFJ032	9.105599	9.105599	1	0	0	0	0	0	0	0.8534044619323269	0.8813388319271562
RKF023	RKC037	9.104997	9.104997	1	0	0	0	0	0	0	0.8495075227321454	0.908087725272092
RKF018	KFJ032	9.1037035	9.1037035	1	0	0	0	0	0	0	0.8558636954081696	0.8813388319271562
KUP005	RKF132	9.1000974	9.1000974	1	0	0	0	0	0	0	0.8391030734112721	0.9051997023696922
KUP027	RKF132	9.1000974	9.1000974	1	0	0	0	0	0	0	0.8822216336877152	0.9051997023696922
RKF105	RKF138	9.098804	9.098804	1	0	0	0	0	0	0	0.7379844374661068	0.8750204936122987
HNJ013	RKC052	9.0985	9.0985	1	0	0	0	0	0	0	0.574439105595702	0.8967121940146041
RKF039	RKF061	9.0953946	9.0953946	1	0	0	0	0	0	0	0.7397122066260577	0.7619840338995876
KFJ010	RKC018	9.0795994	9.0795994	1	0	0	0	0	0	0	0.8489778416758099	0.9011262028173987
RKF198	KUP027	9.077203	9.077203	1	0	0	0	0	0	0	0.872283808154566	0.8822216336877152
RKC022	HNJ010	9.0672016	9.0672016	1	0	0	0	0	0	0	0.8813640548346008	0.8756258433909677
RKF154	RKF238	9.0644	9.0644	1	0	0	0	0	0	0	0.7023192463395256	0.8913144918214723
RKC036	RKC032	9.063411	9.063411	1	0	0	0	0	0	0	0.7723002030444049	0.9009748653727316
KFJ004	KFJ013	9.0615004	9.0615004	1	0	0	0	0	0	0	0.8727756548497345	0.907621101484368
RKF189	RKF150	9.058899	9.058899	1	0	0	0	0	0	0	0.8849709305991702	0.8876319473345693
RKF017	RKF046	9.0564966	9.0564966	1	0	0	0	0	0	0	0.7524245519781065	0.911997275925996
RKC051	RKC023	9.053101	9.053101	1	0	0	0	0	0	0	0.8862951332400085	0.918340837148298
RKF055	RKF237	9.052801	9.052801	1	0	0	0	0	0	0	0.8272356954586155	0.8981751226463874
RKF139	RKF143	9.043604	9.043604	1	0	0	0	0	0	0	0.8723973112380664	0.8982886257298879
KUP002	RKC045	9.038899	9.038899	1	0	0	0	0	0	0	0.869257059261221	0.9039511684511874
RKF043	KFJ006	9.036499	9.036499	1	0	0	0	0	0	0	0.873683679517738	0.9008865851966756
RKF185	KUP027	9.035295	9.035295	1	0	0	0	0	0	0	0.8066664144375922	0.8822216336877152
RKF018	RKC031	9.030002	9.030002	1	0	0	0	0	0	0	0.8558636954081696	0.913119695307278
RKF207	RKF157	9.027201	9.027201	1	0	0	0	0	0	0	0.7671925642868853	0.921228860050698
RKF207	RKF029	9.027201	9.027201	1	0	0	0	0	0	0	0.7671925642868853	0.88162889536276845
RKF195	KFJ013	9.0232015	9.0232015	1	0	0	0	0	0	0	0.8762816389845257	0.907621101484368
RKF195	KFJ015	9.0232015	9.0232015	1	0	0	0	0	0	0	0.8762816389845257	0.9219603243665896
KUP002	HNJ002	9.0231955	9.0231955	1	0	0	0	0	0	0	0.869257059261221	0.903421487394852
KUP027	RKC003	9.022099	9.022099	1	0	0	0	0	0	0	0.8822216336877152	0.91618427856179
KFJ039	RKF044	9.02069807052612	9.02069807052612	1	0	0	0	0	0	0	0.7446432850314656	0.8493814081949226
RKF002	RKC051	9.0199	9.0199	1	0	0	0	0	0	0	0.8210308602272584	0.8862951332400085
RKC030	RKF143	9.0158015	9.0158015	1	0	0	0	0	0	0	0.7986707527776726	0.8982886257298879
RKC036	RKF194	9.007001	9.007001	1	0	0	0	0	0	0	0.7723002030444049	0.903333207218796
RKF016	RKC051	9.0021	9.0021	1	0	0	0	0	0	0	0.8520802592914886	0.8862951332400085
RKC015	RKF163	9.0015024	9.0015024	1	0	0	0	0	0	0	0.7079944005145473	0.6917886824814297
RKC036	RKF196	8.994102499999999	8.994102499999999	1	0	0	0	0	0	0	0.7723002030444049	0.8742133605740734
RKC036	RKF121	8.994102499999999	8.994102499999999	1	0	0	0	0	0	0	0.7723002030444049	0.8931431526112015
RKF098	RKF089	8.9913964	8.9913964	1	0	0	0	0	0	0	0.8645529870228141	0.8822468565951598
KFJ052	KFJ029	8.99080038070678	8.99080038070678	1	0	0	0	0	0	0	0.8787030380992017	0.8771392178376402
RKF163	RKF191	8.989894399999999	8.989894399999999	1	0	0	0	0	0	0	0.6917886824814297	0.8717793500056752
KFJ049	KUP004	8.987402999999999	8.987402999999999	1	0	0	0	0	0	0	0.7891238823099138	0.8794218909613711
KFJ038	KFJ018	8.984703	8.984703	1	0	0	0	0	0	0	0.8908226451263037	0.9185804547690212
KUP022	RKF044	8.978391	8.978391	1	0	0	0	0	0	0	0.7754152321138058	0.8493814081949226
RKC006	RKF135	8.977008	8.977008	1	0	0	0	0	0	0	0.8166546857856305	0.8867491455740103
HNJ015	RKF135	8.974397	8.974397	1	0	0	0	0	0	0	0.8581715914393452	0.8867491455740103
RKF150	RKF194	8.972201	8.972201	1	0	0	0	0	0	0	0.8876319473345693	0.903333207218796
KFJ008	RKC037	8.968401	8.968401	1	0	0	0	0	0	0	0.6727327759070788	0.908087725272092
RKF173	RKC038	8.96768569946289	8.96768569946289	1	0	0	0	0	0	0	0.8339071544776967	0.914607846846506
RKF055	RKF136	8.966707999999999	8.966707999999999	1	0	0	0	0	0	0	0.8272356954586155	0.846745614366968
KFJ032	RKF189	8.965397	8.965397	1	0	0	0	0	0	0	0.8813388319271562	0.8849709305991702
KFJ043	KFJ011	8.9628994	8.9628994	1	0	0	0	0	0	0	0.8834575561524977	0.9180633851664082
RKF061	RKF020	8.9626074	8.9626074	1	0	0	0	0	0	0	0.7619840338995876	0.8534044619323269
HNJ011	KUP004	8.9549065	8.9549065	1	0	0	0	0	0	0	0.678660159156546	0.8794218909613711
RKF231	RKF046	8.952689	8.952689	1	0	0	0	0	0	0	0.7193447088645908	0.911997275925996
RKF190	KFJ018	8.9515015000000009	8.9515015000000009	1	0	0	0	0	0	0	0.6623535494936501	0.9185804547690212
RKF136	RKF196	8.95089507102966	8.95089507102966	1	0	0	0	0	0	0	0.846745614366968	0.8742133605740734
KFJ048	KFJ036	8.9496985	8.9496985	1	0	0	0	0	0	0	0.8704929817260035	0.8957537235317115
RKC036	RKF195	8.948898	8.948898	1	0	0	0	0	0	0	0.7723002030444049	0.8762816389845257
RKF136	RKF189	8.9475036	8.9475036	1	0	0	0	0	0	0	0.846745614366968	0.8849709305991702
KFJ036	KFJ025	8.946298	8.946298	1	0	0	0	0	0	0	0.8957537235317115	0.9016054380588452
KFJ009	RKF003	8.943795999999999	8.943795999999999	1	0	0	0	0	0	0	0.722384069211658	0.81616283909046194
KFJ020	RKF017	8.9396	8.9396	1	0	0	0	0	0	0	0.6489601856405988	0.7524245519781065
HNJ011	RKF021	8.937204	8.937204	1	0	0	0	0	0	0	0.678660159156546	0.8199084408459764
RKF017	KFJ043	8.935404	8.935404	1	0	0	0	0	0	0	0.7524245519781065	0.8834575561524977
KFJ009	RKF023	8.934104399999999	8.934104399999999	1	0	0	0	0	0	0	0.722384069211658	0.8495075227321454
RKF043	RKC052	8.929098	8.929098	1	0	0	0	0	0	0	0.873683679517738	0.8967121940146041
RKF088	RKF129	8.92179	8.92179	1	0	0	0	0	0	0	0.8226829606648759	0.8947195843264854
RKF177	KFJ007	8.9192	8.9192	1	0	0	0	0	0	0	0.842684726268397	0.8694336196133329
HNJ010	KFJ013	8.9190006	8.9190006	1	0	0	0	0	0	0	0.8756258433909677	0.907621101484368
RKF091	KFJ038	8.916801000000001	8.916801000000001	1	0	0	0	0	0	0	0.8913901605438059	0.8908226451263037
RKF014	KFJ043	8.915901	8.915901	1	0	0	0	0	0	0	0.8685255949453293	0.8834575561524977
RKC036	RKF124	8.907986	8.907986	1	0	0	0	0	0	0	0.7723002030444049	0.880720870694765
RKF163	RKF109	8.905297500000001	8.905297500000001	1	0	0	0	0	0	0	0.6917886824814297	0.862081142093249
RKF049	RKF078	8.8973045	8.8973045	1	0	0	0	0	0	0	0.6234976605753345	0.6716103565257967
RKF201	RKC010	8.8943005	8.8943005	1	0	0	0	0	0	0	0.7008815406151867	0.901882890040735
KFJ009	KFJ039	8.8936985	8.8936985	1	0	0	0	0	0	0	0.722384069211658	0.7446432850314656
RKF074	RKF101	8.892	8.892	1	0	0	0	0	0	0	0.8252304743167745	0.8486121095178641
RKC033	RKC032	8.890009000000001	8.890009000000001	1	0	0	0	0	0	0	0.5941381963098886	0.9009748653727316
KFJ010	RKC039	8.8834	8.8834	1	0	0	0	0	0	0	0.8489778416758099	0.9075075984008676
HNJ016	RKC042	8.882296	8.882296	1	0	0	0	0	0	0	0.5541598880102909	0.9127161287881654
RKF029	RKC037	8.876401000000001	8.876401000000001	1	0	0	0	0	0	0	0.88162889536276845	0.908087725272092
KFJ050	RKF042	8.873999000000001	8.873999000000001	1	0	0	0	0	0	0	0.7974600532203348	0.8349412936829228
RKF064	RKF144	8.873301999999999	8.873301999999999	1	0	0	0	0	0	0	0.6012006103943601	0.5732410174920863
KUP022	RKF043	8.872	8.872	1	0	0	0	0	0	0	0.7754152321138058	0.873683679517738
KUP022	KFJ024	8.8688016	8.8688016	1	0	0	0	0	0	0	0.7754152321138058	0.8118118875562786
KUP005	RKF139	8.867702	8.867702	1	0	0	0	0	0	0	0.8391030734112721	0.8723973112380664
KUP003	RKC051	8.864808	8.864808	1	0	0	0	0	0	0	0.7313382013544701	0.8862951332400085
RKF147	RKF157	8.8636994	8.8636994	1	0	0	0	0	0	0	0.8881237940297378	0.921228860050698
RKF144	RKF181	8.862397	8.862397	1	0	0	0	0	0	0	0.5732410174920863	0.834298109543087
RKF140	KFJ043	8.8618994	8.8618994	1	0	0	0	0	0	0	0.7660953678130478	0.8834575561524977
RKF078	RKF194	8.860999	8.860999	1	0	0	0	0	0	0	0.6716103565257967	0.903333207218796
HNJ013	RKF189	8.85900259017944	8.85900259017944	1	0	0	0	0	0	0	0.574439105595702	0.8849709305991702
RKF154	RKC030	8.8587046	8.8587046	1	0	0	0	0	0	0	0.7023192463395256	0.7986707527776726
RKF110	KFJ013	8.858102599999999	8.858102599999999	1	0	0	0	0	0	0	0.9016306609662896	0.907621101484368
RKF110	KFJ015	8.858102599999999	8.858102599999999	1	0	0	0	0	0	0	0.9016306609662896	0.9219603243665896
KFJ010	RKC021	8.849102	8.849102	1	0	0	0	0	0	0	0.8489778416758099	0.8912388230991386
KFJ041	RKF117	8.8447005	8.8447005	1	0	0	0	0	0	0	0.8680841940650499	0.9103325640346562
HNJ016	KUP022	8.842003	8.842003	1	0	0	0	0	0	0	0.5541598880102909	0.7754152321138058
RKF181	KFJ045	8.838904	8.838904	1	0	0	0	0	0	0	0.834298109543087	0.8985156318968888
RKF028	KFJ004	8.838099000000001	8.838099000000001	1	0	0	0	0	0	0	0.8328225694575814	0.8727756548497345
KFJ020	RKF129	8.83729457855224	8.83729457855224	1	0	0	0	0	0	0	0.6489601856405988	0.8947195843264854
RKF072	KFJ011	8.8370025	8.8370025	1	0	0	0	0	0	0	0.8072969871237058	0.9180633851664082
KUP003	KFJ011	8.836299	8.836299	1	0	0	0	0	0	0	0.7313382013544701	0.9180633851664082
RKF140	RKF164	8.833003	8.833003	1	0	0	0	0	0	0	0.7660953678130478	0.7855926752676781
RKF163	RKF162	8.808899	8.808899	1	0	0	0	0	0	0	0.6917886824814297	0.8697615174101119
RKF015	RKF129	8.8069975	8.8069975	1	0	0	0	0	0	0	0.8858663438134514	0.8947195843264854
RKF003	KFJ041	8.8004	8.8004	1	0	0	0	0	0	0	0.81616283909046194	0.8680841940650499
RKF017	KFJ024	8.797899000000001	8.797899000000001	1	0	0	0	0	0	0	0.7524245519781065	0.8118118875562786
HNJ014	KFJ053	8.7952	8.7952	1	0	0	0	0	0	0	0.7933991651217636	0.8915036636273063
RKC032	RKC028	8.794606	8.794606	1	0	0	0	0	0	0	0.9009748653727316	0.9073184265950336
HNJ015	KFJ053	8.7914005	8.7914005	1	0	0	0	0	0	0	0.8581715914393452	0.8915036636273063
KFJ010	RKC009	8.791101	8.791101	1	0	0	0	0	0	0	0.8489778416758099	0.8899776777269116
KUP022	RKF101	8.7828994	8.7828994	1	0	0	0	0	0	0	0.7754152321138058	0.8486121095178641
RKF191	RKC038	8.7828994	8.7828994	1	0	0	0	0	0	0	0.8717793500056752	0.914607846846506
RKF167	KFJ036	8.778787000000001	8.778787000000001	1	0	0	0	0	0	0	0.8551952883608893	0.8957537235317115
RKC033	RKF020	8.776200000000001	8.776200000000001	1	0	0	0	0	0	0	0.5941381963098886	0.8534044619323269
KFJ007	KUP004	8.765599	8.765599	1	0	0	0	0	0	0	0.8694336196133329	0.8794218909613711
RKF154	RKF003	8.762097	8.762097	1	0	0	0	0	0	0	0.7023192463395256	0.81616283909046194
KFJ009	RKF101	8.761001	8.761001	1	0	0	0	0	0	0	0.722384069211658	0.8486121095178641
RKF185	RKF104	8.756292	8.756292	1	0	0	0	0	0	0	0.8066664144375922	0.8757141235670236
HNJ013	RKC022	8.755182999999999	8.755182999999999	1	0	0	0	0	0	0	0.574439105595702	0.8813640548346008
RKC037	RKF046	8.751800999999999	8.751800999999999	1	0	0	0	0	0	0	0.908087725272092	0.911997275925996
RKF141	RKC037	8.751800999999999	8.751800999999999	1	0	0	0	0	0	0	0.8961572900508241	0.908087725272092
RKF139	RKC037	8.751800999999999	8.751800999999999	1	0	0	0	0	0	0	0.8723973112380664	0.908087725272092
RKC037	RKF157	8.751800999999999	8.751800999999999	1	0	0	0	0	0	0	0.908087725272092	0.921228860050698
RKF020	RKC031	8.751005000000001	8.751005000000001	1	0	0	0	0	0	0	0.8534044619323269	0.913119695307278
RKF154	RKC039	8.745998	8.745998	1	0	0	0	0	0	0	0.7023192463395256	0.9075075984008676
RKF176	KFJ045	8.745789499999999	8.745789499999999	1	0	0	0	0	0	0	0.7850377713038982	0.8985156318968888
RKF062	RKC007	8.745396	8.745396	1	0	0	0	0	0	0	0.6632363512542091	0.8689669958256088
RKC033	KFJ050	8.740899	8.740899	1	0	0	0	0	0	0	0.5941381963098886	0.7974600532203348
RKF014	RKC032	8.731806	8.731806	1	0	0	0	0	0	0	0.8685255949453293	0.9009748653727316
RKF029	RKF129	8.731499	8.731499	1	0	0	0	0	0	0	0.88162889536276845	0.8947195843264854
KFJ005	RKF043	8.730304	8.730304	1	0	0	0	0	0	0	0.7998562294275661	0.873683679517738
HNJ012	KFJ013	8.7289006	8.7289006	1	0	0	0	0	0	0	0.7849116567666755	0.907621101484368
RKF213	RKF129	8.7255	8.7255	1	0	0	0	0	0	0	0.8949970363083752	0.8947195843264854
RKF016	KFJ043	8.722603	8.722603	1	0	0	0	0	0	0	0.8520802592914886	0.8834575561524977
RKF153	RKC042	8.718323999999999	8.718323999999999	1	0	0	0	0	0	0	0.8666212654332665	0.9127161287881654
RKF069	RKF089	8.711003999999999	8.711003999999999	1	0	0	0	0	0	0	0.8108155827122192	0.8822468565951598
RKF185	RKF116	8.708	8.708	1	0	0	0	0	0	0	0.8066664144375922	0.8661294187380979
KUP027	KFJ038	8.6947024	8.6947024	1	0	0	0	0	0	0	0.8822216336877152	0.8908226451263037
RKF039	KFJ024	8.694199	8.694199	1	0	0	0	0	0	0	0.7397122066260577	0.8118118875562786
RKF150	RKF110	8.6893976	8.6893976	1	0	0	0	0	0	0	0.8876319473345693	0.9016306609662896
RKF055	RKF109	8.6891055	8.6891055	1	0	0	0	0	0	0	0.8272356954586155	0.862081142093249
RKF195	KFJ053	8.681798	8.681798	1	0	0	0	0	0	0	0.8762816389845257	0.8915036636273063
RKC033	RKF023	8.681601	8.681601	1	0	0	0	0	0	0	0.5941381963098886	0.8495075227321454
KFJ049	RKF177	8.67940038442611	8.67940038442611	1	0	0	0	0	0	0	0.7891238823099138	0.842684726268397
RKF021	RKF121	8.6759925	8.6759925	1	0	0	0	0	0	0	0.8199084408459764	0.8931431526112015
RKC027	RKF238	8.671199999999999	8.671199999999999	1	0	0	0	0	0	0	0.6432219741969657	0.8913144918214723
RKF207	RKF055	8.663392	8.663392	1	0	0	0	0	0	0	0.7671925642868853	0.8272356954586155
RKF017	KFJ012	8.657813	8.657813	1	0	0	0	0	0	0	0.7524245519781065	0.871350560579118
RKF017	KFJ022	8.657813	8.657813	1	0	0	0	0	0	0	0.7524245519781065	0.9113036459712712
RKF028	KFJ007	8.651602	8.651602	1	0	0	0	0	0	0	0.8328225694575814	0.8694336196133329
HNJ011	RKF231	8.647001	8.647001	1	0	0	0	0	0	0	0.678660159156546	0.7193447088645908
KFJ008	RKC038	8.6402	8.6402	1	0	0	0	0	0	0	0.6727327759070788	0.914607846846506
RKF061	RKF018	8.6398005	8.6398005	1	0	0	0	0	0	0	0.7619840338995876	0.8558636954081696
RKF172	RKF194	8.6375	8.6375	1	0	0	0	0	0	0	0.7945972532253793	0.903333207218796
RKF061	RKF017	8.635795	8.635795	1	0	0	0	0	0	0	0.7619840338995876	0.7524245519781065
RKF018	RKF192	8.631098	8.631098	1	0	0	0	0	0	0	0.8558636954081696	0.8982507913687211
RKF190	RKF226	8.629000000000001	8.629000000000001	1	0	0	0	0	0	0	0.6623535494936501	0.8836341165046094
RKF190	RKF237	8.629000000000001	8.629000000000001	1	0	0	0	0	0	0	0.6623535494936501	0.8981751226463874
RKF113	RKF104	8.628797500000001	8.628797500000001	1	0	0	0	0	0	0	0.8159484443771834	0.8757141235670236
KFJ009	KFJ029	8.6281	8.6281	1	0	0	0	0	0	0	0.722384069211658	0.8771392178376402
KFJ028	RKF074	8.625209	8.625209	1	0	0	0	0	0	0	0.6515833680148311	0.8252304743167745
RKF105	RKF185	8.623898	8.623898	1	0	0	0	0	0	0	0.7379844374661068	0.8066664144375922
RKF160	RKC052	8.623004	8.623004	1	0	0	0	0	0	0	0.8971157605337167	0.8967121940146041
RKF190	RKF038	8.622800999999999	8.622800999999999	1	0	0	0	0	0	0	0.6623535494936501	0.7456143669680804
RKF113	RKF143	8.620906	8.620906	1	0	0	0	0	0	0	0.8159484443771834	0.8982886257298879
RKF061	RKF010	8.6192966	8.6192966	1	0	0	0	0	0	0	0.7619840338995876	0.821850604719206
RKF039	KFJ041	8.619201	8.619201	1	0	0	0	0	0	0	0.7397122066260577	0.8680841940650499
RKF113	RKF034	8.616995811462399	8.616995811462399	1	0	0	0	0	0	0	0.8159484443771834	0.8514370751516527
RKF109	KFJ041	8.616200000000001	8.616200000000001	1	0	0	0	0	0	0	0.862081142093249	0.8680841940650499
RKF191	HNJ026	8.613896	8.613896	1	0	0	0	0	0	0	0.8717793500056752	0.8908730909411928
RKF044	KFJ013	8.6109996	8.6109996	1	0	0	0	0	0	0	0.8493814081949226	0.907621101484368
RKF144	HNJ026	8.6104035	8.6104035	1	0	0	0	0	0	0	0.5732410174920863	0.8908730909411928
RKF106	RKF200	8.609903	8.609903	1	0	0	0	0	0	0	0.6425283442422408	0.664863228784382
KFJ004	KFJ043	8.607298	8.607298	1	0	0	0	0	0	0	0.8727756548497345	0.8834575561524977
RKF201	RKF034	8.604002	8.604002	1	0	0	0	0	0	0	0.7008815406151867	0.8514370751516527
RKF010	KFJ004	8.603202999999999	8.603202999999999	1	0	0	0	0	0	0	0.821850604719206	0.8727756548497345
KUP002	KFJ041	8.603102	8.603102	1	0	0	0	0	0	0	0.869257059261221	0.8680841940650499
RKF039	RKC036	8.603001	8.603001	1	0	0	0	0	0	0	0.7397122066260577	0.7723002030444049
RKF028	RKF148	8.602202	8.602202	1	0	0	0	0	0	0	0.8328225694575814	0.8562924848347269
RKF074	RKF110	8.599198	8.599198	1	0	0	0	0	0	0	0.8252304743167745	0.9016306609662896
RKF124	RKF143	8.5929036	8.5929036	1	0	0	0	0	0	0	0.880720870694765	0.8982886257298879
RKC033	KUP022	8.5916996	8.5916996	1	0	0	0	0	0	0	0.5941381963098886	0.7754152321138058
RKF053	RKF143	8.5911036	8.5911036	1	0	0	0	0	0	0	0.8665203738034883	0.8982886257298879
RKF034	RKF196	8.588898	8.588898	1	0	0	0	0	0	0	0.8514370751516527	0.8742133605740734
RKF034	RKF124	8.588898	8.588898	1	0	0	0	0	0	0	0.8514370751516527	0.880720870694765
RKF017	RKF132	8.5884005	8.5884005	1	0	0	0	0	0	0	0.7524245519781065	0.9051997023696922
RKF062	RKF046	8.585799	8.585799	1	0	0	0	0	0	0	0.6632363512542091	0.911997275925996
RKF081	RKF156	8.5850954	8.5850954	1	0	0	0	0	0	0	0.6682304869282282	0.6884592586987502
KUP005	RKF101	8.5841954	8.5841954	1	0	0	0	0	0	0	0.8391030734112721	0.8486121095178641
RKF049	KUP005	8.583605	8.583605	1	0	0	0	0	0	0	0.6234976605753345	0.8391030734112721
RKF089	RKC012	8.582902	8.582902	1	0	0	0	0	0	0	0.8822468565951598	0.8967500283757709
RKF155	RKC020	8.578396000000001	8.578396000000001	1	0	0	0	0	0	0	0.8712748918567843	0.9128674662328328
RKF196	RKF143	8.578098	8.578098	1	0	0	0	0	0	0	0.8742133605740734	0.8982886257298879
RKF190	RKC047	8.575998	8.575998	1	0	0	0	0	0	0	0.6623535494936501	0.8680463597038831
RKF190	RKC012	8.575998	8.575998	1	0	0	0	0	0	0	0.6623535494936501	0.8967500283757709
RKF190	RKC039	8.5732	8.5732	1	0	0	0	0	0	0	0.6623535494936501	0.9075075984008676
RKF018	RKF104	8.569503000000001	8.569503000000001	1	0	0	0	0	0	0	0.8558636954081696	0.8757141235670236
KUP003	RKF029	8.556998	8.556998	1	0	0	0	0	0	0	0.7313382013544701	0.88162889536276845
RKF136	RKF053	8.55669975280761	8.55669975280761	1	0	0	0	0	0	0	0.846745614366968	0.8665203738034883
RKF020	RKF192	8.553707600000001	8.553707600000001	1	0	0	0	0	0	0	0.8534044619323269	0.8982507913687211
KUP022	KFJ013	8.546591000000001	8.546591000000001	1	0	0	0	0	0	0	0.7754152321138058	0.907621101484368
KFJ052	RKF189	8.542394999999999	8.542394999999999	1	0	0	0	0	0	0	0.8787030380992017	0.8849709305991702
RKF017	KFJ018	8.542204	8.542204	1	0	0	0	0	0	0	0.7524245519781065	0.9185804547690212
RKF017	KFJ040	8.5415125	8.5415125	1	0	0	0	0	0	0	0.7524245519781065	0.8897002257450216
RKF017	KFJ017	8.5415125	8.5415125	1	0	0	0	0	0	0	0.7524245519781065	0.8991462045830023
RKF181	KFJ018	8.5412025	8.5412025	1	0	0	0	0	0	0	0.834298109543087	0.9185804547690212
HNJ011	RKF185	8.540799999999999	8.540799999999999	1	0	0	0	0	0	0	0.678660159156546	0.8066664144375922
KFJ008	RKF014	8.540201	8.540201	1	0	0	0	0	0	0	0.6727327759070788	0.8685255949453293
RKF163	KFJ018	8.539903	8.539903	1	0	0	0	0	0	0	0.6917886824814297	0.9185804547690212
RKF018	RKC012	8.5356	8.5356	1	0	0	0	0	0	0	0.8558636954081696	0.8967500283757709
RKF231	RKF055	8.5343	8.5343	1	0	0	0	0	0	0	0.7193447088645908	0.8272356954586155
KUP004	HNJ026	8.531999599999999	8.531999599999999	1	0	0	0	0	0	0	0.8794218909613711	0.8908730909411928
RKF101	RKC022	8.528602000000001	8.528602000000001	1	0	0	0	0	0	0	0.8486121095178641	0.8813640548346008
RKF039	KFJ052	8.527303	8.527303	1	0	0	0	0	0	0	0.7397122066260577	0.8787030380992017
RKF164	RKF209	8.526701000000001	8.526701000000001	1	0	0	0	0	0	0	0.7855926752676781	0.8416758099706153
RKF133	KFJ036	8.526200000000001	8.526200000000001	1	0	0	0	0	0	0	0.8617406328427478	0.8957537235317115
RKF038	RKC042	8.524096	8.524096	1	0	0	0	0	0	0	0.7456143669680804	0.9127161287881654
RKC033	RKF191	8.524096	8.524096	1	0	0	0	0	0	0	0.5941381963098886	0.8717793500056752
RKF144	KFJ028	8.5145	8.5145	1	0	0	0	0	0	0	0.5732410174920863	0.6515833680148311
RKF074	RKC002	8.5016966	8.5016966	1	0	0	0	0	0	0	0.8252304743167745	0.9120729446483296
RKF013	KFJ045	8.4998965	8.4998965	1	0	0	0	0	0	0	0.7564223828080663	0.8985156318968888
RKF006	KFJ047	8.495700000000001	8.495700000000001	1	0	0	0	0	0	0	0.8183824549455816	0.906032058315362
HNJ016	RKF017	8.49550068378448	8.49550068378448	1	0	0	0	0	0	0	0.5541598880102909	0.7524245519781065
RKF055	RKF147	8.490991600000001	8.490991600000001	1	0	0	0	0	0	0	0.8272356954586155	0.8881237940297378
HNJ013	RKF121	8.4892035	8.4892035	1	0	0	0	0	0	0	0.574439105595702	0.8931431526112015
HNJ013	RKF195	8.4892035	8.4892035	1	0	0	0	0	0	0	0.574439105595702	0.8762816389845257
KUP011	RKC032	8.482401000000001	8.482401000000001	1	0	0	0	0	0	0	0.890557804598136	0.9009748653727316
RKC036	HNJ026	8.481696	8.481696	1	0	0	0	0	0	0	0.7723002030444049	0.8908730909411928
RKF176	RKF032	8.4813	8.4813	1	0	0	0	0	0	0	0.7850377713038982	0.8903181869774129
RKF206	RKF136	8.481002	8.481002	1	0	0	0	0	0	0	0.5207647585537185	0.846745614366968
RKF210	RKC002	8.4795	8.4795	1	0	0	0	0	0	0	0.8723720883306219	0.9120729446483296
RKF018	RKF043	8.478200399999999	8.478200399999999	1	0	0	0	0	0	0	0.8558636954081696	0.873683679517738
KFJ041	KFJ053	8.477199	8.477199	1	0	0	0	0	0	0	0.8680841940650499	0.8915036636273063
KFJ050	RKF010	8.473991999999999	8.473991999999999	1	0	0	0	0	0	0	0.7974600532203348	0.821850604719206
RKF018	RKF124	8.469999	8.469999	1	0	0	0	0	0	0	0.8558636954081696	0.880720870694765
RKF063	RKF150	8.459306	8.459306	1	0	0	0	0	0	0	0.8649061077270377	0.8876319473345693
RKF213	RKC002	8.4564	8.4564	1	0	0	0	0	0	0	0.8949970363083752	0.9120729446483296
KFJ008	KFJ011	8.448601	8.448601	1	0	0	0	0	0	0	0.6727327759070788	0.9180633851664082
RKF020	RKF124	8.444595000000001	8.444595000000001	1	0	0	0	0	0	0	0.8534044619323269	0.880720870694765
RKF039	RKF044	8.438206	8.438206	1	0	0	0	0	0	0	0.7397122066260577	0.8493814081949226
KUP004	KFJ052	8.432305	8.432305	1	0	0	0	0	0	0	0.8794218909613711	0.8787030380992017
RKC033	RKC024	8.429897	8.429897	1	0	0	0	0	0	0	0.5941381963098886	0.820501179170923
RKF017	RKF191	8.4276	8.4276	1	0	0	0	0	0	0	0.7524245519781065	0.8717793500056752
RKC033	KFJ025	8.4247	8.4247	1	0	0	0	0	0	0	0.5941381963098886	0.9016054380588452
RKF044	KFJ032	8.424199999999999	8.424199999999999	1	0	0	0	0	0	0	0.8493814081949226	0.8813388319271562
RKF061	KFJ049	8.424102999999999	8.424102999999999	1	0	0	0	0	0	0	0.7619840338995876	0.7891238823099138
RKF017	KFJ045	8.422708499999999	8.422708499999999	1	0	0	0	0	0	0	0.7524245519781065	0.8985156318968888
HNJ016	HNJ013	8.42070579528808	8.42070579528808	1	0	0	0	0	0	0	0.5541598880102909	0.574439105595702
HNJ015	RKF031	8.416501	8.416501	1	0	0	0	0	0	0	0.8581715914393452	0.8852357711273379
HNJ015	RKF157	8.416501	8.416501	1	0	0	0	0	0	0	0.8581715914393452	0.921228860050698
KFJ024	KFJ032	8.407295	8.407295	1	0	0	0	0	0	0	0.8118118875562786	0.8813388319271562
RKC030	RKF020	8.405304	8.405304	1	0	0	0	0	0	0	0.7986707527776726	0.8534044619323269
RKC036	RKF018	8.398902399999999	8.398902399999999	1	0	0	0	0	0	0	0.7723002030444049	0.8558636954081696
RKF167	KFJ038	8.398294400000001	8.398294400000001	1	0	0	0	0	0	0	0.8551952883608893	0.8908226451263037
HNJ003	RKC049	8.3974004	8.3974004	1	0	0	0	0	0	0	0.8767987085871388	0.899272319120225
RKF020	RKC035	8.397198	8.397198	1	0	0	0	0	0	0	0.8534044619323269	0.8932692671484243
RKF163	RKF196	8.393395	8.393395	1	0	0	0	0	0	0	0.6917886824814297	0.8742133605740734
RKF169	KFJ036	8.392498	8.392498	1	0	0	0	0	0	0	0.8460393729585209	0.8957537235317115
RKF183	RKF188	8.391201500000001	8.391201500000001	1	0	0	0	0	0	0	0.912136001916941	0.9193497534460796
RKF091	KFJ025	8.387208	8.387208	1	0	0	0	0	0	0	0.8913901605438059	0.9016054380588452
KFJ030	RKF091	8.387208	8.387208	1	0	0	0	0	0	0	0.821383980931482	0.8913901605438059
RKF101	KFJ048	8.3866	8.3866	1	0	0	0	0	0	0	0.8486121095178641	0.8704929817260035
RKF101	KFJ047	8.3866	8.3866	1	0	0	0	0	0	0	0.8486121095178641	0.906032058315362
KFJ010	RKC047	8.3819	8.3819	1	0	0	0	0	0	0	0.8489778416758099	0.8680463597038831
RKF034	RKF195	8.3817005000000009	8.3817005000000009	1	0	0	0	0	0	0	0.8514370751516527	0.8762816389845257
RKF040	KFJ005	8.38141441345214	8.38141441345214	1	0	0	0	0	0	0	0.6047065945291513	0.7998562294275661
HNJ013	RKF061	8.3814025	8.3814025	1	0	0	0	0	0	0	0.574439105595702	0.7619840338995876
HNJ016	RKC024	8.3790064	8.3790064	1	0	0	0	0	0	0	0.5541598880102909	0.820501179170923
HNJ016	KUP027	8.3786964	8.3786964	1	0	0	0	0	0	0	0.5541598880102909	0.8822216336877152
RKF018	KFJ047	8.377898	8.377898	1	0	0	0	0	0	0	0.8558636954081696	0.906032058315362
RKF104	RKC014	8.377299	8.377299	1	0	0	0	0	0	0	0.8757141235670236	0.9027909147087384
RKF040	RKF207	8.376098	8.376098	1	0	0	0	0	0	0	0.6047065945291513	0.7671925642868853
RKF136	RKF192	8.373606	8.373606	1	0	0	0	0	0	0	0.846745614366968	0.8982507913687211
RKF194	KFJ018	8.371699000000001	8.371699000000001	1	0	0	0	0	0	0	0.903333207218796	0.9185804547690212
RKF159	KFJ006	8.370006	8.370006	1	0	0	0	0	0	0	0.8820324618818811	0.9008865851966756
KFJ008	RKF062	8.3673	8.3673	1	0	0	0	0	0	0	0.6727327759070788	0.6632363512542091
KFJ005	KFJ032	8.366501	8.366501	1	0	0	0	0	0	0	0.7998562294275661	0.8813388319271562
RKF015	RKC012	8.365196	8.365196	1	0	0	0	0	0	0	0.8858663438134514	0.8967500283757709
KFJ024	RKC052	8.36440026760101	8.36440026760101	1	0	0	0	0	0	0	0.8118118875562786	0.8967121940146041
KFJ048	KUP002	8.363508999999999	8.363508999999999	1	0	0	0	0	0	0	0.8704929817260035	0.869257059261221
RKF089	RKF238	8.356893	8.356893	1	0	0	0	0	0	0	0.8822468565951598	0.8913144918214723
RKF003	RKF129	8.356399	8.356399	1	0	0	0	0	0	0	0.81616283909046194	0.8947195843264854
RKF044	KFJ029	8.355301599999999	8.355301599999999	1	0	0	0	0	0	0	0.8493814081949226	0.8771392178376402
RKC033	KFJ048	8.354000000000001	8.354000000000001	1	0	0	0	0	0	0	0.5941381963098886	0.8704929817260035
HNJ003	RKF054	8.35380554199218	8.35380554199218	1	0	0	0	0	0	0	0.8767987085871388	0.8851727138587265
HNJ014	RKF020	8.353200600000001	8.353200600000001	1	0	0	0	0	0	0	0.7933991651217636	0.8534044619323269
RKF101	KUP027	8.350998	8.350998	1	0	0	0	0	0	0	0.8486121095178641	0.8822216336877152
KFJ029	RKF159	8.344507	8.344507	1	0	0	0	0	0	0	0.8771392178376402	0.8820324618818811
RKF099	RKF028	8.3442986	8.3442986	1	0	0	0	0	0	0	0.7340622753584806	0.8328225694575814
RKF064	RKF189	8.342302	8.342302	1	0	0	0	0	0	0	0.6012006103943601	0.8849709305991702
RKF061	RKC028	8.342200499999999	8.342200499999999	1	0	0	0	0	0	0	0.7619840338995876	0.9073184265950336
RKF139	RKF121	8.337104	8.337104	1	0	0	0	0	0	0	0.8723973112380664	0.8931431526112015
RKC032	RKC038	8.333695	8.333695	1	0	0	0	0	0	0	0.9009748653727316	0.914607846846506
RKF154	RKF231	8.3315015	8.3315015	1	0	0	0	0	0	0	0.7023192463395256	0.7193447088645908
RKF007	RKF055	8.329505	8.329505	1	0	0	0	0	0	0	0.6250362579294515	0.8272356954586155
RKF211	RKC052	8.3287	8.3287	1	0	0	0	0	0	0	0.6366892411688295	0.8967121940146041
KUP022	HNJ014	8.328003	8.328003	1	0	0	0	0	0	0	0.7754152321138058	0.7933991651217636
KFJ041	KFJ043	8.32580029964447	8.32580029964447	1	0	0	0	0	0	0	0.8680841940650499	0.8834575561524977
RKF044	KFJ051	8.320695	8.320695	1	0	0	0	0	0	0	0.8493814081949226	0.8838611226716103
RKF064	RKF050	8.319999	8.319999	1	0	0	0	0	0	0	0.6012006103943601	0.6935038401876584
KFJ050	KFJ038	8.315799	8.315799	1	0	0	0	0	0	0	0.7974600532203348	0.8908226451263037
KFJ008	RKF011	8.315599	8.315599	1	0	0	0	0	0	0	0.6727327759070788	0.707653891264046
HNJ016	RKF144	8.31519365310669	8.31519365310669	1	0	0	0	0	0	0	0.5541598880102909	0.5732410174920863
RKF072	RKF006	8.309901	8.309901	1	0	0	0	0	0	0	0.8072969871237058	0.8183824549455816
RKF206	RKC033	8.3088994	8.3088994	1	0	0	0	0	0	0	0.5207647585537185	0.5941381963098886
RKF207	RKF036	8.302903	8.302903	1	0	0	0	0	0	0	0.7671925642868853	0.7646450506349867
RKF207	RKF155	8.302903	8.302903	1	0	0	0	0	0	0	0.7671925642868853	0.8712748918567843
KFJ009	KFJ036	8.3018005	8.3018005	1	0	0	0	0	0	0	0.722384069211658	0.8957537235317115
RKF044	KFJ010	8.3002985	8.3002985	1	0	0	0	0	0	0	0.8493814081949226	0.8489778416758099
KFJ020	RKF113	8.299100399999999	8.299100399999999	1	0	0	0	0	0	0	0.6489601856405988	0.8159484443771834
RKF116	RKF104	8.2974076	8.2974076	1	0	0	0	0	0	0	0.8661294187380979	0.8757141235670236
RKF116	RKF192	8.2974076	8.2974076	1	0	0	0	0	0	0	0.8661294187380979	0.8982507913687211
KFJ008	RKC020	8.290601	8.290601	1	0	0	0	0	0	0	0.6727327759070788	0.9128674662328328
RKF017	KFJ032	8.287501	8.287501	1	0	0	0	0	0	0	0.7524245519781065	0.8813388319271562
KFJ050	RKF189	8.280598999999999	8.280598999999999	1	0	0	0	0	0	0	0.7974600532203348	0.8849709305991702
RKF189	KFJ047	8.280598999999999	8.280598999999999	1	0	0	0	0	0	0	0.8849709305991702	0.906032058315362
KFJ008	KUP027	8.277099999999999	8.277099999999999	1	0	0	0	0	0	0	0.6727327759070788	0.8822216336877152
KFJ032	KFJ036	8.276987	8.276987	1	0	0	0	0	0	0	0.8813388319271562	0.8957537235317115
KUP022	RKF046	8.270800000000001	8.270800000000001	1	0	0	0	0	0	0	0.7754152321138058	0.911997275925996
RKF195	RKF143	8.2700014	8.2700014	1	0	0	0	0	0	0	0.8762816389845257	0.8982886257298879
RKF018	RKC028	8.2687005	8.2687005	1	0	0	0	0	0	0	0.8558636954081696	0.9073184265950336
RKF163	KFJ007	8.265501	8.265501	1	0	0	0	0	0	0	0.6917886824814297	0.8694336196133329
HNJ026	KFJ038	8.2652986	8.2652986	1	0	0	0	0	0	0	0.8908730909411928	0.8908226451263037
RKF089	KUP027	8.265102	8.265102	1	0	0	0	0	0	0	0.8822468565951598	0.8822216336877152
KFJ053	RKF188	8.260101	8.260101	1	0	0	0	0	0	0	0.8915036636273063	0.9193497534460796
RKF207	RKF046	8.259701999999999	8.259701999999999	1	0	0	0	0	0	0	0.7671925642868853	0.911997275925996
RKF190	RKF213	8.258599	8.258599	1	0	0	0	0	0	0	0.6623535494936501	0.8949970363083752
RKC047	KFJ022	8.257899	8.257899	1	0	0	0	0	0	0	0.8680463597038831	0.9113036459712712
RKC030	RKF191	8.2578	8.2578	1	0	0	0	0	0	0	0.7986707527776726	0.8717793500056752
RKF036	RKC012	8.257198	8.257198	1	0	0	0	0	0	0	0.7646450506349867	0.8967500283757709
RKF191	RKC042	8.255797600000001	8.255797600000001	1	0	0	0	0	0	0	0.8717793500056752	0.9127161287881654
RKF191	RKC002	8.255797600000001	8.255797600000001	1	0	0	0	0	0	0	0.8717793500056752	0.9120729446483296
RKC007	RKF029	8.252597	8.252597	1	0	0	0	0	0	0	0.8689669958256088	0.88162889536276845
KFJ005	RKF044	8.252299	8.252299	1	0	0	0	0	0	0	0.7998562294275661	0.8493814081949226
RKF201	RKF003	8.252200499999999	8.252200499999999	1	0	0	0	0	0	0	0.7008815406151867	0.81616283909046194
KFJ039	KFJ025	8.2513005	8.2513005	1	0	0	0	0	0	0	0.7446432850314656	0.9016054380588452
RKF231	RKF195	8.2462	8.2462	1	0	0	0	0	0	0	0.7193447088645908	0.8762816389845257
RKF044	KFJ025	8.245301	8.245301	1	0	0	0	0	0	0	0.8493814081949226	0.9016054380588452
RKF042	HNJ026	8.2443	8.2443	1	0	0	0	0	0	0	0.8349412936829228	0.8908730909411928
RKF118	HNJ026	8.243203000000001	8.243203000000001	1	0	0	0	0	0	0	0.8588652213940701	0.8908730909411928
HNJ013	KFJ015	8.241102	8.241102	1	0	0	0	0	0	0	0.574439105595702	0.9219603243665896
KFJ024	RKF044	8.2403004	8.2403004	1	0	0	0	0	0	0	0.8118118875562786	0.8493814081949226
HNJ011	RKF098	8.2399994	8.2399994	1	0	0	0	0	0	0	0.678660159156546	0.8645529870228141
KFJ050	RKF044	8.239901	8.239901	1	0	0	0	0	0	0	0.7974600532203348	0.8493814081949226
RKF049	RKF181	8.2292974	8.2292974	1	0	0	0	0	0	0	0.6234976605753345	0.834298109543087
RKC021	RKF046	8.226797	8.226797	1	0	0	0	0	0	0	0.8912388230991386	0.911997275925996
RKF040	RKF237	8.225012	8.225012	1	0	0	0	0	0	0	0.6047065945291513	0.8981751226463874
RKF164	RKF179	8.224201	8.224201	1	0	0	0	0	0	0	0.7855926752676781	0.8119758364546681
RKF201	KFJ023	8.2234025	8.2234025	1	0	0	0	0	0	0	0.7008815406151867	0.8580328654484002
KFJ005	KFJ015	8.2207024	8.2207024	1	0	0	0	0	0	0	0.7998562294275661	0.9219603243665896
RKF062	RKF154	8.218402	8.218402	1	0	0	0	0	0	0	0.6632363512542091	0.7023192463395256
KUP003	RKF044	8.2169	8.2169	1	0	0	0	0	0	0	0.7313382013544701	0.8493814081949226
RKF044	RKC048	8.216798	8.216798	1	0	0	0	0	0	0	0.8493814081949226	0.8592687879131827
RKF007	KFJ015	8.214903	8.214903	1	0	0	0	0	0	0	0.6250362579294515	0.9219603243665896
KFJ039	RKF132	8.2135975	8.2135975	1	0	0	0	0	0	0	0.7446432850314656	0.9051997023696922
RKF043	RKF188	8.212601999999999	8.212601999999999	1	0	0	0	0	0	0	0.873683679517738	0.9193497534460796
RKF020	KFJ036	8.211905	8.211905	1	0	0	0	0	0	0	0.8534044619323269	0.8957537235317115
RKF211	RKF157	8.210701	8.210701	1	0	0	0	0	0	0	0.6366892411688295	0.921228860050698
KUP002	RKC022	8.2064986	8.2064986	1	0	0	0	0	0	0	0.869257059261221	0.8813640548346008
KFJ050	RKF028	8.2056046	8.2056046	1	0	0	0	0	0	0	0.7974600532203348	0.8328225694575814
KUP003	RKF196	8.2050085	8.2050085	1	0	0	0	0	0	0	0.7313382013544701	0.8742133605740734
RKF028	RKC021	8.201814	8.201814	1	0	0	0	0	0	0	0.8328225694575814	0.8912388230991386
RKF226	RKC012	8.199799	8.199799	1	0	0	0	0	0	0	0.8836341165046094	0.8967500283757709
RKF226	RKC014	8.199799	8.199799	1	0	0	0	0	0	0	0.8836341165046094	0.9027909147087384
HNJ014	RKC012	8.196199	8.196199	1	0	0	0	0	0	0	0.7933991651217636	0.8967500283757709
HNJ014	HNJ010	8.1900954	8.1900954	1	0	0	0	0	0	0	0.7933991651217636	0.8756258433909677
KUP003	RKF238	8.188701	8.188701	1	0	0	0	0	0	0	0.7313382013544701	0.8913144918214723
KUP010	RKF072	8.185792	8.185792	1	0	0	0	0	0	0	0.7572673502074584	0.8072969871237058
KFJ028	KFJ040	8.184898	8.184898	1	0	0	0	0	0	0	0.6515833680148311	0.8897002257450216
RKF052	RKF142	8.183503	8.183503	1	0	0	0	0	0	0	0.8246377359918278	0.8843655808205012
RKF032	RKF147	8.1828	8.1828	1	0	0	0	0	0	0	0.8903181869774129	0.8881237940297378
RKF049	RKC019	8.1827044	8.1827044	1	0	0	0	0	0	0	0.6234976605753345	0.751188629513324
RKF139	RKC016	8.182599999999999	8.182599999999999	1	0	0	0	0	0	0	0.8723973112380664	0.900899196650398
RKF040	RKC012	8.1808984	8.1808984	1	0	0	0	0	0	0	0.6047065945291513	0.8967500283757709
RKF154	RKF176	8.178002	8.178002	1	0	0	0	0	0	0	0.7023192463395256	0.7850377713038982
RKF144	RKF069	8.173102	8.173102	1	0	0	0	0	0	0	0.5732410174920863	0.8108155827122192
HNJ016	RKC016	8.171001	8.171001	1	0	0	0	0	0	0	0.5541598880102909	0.900899196650398
KFJ005	KFJ036	8.1619024	8.1619024	1	0	0	0	0	0	0	0.7998562294275661	0.8957537235317115
RKF139	RKC007	8.1586	8.1586	1	0	0	0	0	0	0	0.8723973112380664	0.8689669958256088
RKF163	KUP017	8.156096999999999	8.156096999999999	1	0	0	0	0	0	0	0.6917886824814297	0.8511470117160405
RKF062	RKF209	8.150701	8.150701	1	0	0	0	0	0	0	0.6632363512542091	0.8416758099706153
RKF163	RKF036	8.150297400000001	8.150297400000001	1	0	0	0	0	0	0	0.6917886824814297	0.7646450506349867
RKF163	RKF155	8.150297400000001	8.150297400000001	1	0	0	0	0	0	0	0.6917886824814297	0.8712748918567843
RKC024	RKF043	8.147907	8.147907	1	0	0	0	0	0	0	0.820501179170923	0.873683679517738
RKF179	RKC010	8.1471086	8.1471086	1	0	0	0	0	0	0	0.8119758364546681	0.901882890040735
RKF190	RKF015	8.1467	8.1467	1	0	0	0	0	0	0	0.6623535494936501	0.8858663438134514
RKF043	RKF135	8.141804	8.141804	1	0	0	0	0	0	0	0.873683679517738	0.8867491455740103
KFJ048	KUP027	8.1416965	8.1416965	1	0	0	0	0	0	0	0.8704929817260035	0.8822216336877152
RKC009	RKF150	8.1415	8.1415	1	0	0	0	0	0	0	0.8899776777269116	0.8876319473345693
HNJ013	HNJ014	8.14040899276733	8.14040899276733	1	0	0	0	0	0	0	0.574439105595702	0.7933991651217636
KFJ008	KFJ032	8.138895	8.138895	1	0	0	0	0	0	0	0.6727327759070788	0.8813388319271562
RKF064	RKF074	8.1388	8.1388	1	0	0	0	0	0	0	0.6012006103943601	0.8252304743167745
HNJ011	RKF135	8.136901	8.136901	1	0	0	0	0	0	0	0.678660159156546	0.8867491455740103
RKF049	RKF074	8.135301	8.135301	1	0	0	0	0	0	0	0.6234976605753345	0.8252304743167745
RKC036	RKF020	8.1336975	8.1336975	1	0	0	0	0	0	0	0.7723002030444049	0.8534044619323269
RKF074	RKF088	8.127403	8.127403	1	0	0	0	0	0	0	0.8252304743167745	0.8226829606648759
HNJ011	RKC015	8.124596	8.124596	1	0	0	0	0	0	0	0.678660159156546	0.7079944005145473
RKC022	RKC018	8.123201	8.123201	1	0	0	0	0	0	0	0.8813640548346008	0.9011262028173987
RKF173	KFJ032	8.120799	8.120799	1	0	0	0	0	0	0	0.8339071544776967	0.8813388319271562
RKF231	RKF052	8.118295999999999	8.118295999999999	1	0	0	0	0	0	0	0.7193447088645908	0.8246377359918278
HNJ016	RKF039	8.1166	8.1166	1	0	0	0	0	0	0	0.5541598880102909	0.7397122066260577
RKF121	RKF141	8.1164	8.1164	1	0	0	0	0	0	0	0.8931431526112015	0.8961572900508241
RKF176	KFJ052	8.1131995	8.1131995	1	0	0	0	0	0	0	0.7850377713038982	0.8787030380992017
RKF176	RKF055	8.1092	8.1092	1	0	0	0	0	0	0	0.7850377713038982	0.8272356954586155
HNJ011	KUP005	8.106803999999999	8.106803999999999	1	0	0	0	0	0	0	0.678660159156546	0.8391030734112721
RKF006	RKF002	8.105105	8.105105	1	0	0	0	0	0	0	0.8183824549455816	0.8210308602272584
RKF098	RKC049	8.1036985	8.1036985	1	0	0	0	0	0	0	0.8645529870228141	0.899272319120225
RKF044	KFJ045	8.10300111770629	8.10300111770629	1	0	0	0	0	0	0	0.8493814081949226	0.8985156318968888
RKC033	RKC023	8.101498999999999	8.101498999999999	1	0	0	0	0	0	0	0.5941381963098886	0.918340837148298
RKF062	KFJ052	8.098699	8.098699	1	0	0	0	0	0	0	0.6632363512542091	0.8787030380992017
RKF062	RKF167	8.091295	8.091295	1	0	0	0	0	0	0	0.6632363512542091	0.8551952883608893
KFJ020	KUP027	8.090401	8.090401	1	0	0	0	0	0	0	0.6489601856405988	0.8822216336877152
RKF063	KFJ007	8.088702	8.088702	1	0	0	0	0	0	0	0.8649061077270377	0.8694336196133329
KFJ024	RKF238	8.085799	8.085799	1	0	0	0	0	0	0	0.8118118875562786	0.8913144918214723
RKF190	RKF036	8.081698399999999	8.081698399999999	1	0	0	0	0	0	0	0.6623535494936501	0.7646450506349867
HNJ016	RKF011	8.078593000000001	8.078593000000001	1	0	0	0	0	0	0	0.5541598880102909	0.707653891264046
KFJ020	RKC018	8.077705	8.077705	1	0	0	0	0	0	0	0.6489601856405988	0.9011262028173987
RKF013	KFJ004	8.077	8.077	1	0	0	0	0	0	0	0.7564223828080663	0.8727756548497345
RKC022	RKC009	8.0733	8.0733	1	0	0	0	0	0	0	0.8813640548346008	0.8899776777269116
RKF164	KFJ030	8.073103399999999	8.073103399999999	1	0	0	0	0	0	0	0.7855926752676781	0.821383980931482
RKF164	KFJ025	8.073103399999999	8.073103399999999	1	0	0	0	0	0	0	0.7855926752676781	0.9016054380588452
KFJ030	HNJ015	8.072798	8.072798	1	0	0	0	0	0	0	0.821383980931482	0.8581715914393452
HNJ014	RKF089	8.071101	8.071101	1	0	0	0	0	0	0	0.7933991651217636	0.8822468565951598
RKF013	RKF055	8.065501	8.065501	1	0	0	0	0	0	0	0.7564223828080663	0.8272356954586155
RKF159	KFJ053	8.064997	8.064997	1	0	0	0	0	0	0	0.8820324618818811	0.8915036636273063
KFJ028	KFJ018	8.061701000000001	8.061701000000001	1	0	0	0	0	0	0	0.6515833680148311	0.9185804547690212
RKF098	KFJ025	8.060706	8.060706	1	0	0	0	0	0	0	0.8645529870228141	0.9016054380588452
HNJ013	RKC040	8.0605984	8.0605984	1	0	0	0	0	0	0	0.574439105595702	0.8808469852319877
RKF190	RKF105	8.059597	8.059597	1	0	0	0	0	0	0	0.6623535494936501	0.7379844374661068
RKF044	KFJ036	8.0579996	8.0579996	1	0	0	0	0	0	0	0.8493814081949226	0.8957537235317115
RKF177	RKC023	8.055698999999999	8.055698999999999	1	0	0	0	0	0	0	0.842684726268397	0.918340837148298
RKF164	RKF139	8.055401	8.055401	1	0	0	0	0	0	0	0.7855926752676781	0.8723973112380664
HNJ016	RKF157	8.0541015	8.0541015	1	0	0	0	0	0	0	0.5541598880102909	0.921228860050698
HNJ016	RKF031	8.0541015	8.0541015	1	0	0	0	0	0	0	0.5541598880102909	0.8852357711273379
KFJ032	KFJ047	8.053296999999999	8.053296999999999	1	0	0	0	0	0	0	0.8813388319271562	0.906032058315362
KUP002	KFJ032	8.051801	8.051801	1	0	0	0	0	0	0	0.869257059261221	0.8813388319271562
HNJ016	HNJ010	8.04880857467651	8.04880857467651	1	0	0	0	0	0	0	0.5541598880102909	0.8756258433909677
KFJ008	KFJ006	8.0455005	8.0455005	1	0	0	0	0	0	0	0.6727327759070788	0.9008865851966756
RKF061	RKF118	8.042490500000001	8.042490500000001	1	0	0	0	0	0	0	0.7619840338995876	0.8588652213940701
RKF034	RKF121	8.041203	8.041203	1	0	0	0	0	0	0	0.8514370751516527	0.8931431526112015
RKF121	RKF213	8.041203	8.041203	1	0	0	0	0	0	0	0.8931431526112015	0.8949970363083752
RKF029	RKF121	8.041203	8.041203	1	0	0	0	0	0	0	0.88162889536276845	0.8931431526112015
RKF121	RKF157	8.041203	8.041203	1	0	0	0	0	0	0	0.8931431526112015	0.921228860050698
KFJ020	KFJ009	8.036995	8.036995	1	0	0	0	0	0	0	0.6489601856405988	0.722384069211658
RKF104	RKF160	8.034098	8.034098	1	0	0	0	0	0	0	0.8757141235670236	0.8971157605337167
KFJ020	RKF006	8.029902	8.029902	1	0	0	0	0	0	0	0.6489601856405988	0.8183824549455816
RKF147	KFJ045	8.028792999999999	8.028792999999999	1	0	0	0	0	0	0	0.8881237940297378	0.8985156318968888
RKF064	KFJ045	8.027303	8.027303	1	0	0	0	0	0	0	0.6012006103943601	0.8985156318968888
RKF007	RKF173	8.026701	8.026701	1	0	0	0	0	0	0	0.6250362579294515	0.8339071544776967
RKF211	KUP003	8.026695	8.026695	1	0	0	0	0	0	0	0.6366892411688295	0.7313382013544701
RKC019	KFJ040	8.0253005	8.0253005	1	0	0	0	0	0	0	0.751188629513324	0.8897002257450216
RKF211	HNJ012	8.024198	8.024198	1	0	0	0	0	0	0	0.6366892411688295	0.7849116567666755
HNJ012	RKF055	8.0231	8.0231	1	0	0	0	0	0	0	0.7849116567666755	0.8272356954586155
KFJ030	KFJ038	8.021402	8.021402	1	0	0	0	0	0	0	0.821383980931482	0.8908226451263037
RKF039	RKC045	8.021295	8.021295	1	0	0	0	0	0	0	0.7397122066260577	0.9039511684511874
KUP005	RKC046	8.020702	8.020702	1	0	0	0	0	0	0	0.8391030734112721	0.8943034063536504
RKC019	KUP004	8.020204	8.020204	1	0	0	0	0	0	0	0.751188629513324	0.8794218909613711
RKF164	KFJ043	8.0196	8.0196	1	0	0	0	0	0	0	0.7855926752676781	0.8834575561524977
RKF185	KFJ045	8.019304	8.019304	1	0	0	0	0	0	0	0.8066664144375922	0.8985156318968888
RKF120	RKF134	8.0157995	8.0157995	1	0	0	0	0	0	0	0.8093778769878804	0.9152258080788972
HNJ016	KFJ052	8.012402	8.012402	1	0	0	0	0	0	0	0.5541598880102909	0.8787030380992017
RKF010	KFJ047	8.0109	8.0109	1	0	0	0	0	0	0	0.821850604719206	0.906032058315362
RKF049	RKC015	8.01	8.01	1	0	0	0	0	0	0	0.6234976605753345	0.7079944005145473
RKF138	RKC021	8.008899999999999	8.008899999999999	1	0	0	0	0	0	0	0.8750204936122987	0.8912388230991386
HNJ015	RKC016	8.0072016	8.0072016	1	0	0	0	0	0	0	0.8581715914393452	0.900899196650398
RKC052	RKF129	8.0064	8.0064	1	0	0	0	0	0	0	0.8967121940146041	0.8947195843264854
KFJ008	RKC036	8.005905	8.005905	1	0	0	0	0	0	0	0.6727327759070788	0.7723002030444049
